alpha_gravity,alpha_velocity,ate_rmse_m,audit,baseline_support,conditional_ate_rmse_m,coverage,estimated_rows,exit_code,gt_coverage,historical_reuse,initialization_delta_s,mode,nis_rejection_fraction_of_tested,off_ate,output_dir,phase,position_error_max_m,position_error_p95_m,reason,relative_off_ate_percent,relative_v16_ate_percent,relative_v25_ate_percent,run_id,samples,sequence,status,svd_horn_difference_m,tail_position_rmse_m,threading,v16_ate,v25_ate,velocity_reason_counts
0,36,0.1827373594945218,"{'errors': [], 'actual_G': 0, 'actual_V': 2344, 'actual_L': 0, 'output_rows': 2784, 'camera_packets': 3682}",2762,0.1827373594945218,1.0,2784,0,0.9920977011494253,False,0.0,V,0.0,0.18542469263686487,/home/he/output/ltv_v36_v49_20261009T155302/w0/results/w0_full_MH_01_easy_V_G0_V36_20261009T155529_16796f3c,full,0.48742638993967546,0.4066572006845706,,-1.4492854776391284,0.3261618682901979,-0.13145802417904306,w0_full_MH_01_easy_V_G0_V36_20261009T155529_16796f3c,2762,MH_01_easy,VALID_FULL_MATCHED,2.220446049250313e-16,0.23637332685978385,"{'requested_opencv_threads': 1, 'actual_opencv_threads': 1}",0.18214327757741033,0.1829778986247382,"{'disabled': 898, 'warmup_or_core_invalid': 35, 'not_ready_V': 405, 'accepted': 2344}"
0,49,0.18274596814288008,"{'errors': [], 'actual_G': 0, 'actual_V': 2344, 'actual_L': 0, 'output_rows': 2784, 'camera_packets': 3682}",2762,0.18274596814288008,1.0,2784,0,0.9920977011494253,False,0.0,V,0.0,0.18542469263686487,/home/he/output/ltv_v36_v49_20261009T155302/w7/results/w7_full_MH_01_easy_V_G0_V49_20261009T155529_5b682bda,full,0.4899674930879077,0.40829881329839357,,-1.4446428120718502,0.3308881741263203,-0.12675327654395607,w7_full_MH_01_easy_V_G0_V49_20261009T155529_5b682bda,2762,MH_01_easy,VALID_FULL_MATCHED,5.551115123125783e-16,0.23465978741190321,"{'requested_opencv_threads': 1, 'actual_opencv_threads': 1}",0.18214327757741033,0.1829778986247382,"{'disabled': 898, 'warmup_or_core_invalid': 35, 'not_ready_V': 405, 'accepted': 2344}"
0,36,0.08870147853127729,"{'errors': [], 'actual_G': 0, 'actual_V': 1478, 'actual_L': 0, 'output_rows': 2259, 'camera_packets': 3040}",2236,0.08870147853127729,1.0,2259,0,0.9898185037627268,False,0.0,V,0.0,0.0971297294918716,/home/he/output/ltv_v36_v49_20261009T155302/w1/results/w1_full_MH_02_easy_V_G0_V36_20261009T155529_ef6e5cae,full,0.23933464293257764,0.14718540399189906,,-8.677313325885084,-4.351755909452571,-2.303208246398003,w1_full_MH_02_easy_V_G0_V36_20261009T155529_ef6e5cae,2236,MH_02_easy,VALID_FULL_MATCHED,1.3877787807814457e-17,0.14394488344612905,"{'requested_opencv_threads': 1, 'actual_opencv_threads': 1}",0.09273717398022086,0.09079262168095396,"{'disabled': 781, 'warmup_or_core_invalid': 41, 'not_ready_V': 740, 'accepted': 1478}"
0,49,0.08654474719112928,"{'errors': [], 'actual_G': 0, 'actual_V': 1478, 'actual_L': 0, 'output_rows': 2259, 'camera_packets': 3040}",2236,0.08654474719112928,1.0,2259,0,0.9898185037627268,False,0.0,V,0.0,0.0971297294918716,/home/he/output/ltv_v36_v49_20261009T155302/w4/results/w4_full_MH_02_easy_V_G0_V49_20261009T155611_79330ec4,full,0.21851318939196956,0.14329088585413016,,-10.897778008975234,-6.677394321302376,-4.678656052858288,w4_full_MH_02_easy_V_G0_V49_20261009T155611_79330ec4,2236,MH_02_easy,VALID_FULL_MATCHED,1.942890293094024e-16,0.13692097998443917,"{'requested_opencv_threads': 1, 'actual_opencv_threads': 1}",0.09273717398022086,0.09079262168095396,"{'disabled': 781, 'warmup_or_core_invalid': 41, 'not_ready_V': 740, 'accepted': 1478}"
0,36,0.13814262501472188,"{'errors': [], 'actual_G': 0, 'actual_V': 1929, 'actual_L': 0, 'output_rows': 2311, 'camera_packets': 2700}",2289,0.13814262501472188,1.0,2311,0,0.9904803115534401,False,0.0,V,0.0,0.14928164624251655,/home/he/output/ltv_v36_v49_20261009T155302/w2/results/w2_full_MH_03_medium_V_G0_V36_20261009T155529_9ea6b195,full,0.2784467072778138,0.24120241800053815,,-7.4617486530786925,-3.0250558859971632,-1.8677425752980814,w2_full_MH_03_medium_V_G0_V36_20261009T155529_9ea6b195,2289,MH_03_medium,VALID_FULL_MATCHED,4.440892098500626e-16,0.07455961371745146,"{'requested_opencv_threads': 1, 'actual_opencv_threads': 1}",0.14245187380806604,0.14077188137725294,"{'disabled': 389, 'warmup_or_core_invalid': 111, 'not_ready_V': 271, 'accepted': 1929}"
0,49,0.13636039586578627,"{'errors': [], 'actual_G': 0, 'actual_V': 1929, 'actual_L': 0, 'output_rows': 2311, 'camera_packets': 2700}",2289,0.13636039586578627,1.0,2311,0,0.9904803115534401,False,0.0,V,0.0,0.14928164624251655,/home/he/output/ltv_v36_v49_20261009T155302/w5/results/w5_full_MH_03_medium_V_G0_V49_20261009T155618_6e039f62,full,0.27609971958232826,0.24016885004672806,,-8.655618893523565,-4.27616554239727,-3.1337831591838894,w5_full_MH_03_medium_V_G0_V49_20261009T155618_6e039f62,2289,MH_03_medium,VALID_FULL_MATCHED,3.0531133177191805e-16,0.0725559070728224,"{'requested_opencv_threads': 1, 'actual_opencv_threads': 1}",0.14245187380806604,0.14077188137725294,"{'disabled': 389, 'warmup_or_core_invalid': 111, 'not_ready_V': 271, 'accepted': 1929}"
0,36,0.2584555049651661,"{'errors': [], 'actual_G': 0, 'actual_V': 1578, 'actual_L': 0, 'output_rows': 1849, 'camera_packets': 2273}",1826,0.2584555049651661,1.0,1849,0,0.9875608436992969,False,0.0,V,0.0,0.2762423776506412,/home/he/output/ltv_v36_v49_20261009T155302/w2/results/w2_representative_MH_05_difficult_V_G0_V36_20261009T155417_5e540b16,representative,0.5812730346916432,0.46725287046555125,,-6.438864607504147,-3.42733611772702,-2.34320743735551,w2_representative_MH_05_difficult_V_G0_V36_20261009T155417_5e540b16,1826,MH_05_difficult,VALID_FULL_MATCHED,4.440892098500626e-16,0.4465201572693556,"{'requested_opencv_threads': 1, 'actual_opencv_threads': 1}",0.2676280166406475,0.2646569666921767,"{'disabled': 424, 'warmup_or_core_invalid': 98, 'not_ready_V': 168, 'accepted': 1578, 'time_or_token': 5}"
0,49,0.2523695711069597,"{'errors': [], 'actual_G': 0, 'actual_V': 1578, 'actual_L': 0, 'output_rows': 1849, 'camera_packets': 2273}",1826,0.2523695711069597,1.0,1849,0,0.9875608436992969,False,0.0,V,0.0,0.2762423776506412,/home/he/output/ltv_v36_v49_20261009T155302/w5/results/w5_representative_MH_05_difficult_V_G0_V49_20261009T155417_647f75de,representative,0.5697529015795182,0.4537692324242941,,-8.641978376638871,-5.701363304640794,-4.642762946614032,w5_representative_MH_05_difficult_V_G0_V49_20261009T155417_647f75de,1826,MH_05_difficult,VALID_FULL_MATCHED,4.996003610813204e-16,0.4357075588537422,"{'requested_opencv_threads': 1, 'actual_opencv_threads': 1}",0.2676280166406475,0.2646569666921767,"{'disabled': 424, 'warmup_or_core_invalid': 98, 'not_ready_V': 168, 'accepted': 1578, 'time_or_token': 5}"
0,36,0.06429521593594381,"{'errors': [], 'actual_G': 0, 'actual_V': 2407, 'actual_L': 0, 'output_rows': 2800, 'camera_packets': 2912}",2780,0.06429521593594381,1.0,2800,0,0.9928571428571429,False,0.0,V,0.0,0.06424283441468073,/home/he/output/ltv_v36_v49_20261009T155302/w3/results/w3_full_V1_01_easy_V_G0_V36_20261009T155529_ef9bc646,full,0.13055418167374272,0.10422224924328383,,0.0815367530718758,0.05313687162704639,0.021194042888761366,w3_full_V1_01_easy_V_G0_V36_20261009T155529_ef9bc646,2780,V1_01_easy,VALID_FULL_MATCHED,2.7755575615628914e-17,0.07745115864836194,"{'requested_opencv_threads': 1, 'actual_opencv_threads': 1}",0.06426106961387691,0.0642815920677514,"{'disabled': 112, 'warmup_or_core_invalid': 22, 'not_ready_V': 371, 'accepted': 2407}"
0,49,0.06431099508346562,"{'errors': [], 'actual_G': 0, 'actual_V': 2407, 'actual_L': 0, 'output_rows': 2800, 'camera_packets': 2912}",2780,0.06431099508346562,1.0,2800,0,0.9928571428571429,False,0.0,V,0.0,0.06424283441468073,/home/he/output/ltv_v36_v49_20261009T155302/w3/results/w3_full_V1_01_easy_V_G0_V49_20261009T155650_f06dbe85,full,0.13068227676763813,0.10424056176735416,,0.10609847682765405,0.07769162556536813,0.04574095750962126,w3_full_V1_01_easy_V_G0_V49_20261009T155650_f06dbe85,2780,V1_01_easy,VALID_FULL_MATCHED,1.942890293094024e-16,0.07724633695984522,"{'requested_opencv_threads': 1, 'actual_opencv_threads': 1}",0.06426106961387691,0.0642815920677514,"{'disabled': 112, 'warmup_or_core_invalid': 22, 'not_ready_V': 371, 'accepted': 2407}"
0,36,0.06827207669239509,"{'errors': [], 'actual_G': 0, 'actual_V': 932, 'actual_L': 0, 'output_rows': 1611, 'camera_packets': 1710}",1592,0.06827207669239509,1.0,1611,0,0.9882060831781502,False,0.0,V,0.0,0.06818795827882117,/home/he/output/ltv_v36_v49_20261009T155302/w4/results/w4_full_V1_02_medium_V_G0_V36_20261009T155529_8e105d96,full,0.1276702533930627,0.10814562877286814,,0.12336256385614419,0.06995639663143205,0.0389257734011661,w4_full_V1_02_medium_V_G0_V36_20261009T155529_8e105d96,1592,V1_02_medium,VALID_FULL_MATCHED,8.326672684688674e-17,0.08938961818620825,"{'requested_opencv_threads': 1, 'actual_opencv_threads': 1}",0.06822434939593246,0.06824551159919352,"{'disabled': 99, 'warmup_or_core_invalid': 129, 'not_ready_V': 550, 'accepted': 932}"
0,49,0.06830427600430386,"{'errors': [], 'actual_G': 0, 'actual_V': 932, 'actual_L': 0, 'output_rows': 1611, 'camera_packets': 1710}",1592,0.06830427600430386,1.0,1611,0,0.9882060831781502,False,0.0,V,0.0,0.06818795827882117,/home/he/output/ltv_v36_v49_20261009T155302/w2/results/w2_full_V1_02_medium_V_G0_V49_20261009T155658_39f1c065,full,0.12783217709613398,0.10827303719680444,,0.17058396881024507,0.11715261351568085,0.08610735524332558,w2_full_V1_02_medium_V_G0_V49_20261009T155658_39f1c065,1592,V1_02_medium,VALID_FULL_MATCHED,1.5265566588595902e-16,0.08950260556784845,"{'requested_opencv_threads': 1, 'actual_opencv_threads': 1}",0.06822434939593246,0.06824551159919352,"{'disabled': 99, 'warmup_or_core_invalid': 129, 'not_ready_V': 550, 'accepted': 932}"
0,36,0.0418874225865188,"{'errors': [], 'actual_G': 0, 'actual_V': 931, 'actual_L': 0, 'output_rows': 2005, 'camera_packets': 2149}",1986,0.0418874225865188,1.0,2005,0,0.9905236907730673,False,0.0,V,0.0,0.04189056911007756,/home/he/output/ltv_v36_v49_20261009T155302/w5/results/w5_full_V1_03_difficult_V_G0_V36_20261009T155529_11ed57d9,full,0.08982024614216412,0.07299246238961943,,-0.007511293414264042,-0.0029669570294044156,-0.001833913272619725,w5_full_V1_03_difficult_V_G0_V36_20261009T155529_11ed57d9,1986,V1_03_difficult,VALID_FULL_MATCHED,9.020562075079397e-17,0.04618040000203889,"{'requested_opencv_threads': 1, 'actual_opencv_threads': 1}",0.04188866540522156,0.04188819077960917,"{'disabled': 144, 'warmup_or_core_invalid': 516, 'not_ready_V': 558, 'accepted': 931}"
0,49,0.04188650606496605,"{'errors': [], 'actual_G': 0, 'actual_V': 931, 'actual_L': 0, 'output_rows': 2005, 'camera_packets': 2149}",1986,0.04188650606496605,1.0,2005,0,0.9905236907730673,False,0.0,V,0.0,0.04189056911007756,/home/he/output/ltv_v36_v49_20261009T155302/w1/results/w1_full_V1_03_difficult_V_G0_V49_20261009T155705_4b4e8e34,full,0.0899360787500267,0.07305125160896,,-0.009699188141454318,-0.005154951189356716,-0.004021932224240743,w1_full_V1_03_difficult_V_G0_V49_20261009T155705_4b4e8e34,1986,V1_03_difficult,VALID_FULL_MATCHED,2.7755575615628914e-17,0.04612185721560801,"{'requested_opencv_threads': 1, 'actual_opencv_threads': 1}",0.04188866540522156,0.04188819077960917,"{'disabled': 144, 'warmup_or_core_invalid': 516, 'not_ready_V': 558, 'accepted': 931}"
0,36,0.17434442345399503,"{'errors': [], 'actual_G': 0, 'actual_V': 1563, 'actual_L': 0, 'output_rows': 2181, 'camera_packets': 2280}",2166,0.17434442345399503,1.0,2181,0,0.9931224209078404,False,0.0,V,0.0,0.1745806561417616,/home/he/output/ltv_v36_v49_20261009T155302/w6/results/w6_full_V2_01_easy_V_G0_V36_20261009T155529_dfe86fa9,full,0.7905954795785034,0.29347056807746114,,-0.13531435440060635,-0.07492078103227273,-0.04108592816253198,w6_full_V2_01_easy_V_G0_V36_20261009T155529_dfe86fa9,2166,V2_01_easy,VALID_FULL_MATCHED,1.1102230246251565e-16,0.2220066633399644,"{'requested_opencv_threads': 1, 'actual_opencv_threads': 1}",0.17447514159278352,0.17441608392093869,"{'disabled': 99, 'warmup_or_core_invalid': 177, 'not_ready_V': 441, 'accepted': 1563}"
0,49,0.17425784513079784,"{'errors': [], 'actual_G': 0, 'actual_V': 1563, 'actual_L': 0, 'output_rows': 2181, 'camera_packets': 2280}",2166,0.17425784513079784,1.0,2181,0,0.9931224209078404,False,0.0,V,0.0,0.1745806561417616,/home/he/output/ltv_v36_v49_20261009T155302/w6/results/w6_full_V2_01_easy_V_G0_V49_20261009T155707_7d72eb06,full,0.7902903827759188,0.29326215486554774,,-0.18490651719262896,-0.12454293488572965,-0.09072488418704339,w6_full_V2_01_easy_V_G0_V49_20261009T155707_7d72eb06,2166,V2_01_easy,VALID_FULL_MATCHED,1.27675647831893e-15,0.22188888259126477,"{'requested_opencv_threads': 1, 'actual_opencv_threads': 1}",0.17447514159278352,0.17441608392093869,"{'disabled': 99, 'warmup_or_core_invalid': 177, 'not_ready_V': 441, 'accepted': 1563}"
0,36,0.052214290203226564,"{'errors': [], 'actual_G': 0, 'actual_V': 1571, 'actual_L': 0, 'output_rows': 2266, 'camera_packets': 2348}",2252,0.052214290203226564,1.0,2266,0,0.9938217122683142,False,0.0,V,0.0,0.05197520957067538,/home/he/output/ltv_v36_v49_20261009T155302/w0/results/w0_representative_V2_02_medium_V_G0_V36_20261009T155417_a60de6c5,representative,0.1316862869498788,0.10921791016226638,,0.45998974227527967,0.4361875028142226,0.45928247755542273,w0_representative_V2_02_medium_V_G0_V36_20261009T155417_a60de6c5,2252,V2_02_medium,VALID_FULL_MATCHED,1.1796119636642288e-16,0.10415734944233647,"{'requested_opencv_threads': 1, 'actual_opencv_threads': 1}",0.05198752710696383,0.051975575492381465,"{'disabled': 82, 'warmup_or_core_invalid': 140, 'not_ready_V': 555, 'accepted': 1571}"
0,49,0.0521976260430566,"{'errors': [], 'actual_G': 0, 'actual_V': 1571, 'actual_L': 0, 'output_rows': 2266, 'camera_packets': 2348}",2252,0.0521976260430566,1.0,2266,0,0.9938217122683142,False,0.0,V,0.0,0.05197520957067538,/home/he/output/ltv_v36_v49_20261009T155302/w3/results/w3_representative_V2_02_medium_V_G0_V49_20261009T155417_081b633e,representative,0.1316611206145526,0.10927954214618185,,0.4279279953239401,0.40413335233369096,0.42722095632723445,w3_representative_V2_02_medium_V_G0_V49_20261009T155417_081b633e,2252,V2_02_medium,VALID_FULL_MATCHED,9.853229343548264e-16,0.10409807989648895,"{'requested_opencv_threads': 1, 'actual_opencv_threads': 1}",0.05198752710696383,0.051975575492381465,"{'disabled': 82, 'warmup_or_core_invalid': 140, 'not_ready_V': 555, 'accepted': 1571}"
0,36,0.20714857808747594,"{'errors': [], 'actual_G': 0, 'actual_V': 637, 'actual_L': 0, 'output_rows': 1806, 'camera_packets': 1921}",1799,0.20714857808747594,1.0,1806,0,0.9961240310077519,False,0.0,V,0.0,0.20742761529144602,/home/he/output/ltv_v36_v49_20261009T155302/w1/results/w1_representative_V2_03_difficult_V_G0_V36_20261009T155417_b4ff6008,representative,0.43193112510696063,0.3874980722910716,,-0.13452268810881796,-0.03438795786958604,-0.028511147274201676,w1_representative_V2_03_difficult_V_G0_V36_20261009T155417_b4ff6008,1799,V2_03_difficult,VALID_FULL_MATCHED,3.0531133177191805e-16,0.20214107125189085,"{'requested_opencv_threads': 1, 'actual_opencv_threads': 1}",0.20721983675763758,0.20720765536726113,"{'disabled': 115, 'warmup_or_core_invalid': 725, 'not_ready_V': 444, 'accepted': 637}"
0,49,0.2071323333404949,"{'errors': [], 'actual_G': 0, 'actual_V': 637, 'actual_L': 0, 'output_rows': 1806, 'camera_packets': 1921}",1799,0.2071323333404949,1.0,1806,0,0.9961240310077519,False,0.0,V,0.0,0.20742761529144602,/home/he/output/ltv_v36_v49_20261009T155302/w4/results/w4_representative_V2_03_difficult_V_G0_V49_20261009T155417_b249a344,representative,0.43163715195186947,0.38727283553600816,,-0.142354213799456,-0.042227336200928445,-0.03635098646944668,w4_representative_V2_03_difficult_V_G0_V49_20261009T155417_b249a344,1799,V2_03_difficult,VALID_FULL_MATCHED,5.551115123125783e-16,0.20204589320672087,"{'requested_opencv_threads': 1, 'actual_opencv_threads': 1}",0.20721983675763758,0.20720765536726113,"{'disabled': 115, 'warmup_or_core_invalid': 725, 'not_ready_V': 444, 'accepted': 637}"
