sequence,mode,ATE_m,rotation_RMSE_deg,velocity_RMSE_mps,coverage,sensor_coverage,runtime_s,localization_status,G_updates,V_updates,visual_update_events,shadow_native_max_relative,G_nis,V_nis,G_residual,V_residual,G_gain_norm,V_gain_norm,G_update_norm,V_update_norm
V1_01_easy,B,0.06424283441468073,5.354733713088441,0.02539450242786194,1.0,1.0,36.40077684004791,VALID,0,0,2497,9.687817605871186e-16,,,,,,,,
V1_01_easy,P,0.06424283441468073,5.354733713088441,0.02539450242786194,1.0,1.0,64.67263432103209,VALID,0,0,2497,9.687817605871186e-16,-1.0,-1.0,0.0,0.0,0.0,0.0,0.0,0.0
V1_01_easy,G,0.06425080433766465,5.354779514989555,0.02539466719280885,1.0,1.0,67.311700461898,VALID,2757,0,2497,9.687817605871186e-16,0.046891810324246025,-1.0,0.03779457527446161,0.0,0.0006234746027835921,0.0,1.1203087667265441e-05,0.0
V1_01_easy,V,0.06439840741511403,5.354918605670655,0.025411585737267362,1.0,1.0,67.16622593789361,VALID,0,2781,2497,9.687817605871186e-16,-1.0,0.6633452548341987,0.0,0.8144677218494455,0.0,6.747604197560302e-05,0.0,3.695640872552322e-05
V1_01_easy,GV,0.0644064095529482,5.354962404248549,0.025411774733520482,1.0,1.0,67.5846438659355,VALID,2757,2781,2497,9.687817605871186e-16,0.04689193389197527,0.6633054670182956,0.037794625057257086,0.8144432919142152,0.0006234570029402131,6.746120964706137e-05,1.1202631741872646e-05,3.694819672360104e-05
V2_02_medium,B,0.05197520957067538,1.3639876647236366,0.04011864176311119,1.0,1.0,30.689943422796205,VALID,0,0,2173,4.1733931094328957e-16,,,,,,,,
V2_02_medium,P,0.05197520957067538,1.3639876647236366,0.04011864176311119,1.0,1.0,52.781910808058456,VALID,0,0,2173,4.1733931094328957e-16,-1.0,-1.0,0.0,0.0,0.0,0.0,0.0,0.0
V2_02_medium,G,0.051996949250356445,1.3639179420525702,0.04012342303749308,1.0,1.0,54.742236748104915,VALID,2183,0,2173,4.1733931094328957e-16,0.23228856591745317,-1.0,0.0841187172733372,0.0,0.0004225782152495204,0.0,2.1451593432755693e-05,0.0
V2_02_medium,V,0.051759580437544674,1.3596248512550777,0.04009986417580984,1.0,1.0,54.62158780684695,VALID,0,2207,2173,4.1733931094328957e-16,-1.0,2.3946117600044854,0.0,1.5474828514743872,0.0,0.00011464794568581305,0.0,0.00012199904828547608
V2_02_medium,GV,0.05178201608343899,1.3595591380952914,0.04010495462122917,1.0,1.0,54.655088094994426,VALID,2183,2207,2173,4.1733931094328957e-16,0.2322846931618913,2.3942106788272333,0.0841180122503531,1.5473496625909366,0.0004224849633506347,0.00011461673935134785,2.1445569489101095e-05,0.00012198032791169505
V2_03_difficult,B,0.20742761529144607,1.4360633525720778,0.06710461300057924,1.0,1.0,22.854767197044566,VALID,0,0,1698,2.0035117636379218e-15,,,,,,,,
V2_03_difficult,P,0.20742761529144607,1.4360633525720778,0.06710461300057924,1.0,1.0,44.46920908498578,VALID,0,0,1698,2.0035117636379218e-15,-1.0,-1.0,0.0,0.0,0.0,0.0,0.0,0.0
V2_03_difficult,G,0.20716230797474133,1.4338045643077972,0.06713666257200371,1.0,1.0,46.144915806129575,VALID,1380,0,1698,2.0035117636379218e-15,0.2413564432812803,-1.0,0.08574516269377176,0.0,0.0006846049471866647,0.0,3.317194293379591e-05,0.0
V2_03_difficult,V,0.209169851963584,1.4659402690719767,0.06716679039610332,1.0,1.0,45.878160757012665,VALID,0,1404,1699,2.0035117636379218e-15,-1.0,2.715189482895882,0.0,1.6478198013753644,0.0,0.0002106985363820488,0.0,0.00024343869041524725
V2_03_difficult,GV,0.20921699371009694,1.4667439798745636,0.06717796299185201,1.0,1.0,45.81245485600084,VALID,1380,1404,1699,2.0035117636379218e-15,0.2412468625302676,2.7143079799440413,0.08572606916679645,1.6475522640575102,0.000684440891936602,0.00021069512197731494,3.317247530270016e-05,0.00024340217003485424
indoor_forward_3,B,0.25951841930125696,1.4863566363776626,0.15437806894557662,1.0,1.0,30.202968447003514,VALID,0,0,1830,6.0902171220871535e-16,,,,,,,,
indoor_forward_3,P,0.25951841930125696,1.4863566363776626,0.15437806894557662,1.0,1.0,64.95331251504831,VALID,0,0,1830,6.0902171220871535e-16,-1.0,-1.0,0.0,0.0,0.0,0.0,0.0,0.0
indoor_forward_3,G,0.26149605231150447,1.5145264904668558,0.1568305396766792,1.0,1.0,66.80551160895266,VALID,2094,0,1830,6.0902171220871535e-16,7.082399091987068,-1.0,0.4644817888507219,0.0,0.006718074593975164,0.0,0.0005247990190244585,0.0
indoor_forward_3,V,0.25985608027961193,1.489032190998048,0.1542177489454882,1.0,1.0,67.13406238798052,VALID,0,1013,1830,6.0902171220871535e-16,-1.0,76.84343404562154,0.0,8.76825496141679,0.0,0.02353803561056741,0.0,0.011780714913759649
indoor_forward_3,GV,0.26152126146626775,1.5150175380400945,0.15654033618907387,1.0,1.0,66.51743698609062,VALID,2094,1013,1830,6.0902171220871535e-16,7.081507375929207,76.83682491732309,0.4644525475923744,8.767876632952573,0.006197535480025611,0.023534934723379117,0.0004996508675675183,0.011731332191466628
indoor_45_2,B,0.6700003318256638,3.224308214821806,0.2915976995126589,1.0,1.0,24.913227719953284,VALID,0,0,1565,1.731557120630968e-15,,,,,,,,
indoor_45_2,P,0.6700003318256638,3.224308214821806,0.2915976995126589,1.0,1.0,53.3165816841647,VALID,0,0,1565,1.731557120630968e-15,-1.0,-1.0,0.0,0.0,0.0,0.0,0.0,0.0
indoor_45_2,G,0.6703712836496947,3.2495416768248524,0.29328597191267536,1.0,1.0,54.57712817401625,VALID,1209,0,1565,1.731557120630968e-15,3.208840448607713,-1.0,0.31264686589527513,0.0,0.0019614926673957346,0.0,0.00014140117684201053,0.0
indoor_45_2,V,0.6698501226244085,3.1914868142188646,0.2903130027170865,1.0,1.0,54.47246571816504,VALID,0,575,1565,1.731557120630968e-15,-1.0,32.66810471799569,0.0,5.717018260443545,0.0,0.000635056386342835,0.0,0.0011549827424947102
indoor_45_2,GV,0.6701945741412751,3.216715456666223,0.2919954813096874,1.0,1.0,54.63511925493367,VALID,1209,575,1565,1.731557120630968e-15,3.208381425198159,32.67157113414003,0.3126245026064939,5.717251596732122,0.0019609434542502088,0.0006350963619400361,0.0001413704316711146,0.0011543859502002552
outdoor_forward_1,B,0.7702773999665817,1.7095335593710839,0.2506085603494779,1.0,1.0,28.29490243201144,VALID,0,0,1912,1.3669786657121123e-15,,,,,,,,
outdoor_forward_1,P,0.7702773999665817,1.7095335593710839,0.2506085603494779,1.0,1.0,62.16614802693948,VALID,0,0,1912,1.3669786657121123e-15,-1.0,-1.0,0.0,0.0,0.0,0.0,0.0,0.0
outdoor_forward_1,G,0.7638940902514965,1.7471710400332505,0.2548453473338643,1.0,1.0,64.0501601640135,VALID,2086,0,1912,1.3669786657121123e-15,4.161150737409807,-1.0,0.35603041419712256,0.0,0.010843590998265203,0.0,0.0025919573991596673,0.0
outdoor_forward_1,V,0.7662156147941357,1.7137448877718466,0.2542419050158084,1.0,1.0,63.922819063067436,VALID,0,1056,1912,1.3669786657121123e-15,-1.0,55.410324395084956,0.0,7.446191580069252,0.0,0.0012922128145947864,0.0,0.0025258242885194434
outdoor_forward_1,GV,0.7630956347669157,1.7583962511812123,0.2582622398079922,1.0,1.0,64.09212861699052,VALID,2086,1056,1912,1.3669786657121123e-15,4.156291634442679,55.354370676798766,0.35582311299141617,7.444240465679935,0.010821548926600469,0.0012858716668082656,0.0025837853695482756,0.0025246184894017164
indoor_forward_6,B,0.4126634706626433,2.3561032281997614,0.2988459840372263,1.0,1.0,23.646948071895167,VALID,0,0,1541,4.632833966037006e-16,,,,,,,,
indoor_forward_6,P,0.4126634706626433,2.3561032281997614,0.2988459840372263,1.0,1.0,50.16611462086439,VALID,0,0,1541,4.632833966037006e-16,-1.0,-1.0,0.0,0.0,0.0,0.0,0.0,0.0
indoor_forward_6,G,0.412363107463334,2.3510894871104724,0.2989355902041697,1.0,1.0,51.158906443975866,VALID,1162,0,1541,4.632833966037006e-16,5.238476227067731,-1.0,0.3994669633221498,0.0,0.002696118076828985,0.0,0.000463293184206872,0.0
indoor_forward_6,V,0.406550544400304,2.3263914913061208,0.29554227164071817,1.0,1.0,51.1053190769162,VALID,0,883,1542,4.632833966037006e-16,-1.0,115.86799387895805,0.0,10.765357806123314,0.0,0.0005020915084993147,0.0,0.0005092549366598064
indoor_forward_6,GV,0.41198719231118347,2.3424435819581766,0.29845313516774313,1.0,1.0,51.077838968951255,VALID,1162,883,1542,4.632833966037006e-16,5.239112937652604,115.87608806755678,0.3994912383534953,10.765733404573814,0.0026917992976015106,0.0005016622022190701,0.00046270469172482735,0.0005085863004939104
indoor_45_14,B,0.39736939670035787,1.7217193718347865,0.24496204433474736,1.0,1.0,22.225417278008536,VALID,0,0,1319,2.2555221936279157e-15,,,,,,,,
indoor_45_14,P,0.39736939670035787,1.7217193718347865,0.24496204433474736,1.0,1.0,45.443587257992476,VALID,0,0,1319,2.2555221936279157e-15,-1.0,-1.0,0.0,0.0,0.0,0.0,0.0,0.0
indoor_45_14,G,0.39728926451775454,1.7299167297954283,0.24546118389952865,1.0,1.0,46.386971549130976,VALID,819,0,1319,2.2555221936279157e-15,4.047385366066161,-1.0,0.3511176034236446,0.0,0.0036515354276412076,0.0,0.00024480895070887464,0.0
indoor_45_14,V,0.3974504788066878,1.7202828405124793,0.24494049234828058,1.0,1.0,46.5158871950116,VALID,0,651,1319,2.2555221936279157e-15,-1.0,39.499677090765424,0.0,6.28558354113379,0.0,0.004413914617420308,0.0,0.0003542833124207608
indoor_45_14,GV,0.39737579413916946,1.7285351806393072,0.24543952659391563,1.0,1.0,46.71709559089504,VALID,819,651,1319,2.2555221936279157e-15,4.047406294497092,39.49694727018067,0.35111851603858446,6.285366066863502,0.003650564392504833,0.004416169946411435,0.00024387669162783093,0.00035418600789789435
outdoor_forward_5,B,0.9067998237149992,1.5963574698687844,0.24653496015308957,1.0,1.0,29.29098512697965,VALID,0,0,1883,3.0711539457624415e-15,,,,,,,,
outdoor_forward_5,P,0.9067998237149992,1.5963574698687844,0.24653496015308957,1.0,1.0,64.060290731024,VALID,0,0,1883,3.0711539457624415e-15,-1.0,-1.0,0.0,0.0,0.0,0.0,0.0,0.0
outdoor_forward_5,G,0.8863973098931772,1.5623982828369534,0.24475818065109545,1.0,1.0,66.1701091970317,VALID,1893,0,1883,3.0711539457624415e-15,2.810741658089308,-1.0,0.2926122902262594,0.0,0.009964712391509653,0.0,0.0020502572733434176,0.0
outdoor_forward_5,V,0.9137366582873987,1.599429089178141,0.24788838454967957,1.0,1.0,66.05570341111161,VALID,0,1352,1884,3.0711539457624415e-15,-1.0,72.83329342449106,0.0,8.541819689246026,0.0,0.002156641047777546,0.0,0.00045393511881796424
outdoor_forward_5,GV,0.8925091754312103,1.564437680897518,0.24581786628758054,1.0,1.0,65.83523068297654,VALID,1893,1352,1884,3.0711539457624415e-15,2.8085225188468868,72.62574159423407,0.2924963728544897,8.529538633914742,0.010042762697488852,0.002179055299082505,0.00204581096964638,0.0004646479997542553
