actual_G,actual_L,actual_V,ate_rmse_m,baseline_support,conditional_ate_rmse_m,coverage,estimated_rows,initialization_delta_s,mode,output_dir,reason,run_id,samples,sequence,status,svd_horn_difference_m
0,0,0,0.18542469263686487,2762,0.18542469263686487,1.0,2784,0.0,OFF,/home/he/output/ltv_euroc_six_20261008T172854/task/results/six_full_MH_01_easy_OFF_20261008T174555_6dfbffba,,six_full_MH_01_easy_OFF_20261008T174555_6dfbffba,2762,MH_01_easy,VALID_FULL_MATCHED,2.7755575615628914e-16
2351,0,0,0.18543129333568317,2762,0.18543129333568317,1.0,2784,0.0,G,/home/he/output/ltv_euroc_six_20261008T172854/task/results/six_full_MH_01_easy_G_20261008T174620_4c1a5e93,,six_full_MH_01_easy_G_20261008T174620_4c1a5e93,2762,MH_01_easy,VALID_FULL_MATCHED,5.828670879282072e-16
0,0,2344,0.18540280638204792,2762,0.18540280638204792,1.0,2784,0.0,V,/home/he/output/ltv_euroc_six_20261008T172854/task/results/six_full_MH_01_easy_V_20261008T174805_660df816,,six_full_MH_01_easy_V_20261008T174805_660df816,2762,MH_01_easy,VALID_FULL_MATCHED,2.220446049250313e-16
2351,0,2344,0.18540837667162194,2762,0.18540837667162194,1.0,2784,0.0,GV,/home/he/output/ltv_euroc_six_20261008T172854/task/results/six_full_MH_01_easy_GV_20261008T174949_dfe7e885,,six_full_MH_01_easy_GV_20261008T174949_dfe7e885,2762,MH_01_easy,VALID_FULL_MATCHED,1.0269562977782698e-15
0,2344,0,0.18544342839658465,2762,0.18544342839658465,1.0,2784,0.0,L,/home/he/output/ltv_euroc_six_20261008T172854/task/results/six_full_MH_01_easy_L_20261008T175134_ff67e702,,six_full_MH_01_easy_L_20261008T175134_ff67e702,2762,MH_01_easy,VALID_FULL_MATCHED,1.942890293094024e-16
2351,2344,2344,0.1854279785862508,2762,0.1854279785862508,1.0,2784,0.0,L_GV,/home/he/output/ltv_euroc_six_20261008T172854/task/results/six_full_MH_01_easy_L_GV_20261008T175319_932c203a,,six_full_MH_01_easy_L_GV_20261008T175319_932c203a,2762,MH_01_easy,VALID_FULL_MATCHED,1.0547118733938987e-15
0,0,0,0.0971297294918716,2236,0.0971297294918716,1.0,2259,0.0,OFF,/home/he/output/ltv_euroc_six_20261008T172854/task/results/six_full_MH_02_easy_OFF_20261008T175505_12f37ff2,,six_full_MH_02_easy_OFF_20261008T175505_12f37ff2,2236,MH_02_easy,VALID_FULL_MATCHED,9.159339953157541e-16
1499,0,0,0.09707838420440011,2236,0.09707838420440011,1.0,2259,0.0,G,/home/he/output/ltv_euroc_six_20261008T172854/task/results/six_full_MH_02_easy_G_20261008T175526_9651e90d,,six_full_MH_02_easy_G_20261008T175526_9651e90d,2236,MH_02_easy,VALID_FULL_MATCHED,5.551115123125783e-17
0,0,1478,0.09681698274424538,2236,0.09681698274424538,1.0,2259,0.0,V,/home/he/output/ltv_euroc_six_20261008T172854/task/results/six_full_MH_02_easy_V_20261008T175651_1d30ff05,,six_full_MH_02_easy_V_20261008T175651_1d30ff05,2236,MH_02_easy,VALID_FULL_MATCHED,3.191891195797325e-16
1499,0,1478,0.09676577610571799,2236,0.09676577610571799,1.0,2259,0.0,GV,/home/he/output/ltv_euroc_six_20261008T172854/task/results/six_full_MH_02_easy_GV_20261008T175816_458a6ed3,,six_full_MH_02_easy_GV_20261008T175816_458a6ed3,2236,MH_02_easy,VALID_FULL_MATCHED,9.020562075079397e-16
0,1478,0,0.09683671898370125,2236,0.09683671898370125,1.0,2259,0.0,L,/home/he/output/ltv_euroc_six_20261008T172854/task/results/six_full_MH_02_easy_L_20261008T175940_4b145c2a,,six_full_MH_02_easy_L_20261008T175940_4b145c2a,2236,MH_02_easy,VALID_FULL_MATCHED,5.273559366969494e-16
1499,1478,1478,0.09647877290088086,2236,0.09647877290088086,1.0,2259,0.0,L_GV,/home/he/output/ltv_euroc_six_20261008T172854/task/results/six_full_MH_02_easy_L_GV_20261008T180106_b9ef9bb9,,six_full_MH_02_easy_L_GV_20261008T180106_b9ef9bb9,2236,MH_02_easy,VALID_FULL_MATCHED,1.3877787807814457e-16
0,0,0,0.14928164624251655,2289,0.14928164624251655,1.0,2311,0.0,OFF,/home/he/output/ltv_euroc_six_20261008T172854/task/results/six_full_MH_03_medium_OFF_20261008T180231_13fb09dc,,six_full_MH_03_medium_OFF_20261008T180231_13fb09dc,2289,MH_03_medium,VALID_FULL_MATCHED,5.828670879282072e-16
2078,0,0,0.14923274232316647,2289,0.14923274232316647,1.0,2311,0.0,G,/home/he/output/ltv_euroc_six_20261008T172854/task/results/six_full_MH_03_medium_G_20261008T180251_dcd9d300,,six_full_MH_03_medium_G_20261008T180251_dcd9d300,2289,MH_03_medium,VALID_FULL_MATCHED,2.7755575615628914e-17
0,0,1924,0.14901029150452402,2289,0.14901029150452402,1.0,2311,0.0,V,/home/he/output/ltv_euroc_six_20261008T172854/task/results/six_full_MH_03_medium_V_20261008T180409_1143ea77,,six_full_MH_03_medium_V_20261008T180409_1143ea77,2289,MH_03_medium,VALID_FULL_MATCHED,2.498001805406602e-16
2078,0,1924,0.1489613487074637,2289,0.1489613487074637,1.0,2311,0.0,GV,/home/he/output/ltv_euroc_six_20261008T172854/task/results/six_full_MH_03_medium_GV_20261008T180528_eddfa3fc,,six_full_MH_03_medium_GV_20261008T180528_eddfa3fc,2289,MH_03_medium,VALID_FULL_MATCHED,4.996003610813204e-16
0,1920,0,0.1492068922315105,2289,0.1492068922315105,1.0,2311,0.0,L,/home/he/output/ltv_euroc_six_20261008T172854/task/results/six_full_MH_03_medium_L_20261008T180646_34bd6100,,six_full_MH_03_medium_L_20261008T180646_34bd6100,2289,MH_03_medium,VALID_FULL_MATCHED,7.771561172376096e-16
2078,1920,1924,0.14888790999814136,2289,0.14888790999814136,1.0,2311,0.0,L_GV,/home/he/output/ltv_euroc_six_20261008T172854/task/results/six_full_MH_03_medium_L_GV_20261008T180805_467de74e,,six_full_MH_03_medium_L_GV_20261008T180805_467de74e,2289,MH_03_medium,VALID_FULL_MATCHED,2.7755575615628914e-17
0,0,0,12999.026971521165,1896,12999.026971521165,1.0,1919,0.0,OFF,/home/he/output/ltv_euroc_six_20261008T172854/task/results/six_full_MH_04_difficult_OFF_20261008T180924_572b7a8d,,six_full_MH_04_difficult_OFF_20261008T180924_572b7a8d,1896,MH_04_difficult,VALID_FULL_MATCHED,3.637978807091713e-11
0,0,0,12999.026971521165,1896,12999.026971521165,1.0,1919,0.0,G,/home/he/output/ltv_euroc_six_20261008T172854/task/results/six_full_MH_04_difficult_G_20261008T180937_a2240f4d,,six_full_MH_04_difficult_G_20261008T180937_a2240f4d,1896,MH_04_difficult,VALID_FULL_MATCHED,3.637978807091713e-11
0,0,0,12999.026971521165,1896,12999.026971521165,1.0,1919,0.0,V,/home/he/output/ltv_euroc_six_20261008T172854/task/results/six_full_MH_04_difficult_V_20261008T181023_788c0f3d,,six_full_MH_04_difficult_V_20261008T181023_788c0f3d,1896,MH_04_difficult,VALID_FULL_MATCHED,3.637978807091713e-11
0,0,0,12999.026971521165,1896,12999.026971521165,1.0,1919,0.0,GV,/home/he/output/ltv_euroc_six_20261008T172854/task/results/six_full_MH_04_difficult_GV_20261008T181110_b095c37b,,six_full_MH_04_difficult_GV_20261008T181110_b095c37b,1896,MH_04_difficult,VALID_FULL_MATCHED,3.637978807091713e-11
0,0,0,12999.026971521165,1896,12999.026971521165,1.0,1919,0.0,L,/home/he/output/ltv_euroc_six_20261008T172854/task/results/six_full_MH_04_difficult_L_20261008T181156_b0eaa9da,,six_full_MH_04_difficult_L_20261008T181156_b0eaa9da,1896,MH_04_difficult,VALID_FULL_MATCHED,3.637978807091713e-11
0,0,0,12999.026971521165,1896,12999.026971521165,1.0,1919,0.0,L_GV,/home/he/output/ltv_euroc_six_20261008T172854/task/results/six_full_MH_04_difficult_L_GV_20261008T181242_2cddca8e,,six_full_MH_04_difficult_L_GV_20261008T181242_2cddca8e,1896,MH_04_difficult,VALID_FULL_MATCHED,3.637978807091713e-11
0,0,0,0.2762423776506412,1826,0.2762423776506412,1.0,1849,0.0,OFF,/home/he/output/ltv_euroc_six_20261008T172854/task/results/six_full_MH_05_difficult_OFF_20261008T181329_1d4874e3,,six_full_MH_05_difficult_OFF_20261008T181329_1d4874e3,1826,MH_05_difficult,VALID_FULL_MATCHED,7.771561172376096e-16
1638,0,0,0.2762209201387293,1826,0.2762209201387293,1.0,1849,0.0,G,/home/he/output/ltv_euroc_six_20261008T172854/task/results/six_full_MH_05_difficult_G_20261008T181345_799626fa,,six_full_MH_05_difficult_G_20261008T181345_799626fa,1826,MH_05_difficult,VALID_FULL_MATCHED,0.0
0,0,1576,0.2757957431498765,1826,0.2757957431498765,1.0,1849,0.0,V,/home/he/output/ltv_euroc_six_20261008T172854/task/results/six_full_MH_05_difficult_V_20261008T181451_bfe23f6b,,six_full_MH_05_difficult_V_20261008T181451_bfe23f6b,1826,MH_05_difficult,VALID_FULL_MATCHED,1.1102230246251565e-16
1638,0,1576,0.2757726485643375,1826,0.2757726485643375,1.0,1849,0.0,GV,/home/he/output/ltv_euroc_six_20261008T172854/task/results/six_full_MH_05_difficult_GV_20261008T181556_072377d5,,six_full_MH_05_difficult_GV_20261008T181556_072377d5,1826,MH_05_difficult,VALID_FULL_MATCHED,8.881784197001252e-16
0,1575,0,0.27629036047823724,1826,0.27629036047823724,1.0,1849,0.0,L,/home/he/output/ltv_euroc_six_20261008T172854/task/results/six_full_MH_05_difficult_L_20261008T181702_3152e812,,six_full_MH_05_difficult_L_20261008T181702_3152e812,1826,MH_05_difficult,VALID_FULL_MATCHED,2.220446049250313e-16
1638,1575,1576,0.2758239551443753,1826,0.2758239551443753,1.0,1849,0.0,L_GV,/home/he/output/ltv_euroc_six_20261008T172854/task/results/six_full_MH_05_difficult_L_GV_20261008T181808_d4730faf,,six_full_MH_05_difficult_L_GV_20261008T181808_d4730faf,1826,MH_05_difficult,VALID_FULL_MATCHED,3.885780586188048e-16
0,0,0,0.06424283441468073,2780,0.06424283441468073,1.0,2800,0.0,OFF,/home/he/output/ltv_euroc_six_20261008T172854/task/results/six_full_V1_01_easy_OFF_20261008T181915_8eebaacc,,six_full_V1_01_easy_OFF_20261008T181915_8eebaacc,2780,V1_01_easy,VALID_FULL_MATCHED,1.249000902703301e-16
2426,0,0,0.06424086900111257,2780,0.06424086900111257,1.0,2800,0.0,G,/home/he/output/ltv_euroc_six_20261008T172854/task/results/six_full_V1_01_easy_G_20261008T181937_a5c14ab9,,six_full_V1_01_easy_G_20261008T181937_a5c14ab9,2780,V1_01_easy,VALID_FULL_MATCHED,2.7755575615628914e-17
0,0,2407,0.06424401868050458,2780,0.06424401868050458,1.0,2800,0.0,V,/home/he/output/ltv_euroc_six_20261008T172854/task/results/six_full_V1_01_easy_V_20261008T182047_784a0be1,,six_full_V1_01_easy_V_20261008T182047_784a0be1,2780,V1_01_easy,VALID_FULL_MATCHED,5.551115123125783e-17
2426,0,2407,0.06424216418777416,2780,0.06424216418777416,1.0,2800,0.0,GV,/home/he/output/ltv_euroc_six_20261008T172854/task/results/six_full_V1_01_easy_GV_20261008T182157_746f1720,,six_full_V1_01_easy_GV_20261008T182157_746f1720,2780,V1_01_easy,VALID_FULL_MATCHED,4.163336342344337e-17
0,2406,0,0.06423859757288816,2780,0.06423859757288816,1.0,2800,0.0,L,/home/he/output/ltv_euroc_six_20261008T172854/task/results/six_full_V1_01_easy_L_20261008T182308_7d8cc4a8,,six_full_V1_01_easy_L_20261008T182308_7d8cc4a8,2780,V1_01_easy,VALID_FULL_MATCHED,8.326672684688674e-17
2426,2406,2407,0.0642376756396044,2780,0.0642376756396044,1.0,2800,0.0,L_GV,/home/he/output/ltv_euroc_six_20261008T172854/task/results/six_full_V1_01_easy_L_GV_20261008T182419_4d92d338,,six_full_V1_01_easy_L_GV_20261008T182419_4d92d338,2780,V1_01_easy,VALID_FULL_MATCHED,6.938893903907228e-17
0,0,0,0.06818795827882117,1592,0.06818795827882117,1.0,1611,0.0,OFF,/home/he/output/ltv_euroc_six_20261008T172854/task/results/six_full_V1_02_medium_OFF_20261008T182530_d5d4e931,,six_full_V1_02_medium_OFF_20261008T182530_d5d4e931,1592,V1_02_medium,VALID_FULL_MATCHED,0.0
953,0,0,0.06819200832411045,1592,0.06819200832411045,1.0,1611,0.0,G,/home/he/output/ltv_euroc_six_20261008T172854/task/results/six_full_V1_02_medium_G_20261008T182543_786651f9,,six_full_V1_02_medium_G_20261008T182543_786651f9,1592,V1_02_medium,VALID_FULL_MATCHED,8.326672684688674e-17
0,0,932,0.06819022989543307,1592,0.06819022989543307,1.0,1611,0.0,V,/home/he/output/ltv_euroc_six_20261008T172854/task/results/six_full_V1_02_medium_V_20261008T182620_b055de3b,,six_full_V1_02_medium_V_20261008T182620_b055de3b,1592,V1_02_medium,VALID_FULL_MATCHED,8.326672684688674e-17
953,0,932,0.06819382751897325,1592,0.06819382751897325,1.0,1611,0.0,GV,/home/he/output/ltv_euroc_six_20261008T172854/task/results/six_full_V1_02_medium_GV_20261008T182656_056b11ab,,six_full_V1_02_medium_GV_20261008T182656_056b11ab,1592,V1_02_medium,VALID_FULL_MATCHED,5.551115123125783e-17
0,930,0,0.06818700362777047,1592,0.06818700362777047,1.0,1611,0.0,L,/home/he/output/ltv_euroc_six_20261008T172854/task/results/six_full_V1_02_medium_L_20261008T182732_eda844d7,,six_full_V1_02_medium_L_20261008T182732_eda844d7,1592,V1_02_medium,VALID_FULL_MATCHED,2.7755575615628914e-17
953,930,932,0.06819284500892467,1592,0.06819284500892467,1.0,1611,0.0,L_GV,/home/he/output/ltv_euroc_six_20261008T172854/task/results/six_full_V1_02_medium_L_GV_20261008T182809_d3b1fecf,,six_full_V1_02_medium_L_GV_20261008T182809_d3b1fecf,1592,V1_02_medium,VALID_FULL_MATCHED,1.249000902703301e-16
0,0,0,0.04189056911007756,1986,0.04189056911007756,1.0,2005,0.0,OFF,/home/he/output/ltv_euroc_six_20261008T172854/task/results/six_full_V1_03_difficult_OFF_20261008T182846_e7893594,,six_full_V1_03_difficult_OFF_20261008T182846_e7893594,1986,V1_03_difficult,VALID_FULL_MATCHED,1.5959455978986625e-16
956,0,0,0.04189159596219991,1986,0.04189159596219991,1.0,2005,0.0,G,/home/he/output/ltv_euroc_six_20261008T172854/task/results/six_full_V1_03_difficult_G_20261008T182901_68ab593e,,six_full_V1_03_difficult_G_20261008T182901_68ab593e,1986,V1_03_difficult,VALID_FULL_MATCHED,1.3877787807814457e-17
0,0,931,0.04189050762892689,1986,0.04189050762892689,1.0,2005,0.0,V,/home/he/output/ltv_euroc_six_20261008T172854/task/results/six_full_V1_03_difficult_V_20261008T182943_f0f71860,,six_full_V1_03_difficult_V_20261008T182943_f0f71860,1986,V1_03_difficult,VALID_FULL_MATCHED,6.938893903907228e-17
956,0,931,0.04189138584245333,1986,0.04189138584245333,1.0,2005,0.0,GV,/home/he/output/ltv_euroc_six_20261008T172854/task/results/six_full_V1_03_difficult_GV_20261008T183024_4f74a2c8,,six_full_V1_03_difficult_GV_20261008T183024_4f74a2c8,1986,V1_03_difficult,VALID_FULL_MATCHED,1.3877787807814457e-17
0,927,0,0.04189061394536724,1986,0.04189061394536724,1.0,2005,0.0,L,/home/he/output/ltv_euroc_six_20261008T172854/task/results/six_full_V1_03_difficult_L_20261008T183105_6540e404,,six_full_V1_03_difficult_L_20261008T183105_6540e404,1986,V1_03_difficult,VALID_FULL_MATCHED,9.020562075079397e-17
956,927,931,0.04189120911704798,1986,0.04189120911704798,1.0,2005,0.0,L_GV,/home/he/output/ltv_euroc_six_20261008T172854/task/results/six_full_V1_03_difficult_L_GV_20261008T183147_fef4077c,,six_full_V1_03_difficult_L_GV_20261008T183147_fef4077c,1986,V1_03_difficult,VALID_FULL_MATCHED,6.938893903907228e-18
0,0,0,0.1745806561417616,2166,0.1745806561417616,1.0,2181,0.0,OFF,/home/he/output/ltv_euroc_six_20261008T172854/task/results/six_full_V2_01_easy_OFF_20261008T183229_c1627efe,,six_full_V2_01_easy_OFF_20261008T183229_c1627efe,2166,V2_01_easy,VALID_FULL_MATCHED,2.7755575615628914e-16
1574,0,0,0.17456600539044054,2166,0.17456600539044054,1.0,2181,0.0,G,/home/he/output/ltv_euroc_six_20261008T172854/task/results/six_full_V2_01_easy_G_20261008T183246_61064361,,six_full_V2_01_easy_G_20261008T183246_61064361,2166,V2_01_easy,VALID_FULL_MATCHED,4.163336342344337e-16
0,0,1563,0.17457476045895953,2166,0.17457476045895953,1.0,2181,0.0,V,/home/he/output/ltv_euroc_six_20261008T172854/task/results/six_full_V2_01_easy_V_20261008T183340_492ab0a2,,six_full_V2_01_easy_V_20261008T183340_492ab0a2,2166,V2_01_easy,VALID_FULL_MATCHED,6.106226635438361e-16
1574,0,1563,0.1745595338008643,2166,0.1745595338008643,1.0,2181,0.0,GV,/home/he/output/ltv_euroc_six_20261008T172854/task/results/six_full_V2_01_easy_GV_20261008T183433_7e825a1d,,six_full_V2_01_easy_GV_20261008T183433_7e825a1d,2166,V2_01_easy,VALID_FULL_MATCHED,2.7755575615628914e-16
0,1560,0,0.1745811819541044,2166,0.1745811819541044,1.0,2181,0.0,L,/home/he/output/ltv_euroc_six_20261008T172854/task/results/six_full_V2_01_easy_L_20261008T183527_b3325d32,,six_full_V2_01_easy_L_20261008T183527_b3325d32,2166,V2_01_easy,VALID_FULL_MATCHED,5.273559366969494e-16
1574,1560,1563,0.17455883505232142,2166,0.17455883505232142,1.0,2181,0.0,L_GV,/home/he/output/ltv_euroc_six_20261008T172854/task/results/six_full_V2_01_easy_L_GV_20261008T183621_9a296f7e,,six_full_V2_01_easy_L_GV_20261008T183621_9a296f7e,2166,V2_01_easy,VALID_FULL_MATCHED,1.3877787807814457e-16
0,0,0,0.05197520957067538,2252,0.05197520957067538,1.0,2266,0.0,OFF,/home/he/output/ltv_euroc_six_20261008T172854/task/results/six_full_V2_02_medium_OFF_20261008T183716_adc9643e,,six_full_V2_02_medium_OFF_20261008T183716_adc9643e,2252,V2_02_medium,VALID_FULL_MATCHED,2.0192181260370035e-15
1606,0,0,0.05197842468428713,2252,0.05197842468428713,1.0,2266,0.0,G,/home/he/output/ltv_euroc_six_20261008T172854/task/results/six_full_V2_02_medium_G_20261008T183732_549dd33b,,six_full_V2_02_medium_G_20261008T183732_549dd33b,2252,V2_02_medium,VALID_FULL_MATCHED,4.2327252813834093e-16
0,0,1571,0.0519733342690273,2252,0.0519733342690273,1.0,2266,0.0,V,/home/he/output/ltv_euroc_six_20261008T172854/task/results/six_full_V2_02_medium_V_20261008T183823_7a18026f,,six_full_V2_02_medium_V_20261008T183823_7a18026f,2252,V2_02_medium,VALID_FULL_MATCHED,2.498001805406602e-16
1606,0,1571,0.051977001579030985,2252,0.051977001579030985,1.0,2266,0.0,GV,/home/he/output/ltv_euroc_six_20261008T172854/task/results/six_full_V2_02_medium_GV_20261008T183914_b650f691,,six_full_V2_02_medium_GV_20261008T183914_b650f691,2252,V2_02_medium,VALID_FULL_MATCHED,8.396061623727746e-16
0,1570,0,0.05197513744903024,2252,0.05197513744903024,1.0,2266,0.0,L,/home/he/output/ltv_euroc_six_20261008T172854/task/results/six_full_V2_02_medium_L_20261008T184006_6934f783,,six_full_V2_02_medium_L_20261008T184006_6934f783,2252,V2_02_medium,VALID_FULL_MATCHED,3.469446951953614e-17
1606,1570,1571,0.051976394071254046,2252,0.051976394071254046,1.0,2266,0.0,L_GV,/home/he/output/ltv_euroc_six_20261008T172854/task/results/six_full_V2_02_medium_L_GV_20261008T184057_407d425a,,six_full_V2_02_medium_L_GV_20261008T184057_407d425a,2252,V2_02_medium,VALID_FULL_MATCHED,3.0531133177191805e-16
0,0,0,0.20742761529144602,1799,0.20742761529144602,1.0,1806,0.0,OFF,/home/he/output/ltv_euroc_six_20261008T172854/task/results/six_full_V2_03_difficult_OFF_20261008T184150_675f7b20,,six_full_V2_03_difficult_OFF_20261008T184150_675f7b20,1799,V2_03_difficult,VALID_FULL_MATCHED,1.6653345369377348e-16
706,0,0,0.2072451406965429,1799,0.2072451406965429,1.0,1806,0.0,G,/home/he/output/ltv_euroc_six_20261008T172854/task/results/six_full_V2_03_difficult_G_20261008T184203_6b174b73,,six_full_V2_03_difficult_G_20261008T184203_6b174b73,1799,V2_03_difficult,VALID_FULL_MATCHED,1.1657341758564144e-15
0,0,637,0.20723497040821132,1799,0.20723497040821132,1.0,1806,0.0,V,/home/he/output/ltv_euroc_six_20261008T172854/task/results/six_full_V2_03_difficult_V_20261008T184238_1b195ac5,,six_full_V2_03_difficult_V_20261008T184238_1b195ac5,1799,V2_03_difficult,VALID_FULL_MATCHED,1.2490009027033011e-15
706,0,637,0.2072436318718205,1799,0.2072436318718205,1.0,1806,0.0,GV,/home/he/output/ltv_euroc_six_20261008T172854/task/results/six_full_V2_03_difficult_GV_20261008T184314_e6943268,,six_full_V2_03_difficult_GV_20261008T184314_e6943268,1799,V2_03_difficult,VALID_FULL_MATCHED,8.326672684688674e-17
0,627,0,0.2072413759735566,1799,0.2072413759735566,1.0,1806,0.0,L,/home/he/output/ltv_euroc_six_20261008T172854/task/results/six_full_V2_03_difficult_L_20261008T184349_77028870,,six_full_V2_03_difficult_L_20261008T184349_77028870,1799,V2_03_difficult,VALID_FULL_MATCHED,9.992007221626409e-16
706,627,637,0.20724787689338178,1799,0.20724787689338178,1.0,1806,0.0,L_GV,/home/he/output/ltv_euroc_six_20261008T172854/task/results/six_full_V2_03_difficult_L_GV_20261008T184425_81138128,,six_full_V2_03_difficult_L_GV_20261008T184425_81138128,1799,V2_03_difficult,VALID_FULL_MATCHED,8.326672684688674e-16
