run_id,label,kind,source_oid,output_dir,started_at,finished_at,exit_code,pid,pgid
six_fresh_six_mode_build_20261008T172856_943d6778,fresh_six_mode_build,build,b770d6f50d5748cb147e88234fecb9fa0da48549,/home/he/output/ltv_euroc_six_20261008T172854/task/results/six_fresh_six_mode_build_20261008T172856_943d6778,1791480536.5829527,1791481107.4806325,0,127258,125442
six_pure_OFF_policy_driver_fix_20261008T173829_64ca5d63,pure_OFF_policy_driver_fix,build,b243464eb10a5b0586d8fc5508078714a3849825,/home/he/output/ltv_euroc_six_20261008T172854/task/results/six_pure_OFF_policy_driver_fix_20261008T173829_64ca5d63,1791481109.13802,1791481148.0343976,1,127326,127288
six_driver_fix_provenance_attempt2_20261008T174129_eb9402a9,driver_fix_provenance_attempt2,build,a18f86d9aab0da95f1ca7a86d377425d71857b11,/home/he/output/ltv_euroc_six_20261008T172854/task/results/six_driver_fix_provenance_attempt2_20261008T174129_eb9402a9,1791481289.408061,1791481327.4827523,0,127493,127464
six_six_mode_flags_contract_20261008T174205_0addf3db,six_mode_flags_contract,test,a18f86d9aab0da95f1ca7a86d377425d71857b11,/home/he/output/ltv_euroc_six_20261008T172854/task/results/six_six_mode_flags_contract_20261008T174205_0addf3db,1791481327.492637,1791481327.6241388,0,127550,127548
six_smoke_V2_02_medium_OFF_20261008T174207_757867df,smoke_V2_02_medium_OFF,replay,a18f86d9aab0da95f1ca7a86d377425d71857b11,/home/he/output/ltv_euroc_six_20261008T172854/task/results/six_smoke_V2_02_medium_OFF_20261008T174207_757867df,1791481327.6954331,1791481333.2608907,0,127590,127588
six_smoke_V2_02_medium_G_20261008T174213_af0a2120,smoke_V2_02_medium_G,replay,a18f86d9aab0da95f1ca7a86d377425d71857b11,/home/he/output/ltv_euroc_six_20261008T172854/task/results/six_smoke_V2_02_medium_G_20261008T174213_af0a2120,1791481333.311187,1791481349.4927583,0,127709,127707
six_smoke_V2_02_medium_V_20261008T174229_c345abbd,smoke_V2_02_medium_V,replay,a18f86d9aab0da95f1ca7a86d377425d71857b11,/home/he/output/ltv_euroc_six_20261008T172854/task/results/six_smoke_V2_02_medium_V_20261008T174229_c345abbd,1791481349.5406134,1791481365.6113567,0,127831,127829
six_smoke_V2_02_medium_GV_20261008T174245_72bea008,smoke_V2_02_medium_GV,replay,a18f86d9aab0da95f1ca7a86d377425d71857b11,/home/he/output/ltv_euroc_six_20261008T172854/task/results/six_smoke_V2_02_medium_GV_20261008T174245_72bea008,1791481365.6544821,1791481381.8899865,0,127954,127952
six_smoke_V2_02_medium_L_20261008T174301_6066e12e,smoke_V2_02_medium_L,replay,a18f86d9aab0da95f1ca7a86d377425d71857b11,/home/he/output/ltv_euroc_six_20261008T172854/task/results/six_smoke_V2_02_medium_L_20261008T174301_6066e12e,1791481381.9416635,1791481398.293218,0,128083,128081
six_smoke_V2_02_medium_L_GV_20261008T174318_c6a845a3,smoke_V2_02_medium_L_GV,replay,a18f86d9aab0da95f1ca7a86d377425d71857b11,/home/he/output/ltv_euroc_six_20261008T172854/task/results/six_smoke_V2_02_medium_L_GV_20261008T174318_c6a845a3,1791481398.3428905,1791481414.7669392,0,128204,128202
six_smoke_V2_03_difficult_OFF_20261008T174334_c1af3351,smoke_V2_03_difficult_OFF,replay,a18f86d9aab0da95f1ca7a86d377425d71857b11,/home/he/output/ltv_euroc_six_20261008T172854/task/results/six_smoke_V2_03_difficult_OFF_20261008T174334_c1af3351,1791481414.8125966,1791481419.663509,0,128324,128322
six_smoke_V2_03_difficult_G_20261008T174339_d429956b,smoke_V2_03_difficult_G,replay,a18f86d9aab0da95f1ca7a86d377425d71857b11,/home/he/output/ltv_euroc_six_20261008T172854/task/results/six_smoke_V2_03_difficult_G_20261008T174339_d429956b,1791481419.711547,1791481432.3392515,0,128479,128477
six_smoke_V2_03_difficult_V_20261008T174352_9fe4e301,smoke_V2_03_difficult_V,replay,a18f86d9aab0da95f1ca7a86d377425d71857b11,/home/he/output/ltv_euroc_six_20261008T172854/task/results/six_smoke_V2_03_difficult_V_20261008T174352_9fe4e301,1791481432.3847702,1791481444.9998832,0,128635,128633
six_smoke_V2_03_difficult_GV_20261008T174405_7f8696ca,smoke_V2_03_difficult_GV,replay,a18f86d9aab0da95f1ca7a86d377425d71857b11,/home/he/output/ltv_euroc_six_20261008T172854/task/results/six_smoke_V2_03_difficult_GV_20261008T174405_7f8696ca,1791481445.048988,1791481457.7450643,0,128792,128790
six_smoke_V2_03_difficult_L_20261008T174417_3ef58ec0,smoke_V2_03_difficult_L,replay,a18f86d9aab0da95f1ca7a86d377425d71857b11,/home/he/output/ltv_euroc_six_20261008T172854/task/results/six_smoke_V2_03_difficult_L_20261008T174417_3ef58ec0,1791481457.7927644,1791481470.5757086,0,128967,128965
six_smoke_V2_03_difficult_L_GV_20261008T174430_fe378236,smoke_V2_03_difficult_L_GV,replay,a18f86d9aab0da95f1ca7a86d377425d71857b11,/home/he/output/ltv_euroc_six_20261008T172854/task/results/six_smoke_V2_03_difficult_L_GV_20261008T174430_fe378236,1791481470.624801,1791481483.4435022,0,129121,129119
six_full_MH_01_easy_OFF_20261008T174555_6dfbffba,full_MH_01_easy_OFF,replay,a18f86d9aab0da95f1ca7a86d377425d71857b11,/home/he/output/ltv_euroc_six_20261008T172854/task/results/six_full_MH_01_easy_OFF_20261008T174555_6dfbffba,1791481555.4655137,1791481580.8818703,0,129329,129327
six_full_MH_01_easy_G_20261008T174620_4c1a5e93,full_MH_01_easy_G,replay,a18f86d9aab0da95f1ca7a86d377425d71857b11,/home/he/output/ltv_euroc_six_20261008T172854/task/results/six_full_MH_01_easy_G_20261008T174620_4c1a5e93,1791481580.9284947,1791481685.1373394,0,130289,130287
six_full_MH_01_easy_V_20261008T174805_660df816,full_MH_01_easy_V,replay,a18f86d9aab0da95f1ca7a86d377425d71857b11,/home/he/output/ltv_euroc_six_20261008T172854/task/results/six_full_MH_01_easy_V_20261008T174805_660df816,1791481685.182914,1791481789.7771525,0,131248,131246
six_full_MH_01_easy_GV_20261008T174949_dfe7e885,full_MH_01_easy_GV,replay,a18f86d9aab0da95f1ca7a86d377425d71857b11,/home/he/output/ltv_euroc_six_20261008T172854/task/results/six_full_MH_01_easy_GV_20261008T174949_dfe7e885,1791481789.825055,1791481894.2696898,0,132266,132264
six_full_MH_01_easy_L_20261008T175134_ff67e702,full_MH_01_easy_L,replay,a18f86d9aab0da95f1ca7a86d377425d71857b11,/home/he/output/ltv_euroc_six_20261008T172854/task/results/six_full_MH_01_easy_L_20261008T175134_ff67e702,1791481894.3200798,1791481999.8697145,0,133235,133233
six_full_MH_01_easy_L_GV_20261008T175319_932c203a,full_MH_01_easy_L_GV,replay,a18f86d9aab0da95f1ca7a86d377425d71857b11,/home/he/output/ltv_euroc_six_20261008T172854/task/results/six_full_MH_01_easy_L_GV_20261008T175319_932c203a,1791481999.9229164,1791482105.5351539,0,134210,134208
six_full_MH_02_easy_OFF_20261008T175505_12f37ff2,full_MH_02_easy_OFF,replay,a18f86d9aab0da95f1ca7a86d377425d71857b11,/home/he/output/ltv_euroc_six_20261008T172854/task/results/six_full_MH_02_easy_OFF_20261008T175505_12f37ff2,1791482105.586296,1791482126.4743555,0,135190,135188
six_full_MH_02_easy_G_20261008T175526_9651e90d,full_MH_02_easy_G,replay,a18f86d9aab0da95f1ca7a86d377425d71857b11,/home/he/output/ltv_euroc_six_20261008T172854/task/results/six_full_MH_02_easy_G_20261008T175526_9651e90d,1791482126.5250278,1791482211.3981948,0,136013,136011
six_full_MH_02_easy_V_20261008T175651_1d30ff05,full_MH_02_easy_V,replay,a18f86d9aab0da95f1ca7a86d377425d71857b11,/home/he/output/ltv_euroc_six_20261008T172854/task/results/six_full_MH_02_easy_V_20261008T175651_1d30ff05,1791482211.4452913,1791482296.0889385,0,136871,136869
six_full_MH_02_easy_GV_20261008T175816_458a6ed3,full_MH_02_easy_GV,replay,a18f86d9aab0da95f1ca7a86d377425d71857b11,/home/he/output/ltv_euroc_six_20261008T172854/task/results/six_full_MH_02_easy_GV_20261008T175816_458a6ed3,1791482296.1343439,1791482380.7234292,0,137734,137732
six_full_MH_02_easy_L_20261008T175940_4b145c2a,full_MH_02_easy_L,replay,a18f86d9aab0da95f1ca7a86d377425d71857b11,/home/he/output/ltv_euroc_six_20261008T172854/task/results/six_full_MH_02_easy_L_20261008T175940_4b145c2a,1791482380.7699475,1791482466.2541084,0,138571,138569
six_full_MH_02_easy_L_GV_20261008T180106_b9ef9bb9,full_MH_02_easy_L_GV,replay,a18f86d9aab0da95f1ca7a86d377425d71857b11,/home/he/output/ltv_euroc_six_20261008T172854/task/results/six_full_MH_02_easy_L_GV_20261008T180106_b9ef9bb9,1791482466.3042161,1791482551.8478317,0,139421,139419
six_full_MH_03_medium_OFF_20261008T180231_13fb09dc,full_MH_03_medium_OFF,replay,a18f86d9aab0da95f1ca7a86d377425d71857b11,/home/he/output/ltv_euroc_six_20261008T172854/task/results/six_full_MH_03_medium_OFF_20261008T180231_13fb09dc,1791482551.9015393,1791482571.7962792,0,140274,140272
six_full_MH_03_medium_G_20261008T180251_dcd9d300,full_MH_03_medium_G,replay,a18f86d9aab0da95f1ca7a86d377425d71857b11,/home/he/output/ltv_euroc_six_20261008T172854/task/results/six_full_MH_03_medium_G_20261008T180251_dcd9d300,1791482571.8484108,1791482649.8797686,0,140705,140703
six_full_MH_03_medium_V_20261008T180409_1143ea77,full_MH_03_medium_V,replay,a18f86d9aab0da95f1ca7a86d377425d71857b11,/home/he/output/ltv_euroc_six_20261008T172854/task/results/six_full_MH_03_medium_V_20261008T180409_1143ea77,1791482649.9290698,1791482728.0521097,0,141184,141182
six_full_MH_03_medium_GV_20261008T180528_eddfa3fc,full_MH_03_medium_GV,replay,a18f86d9aab0da95f1ca7a86d377425d71857b11,/home/he/output/ltv_euroc_six_20261008T172854/task/results/six_full_MH_03_medium_GV_20261008T180528_eddfa3fc,1791482728.097857,1791482806.2004313,0,141627,141625
six_full_MH_03_medium_L_20261008T180646_34bd6100,full_MH_03_medium_L,replay,a18f86d9aab0da95f1ca7a86d377425d71857b11,/home/he/output/ltv_euroc_six_20261008T172854/task/results/six_full_MH_03_medium_L_20261008T180646_34bd6100,1791482806.246866,1791482884.9762325,0,142082,142080
six_full_MH_03_medium_L_GV_20261008T180805_467de74e,full_MH_03_medium_L_GV,replay,a18f86d9aab0da95f1ca7a86d377425d71857b11,/home/he/output/ltv_euroc_six_20261008T172854/task/results/six_full_MH_03_medium_L_GV_20261008T180805_467de74e,1791482885.0269127,1791482964.0773456,0,142585,142583
six_full_MH_04_difficult_OFF_20261008T180924_572b7a8d,full_MH_04_difficult_OFF,replay,a18f86d9aab0da95f1ca7a86d377425d71857b11,/home/he/output/ltv_euroc_six_20261008T172854/task/results/six_full_MH_04_difficult_OFF_20261008T180924_572b7a8d,1791482964.1294212,1791482977.607194,0,143043,143041
six_full_MH_04_difficult_G_20261008T180937_a2240f4d,full_MH_04_difficult_G,replay,a18f86d9aab0da95f1ca7a86d377425d71857b11,/home/he/output/ltv_euroc_six_20261008T172854/task/results/six_full_MH_04_difficult_G_20261008T180937_a2240f4d,1791482977.6588962,1791483023.7640352,0,143194,143192
six_full_MH_04_difficult_V_20261008T181023_788c0f3d,full_MH_04_difficult_V,replay,a18f86d9aab0da95f1ca7a86d377425d71857b11,/home/he/output/ltv_euroc_six_20261008T172854/task/results/six_full_MH_04_difficult_V_20261008T181023_788c0f3d,1791483023.814299,1791483070.020126,0,143354,143352
six_full_MH_04_difficult_GV_20261008T181110_b095c37b,full_MH_04_difficult_GV,replay,a18f86d9aab0da95f1ca7a86d377425d71857b11,/home/he/output/ltv_euroc_six_20261008T172854/task/results/six_full_MH_04_difficult_GV_20261008T181110_b095c37b,1791483070.07041,1791483116.2462938,0,143530,143528
six_full_MH_04_difficult_L_20261008T181156_b0eaa9da,full_MH_04_difficult_L,replay,a18f86d9aab0da95f1ca7a86d377425d71857b11,/home/he/output/ltv_euroc_six_20261008T172854/task/results/six_full_MH_04_difficult_L_20261008T181156_b0eaa9da,1791483116.296141,1791483162.831375,0,143690,143688
six_full_MH_04_difficult_L_GV_20261008T181242_2cddca8e,full_MH_04_difficult_L_GV,replay,a18f86d9aab0da95f1ca7a86d377425d71857b11,/home/he/output/ltv_euroc_six_20261008T172854/task/results/six_full_MH_04_difficult_L_GV_20261008T181242_2cddca8e,1791483162.8818438,1791483209.3963387,0,143850,143848
six_full_MH_05_difficult_OFF_20261008T181329_1d4874e3,full_MH_05_difficult_OFF,replay,a18f86d9aab0da95f1ca7a86d377425d71857b11,/home/he/output/ltv_euroc_six_20261008T172854/task/results/six_full_MH_05_difficult_OFF_20261008T181329_1d4874e3,1791483209.4447596,1791483225.2945719,0,144025,144023
six_full_MH_05_difficult_G_20261008T181345_799626fa,full_MH_05_difficult_G,replay,a18f86d9aab0da95f1ca7a86d377425d71857b11,/home/he/output/ltv_euroc_six_20261008T172854/task/results/six_full_MH_05_difficult_G_20261008T181345_799626fa,1791483225.3425171,1791483290.9722629,0,144657,144655
six_full_MH_05_difficult_V_20261008T181451_bfe23f6b,full_MH_05_difficult_V,replay,a18f86d9aab0da95f1ca7a86d377425d71857b11,/home/he/output/ltv_euroc_six_20261008T172854/task/results/six_full_MH_05_difficult_V_20261008T181451_bfe23f6b,1791483291.0217202,1791483356.642059,0,145132,145130
six_full_MH_05_difficult_GV_20261008T181556_072377d5,full_MH_05_difficult_GV,replay,a18f86d9aab0da95f1ca7a86d377425d71857b11,/home/he/output/ltv_euroc_six_20261008T172854/task/results/six_full_MH_05_difficult_GV_20261008T181556_072377d5,1791483356.6888077,1791483422.312815,0,145620,145618
six_full_MH_05_difficult_L_20261008T181702_3152e812,full_MH_05_difficult_L,replay,a18f86d9aab0da95f1ca7a86d377425d71857b11,/home/he/output/ltv_euroc_six_20261008T172854/task/results/six_full_MH_05_difficult_L_20261008T181702_3152e812,1791483422.3600726,1791483488.6064303,0,146097,146095
six_full_MH_05_difficult_L_GV_20261008T181808_d4730faf,full_MH_05_difficult_L_GV,replay,a18f86d9aab0da95f1ca7a86d377425d71857b11,/home/he/output/ltv_euroc_six_20261008T172854/task/results/six_full_MH_05_difficult_L_GV_20261008T181808_d4730faf,1791483488.654841,1791483555.1177619,0,146587,146585
six_full_V1_01_easy_OFF_20261008T181915_8eebaacc,full_V1_01_easy_OFF,replay,a18f86d9aab0da95f1ca7a86d377425d71857b11,/home/he/output/ltv_euroc_six_20261008T172854/task/results/six_full_V1_01_easy_OFF_20261008T181915_8eebaacc,1791483555.1699357,1791483577.2461925,0,147080,147078
six_full_V1_01_easy_G_20261008T181937_a5c14ab9,full_V1_01_easy_G,replay,a18f86d9aab0da95f1ca7a86d377425d71857b11,/home/he/output/ltv_euroc_six_20261008T172854/task/results/six_full_V1_01_easy_G_20261008T181937_a5c14ab9,1791483577.29331,1791483647.3545978,0,147230,147228
six_full_V1_01_easy_V_20261008T182047_784a0be1,full_V1_01_easy_V,replay,a18f86d9aab0da95f1ca7a86d377425d71857b11,/home/he/output/ltv_euroc_six_20261008T172854/task/results/six_full_V1_01_easy_V_20261008T182047_784a0be1,1791483647.4013531,1791483717.6211314,0,147388,147386
six_full_V1_01_easy_GV_20261008T182157_746f1720,full_V1_01_easy_GV,replay,a18f86d9aab0da95f1ca7a86d377425d71857b11,/home/he/output/ltv_euroc_six_20261008T172854/task/results/six_full_V1_01_easy_GV_20261008T182157_746f1720,1791483717.6737847,1791483788.1409247,0,147561,147559
six_full_V1_01_easy_L_20261008T182308_7d8cc4a8,full_V1_01_easy_L,replay,a18f86d9aab0da95f1ca7a86d377425d71857b11,/home/he/output/ltv_euroc_six_20261008T172854/task/results/six_full_V1_01_easy_L_20261008T182308_7d8cc4a8,1791483788.1889513,1791483859.2413967,0,147738,147736
six_full_V1_01_easy_L_GV_20261008T182419_4d92d338,full_V1_01_easy_L_GV,replay,a18f86d9aab0da95f1ca7a86d377425d71857b11,/home/he/output/ltv_euroc_six_20261008T172854/task/results/six_full_V1_01_easy_L_GV_20261008T182419_4d92d338,1791483859.2961817,1791483930.800658,0,147897,147895
six_full_V1_02_medium_OFF_20261008T182530_d5d4e931,full_V1_02_medium_OFF,replay,a18f86d9aab0da95f1ca7a86d377425d71857b11,/home/he/output/ltv_euroc_six_20261008T172854/task/results/six_full_V1_02_medium_OFF_20261008T182530_d5d4e931,1791483930.8556535,1791483943.949712,0,148075,148073
six_full_V1_02_medium_G_20261008T182543_786651f9,full_V1_02_medium_G,replay,a18f86d9aab0da95f1ca7a86d377425d71857b11,/home/he/output/ltv_euroc_six_20261008T172854/task/results/six_full_V1_02_medium_G_20261008T182543_786651f9,1791483944.0041068,1791483980.2368667,0,148212,148210
six_full_V1_02_medium_V_20261008T182620_b055de3b,full_V1_02_medium_V,replay,a18f86d9aab0da95f1ca7a86d377425d71857b11,/home/he/output/ltv_euroc_six_20261008T172854/task/results/six_full_V1_02_medium_V_20261008T182620_b055de3b,1791483980.2860434,1791484016.573449,0,148360,148358
six_full_V1_02_medium_GV_20261008T182656_056b11ab,full_V1_02_medium_GV,replay,a18f86d9aab0da95f1ca7a86d377425d71857b11,/home/he/output/ltv_euroc_six_20261008T172854/task/results/six_full_V1_02_medium_GV_20261008T182656_056b11ab,1791484016.6234362,1791484052.958135,0,148500,148498
six_full_V1_02_medium_L_20261008T182732_eda844d7,full_V1_02_medium_L,replay,a18f86d9aab0da95f1ca7a86d377425d71857b11,/home/he/output/ltv_euroc_six_20261008T172854/task/results/six_full_V1_02_medium_L_20261008T182732_eda844d7,1791484053.0070708,1791484089.5876012,0,148656,148654
six_full_V1_02_medium_L_GV_20261008T182809_d3b1fecf,full_V1_02_medium_L_GV,replay,a18f86d9aab0da95f1ca7a86d377425d71857b11,/home/he/output/ltv_euroc_six_20261008T172854/task/results/six_full_V1_02_medium_L_GV_20261008T182809_d3b1fecf,1791484089.6391518,1791484126.419421,0,148799,148797
six_full_V1_03_difficult_OFF_20261008T182846_e7893594,full_V1_03_difficult_OFF,replay,a18f86d9aab0da95f1ca7a86d377425d71857b11,/home/he/output/ltv_euroc_six_20261008T172854/task/results/six_full_V1_03_difficult_OFF_20261008T182846_e7893594,1791484126.4710968,1791484141.6303022,0,148939,148937
six_full_V1_03_difficult_G_20261008T182901_68ab593e,full_V1_03_difficult_G,replay,a18f86d9aab0da95f1ca7a86d377425d71857b11,/home/he/output/ltv_euroc_six_20261008T172854/task/results/six_full_V1_03_difficult_G_20261008T182901_68ab593e,1791484141.6787524,1791484183.0275202,0,149123,149121
six_full_V1_03_difficult_V_20261008T182943_f0f71860,full_V1_03_difficult_V,replay,a18f86d9aab0da95f1ca7a86d377425d71857b11,/home/he/output/ltv_euroc_six_20261008T172854/task/results/six_full_V1_03_difficult_V_20261008T182943_f0f71860,1791484183.0778246,1791484224.5485659,0,149325,149323
six_full_V1_03_difficult_GV_20261008T183024_4f74a2c8,full_V1_03_difficult_GV,replay,a18f86d9aab0da95f1ca7a86d377425d71857b11,/home/he/output/ltv_euroc_six_20261008T172854/task/results/six_full_V1_03_difficult_GV_20261008T183024_4f74a2c8,1791484224.5978317,1791484265.935206,0,149510,149508
six_full_V1_03_difficult_L_20261008T183105_6540e404,full_V1_03_difficult_L,replay,a18f86d9aab0da95f1ca7a86d377425d71857b11,/home/he/output/ltv_euroc_six_20261008T172854/task/results/six_full_V1_03_difficult_L_20261008T183105_6540e404,1791484265.9861786,1791484307.8943808,0,149695,149693
six_full_V1_03_difficult_L_GV_20261008T183147_fef4077c,full_V1_03_difficult_L_GV,replay,a18f86d9aab0da95f1ca7a86d377425d71857b11,/home/he/output/ltv_euroc_six_20261008T172854/task/results/six_full_V1_03_difficult_L_GV_20261008T183147_fef4077c,1791484307.9485307,1791484349.9044025,0,149902,149900
six_full_V2_01_easy_OFF_20261008T183229_c1627efe,full_V2_01_easy_OFF,replay,a18f86d9aab0da95f1ca7a86d377425d71857b11,/home/he/output/ltv_euroc_six_20261008T172854/task/results/six_full_V2_01_easy_OFF_20261008T183229_c1627efe,1791484349.9568021,1791484366.7832656,0,150091,150089
six_full_V2_01_easy_G_20261008T183246_61064361,full_V2_01_easy_G,replay,a18f86d9aab0da95f1ca7a86d377425d71857b11,/home/he/output/ltv_euroc_six_20261008T172854/task/results/six_full_V2_01_easy_G_20261008T183246_61064361,1791484366.8338056,1791484420.3205721,0,150229,150227
six_full_V2_01_easy_V_20261008T183340_492ab0a2,full_V2_01_easy_V,replay,a18f86d9aab0da95f1ca7a86d377425d71857b11,/home/he/output/ltv_euroc_six_20261008T172854/task/results/six_full_V2_01_easy_V_20261008T183340_492ab0a2,1791484420.3686645,1791484473.9495518,0,150393,150391
six_full_V2_01_easy_GV_20261008T183433_7e825a1d,full_V2_01_easy_GV,replay,a18f86d9aab0da95f1ca7a86d377425d71857b11,/home/he/output/ltv_euroc_six_20261008T172854/task/results/six_full_V2_01_easy_GV_20261008T183433_7e825a1d,1791484474.0017784,1791484527.56324,0,150534,150532
six_full_V2_01_easy_L_20261008T183527_b3325d32,full_V2_01_easy_L,replay,a18f86d9aab0da95f1ca7a86d377425d71857b11,/home/he/output/ltv_euroc_six_20261008T172854/task/results/six_full_V2_01_easy_L_20261008T183527_b3325d32,1791484527.6119645,1791484581.776329,0,150692,150690
six_full_V2_01_easy_L_GV_20261008T183621_9a296f7e,full_V2_01_easy_L_GV,replay,a18f86d9aab0da95f1ca7a86d377425d71857b11,/home/he/output/ltv_euroc_six_20261008T172854/task/results/six_full_V2_01_easy_L_GV_20261008T183621_9a296f7e,1791484581.830441,1791484636.0290177,0,150834,150832
six_full_V2_02_medium_OFF_20261008T183716_adc9643e,full_V2_02_medium_OFF,replay,a18f86d9aab0da95f1ca7a86d377425d71857b11,/home/he/output/ltv_euroc_six_20261008T172854/task/results/six_full_V2_02_medium_OFF_20261008T183716_adc9643e,1791484636.0895576,1791484651.9863393,0,150993,150991
six_full_V2_02_medium_G_20261008T183732_549dd33b,full_V2_02_medium_G,replay,a18f86d9aab0da95f1ca7a86d377425d71857b11,/home/he/output/ltv_euroc_six_20261008T172854/task/results/six_full_V2_02_medium_G_20261008T183732_549dd33b,1791484652.040114,1791484703.2383754,0,151112,151110
six_full_V2_02_medium_V_20261008T183823_7a18026f,full_V2_02_medium_V,replay,a18f86d9aab0da95f1ca7a86d377425d71857b11,/home/he/output/ltv_euroc_six_20261008T172854/task/results/six_full_V2_02_medium_V_20261008T183823_7a18026f,1791484703.2906153,1791484754.757167,0,151244,151242
six_full_V2_02_medium_GV_20261008T183914_b650f691,full_V2_02_medium_GV,replay,a18f86d9aab0da95f1ca7a86d377425d71857b11,/home/he/output/ltv_euroc_six_20261008T172854/task/results/six_full_V2_02_medium_GV_20261008T183914_b650f691,1791484754.8074288,1791484805.983154,0,151387,151385
six_full_V2_02_medium_L_20261008T184006_6934f783,full_V2_02_medium_L,replay,a18f86d9aab0da95f1ca7a86d377425d71857b11,/home/he/output/ltv_euroc_six_20261008T172854/task/results/six_full_V2_02_medium_L_20261008T184006_6934f783,1791484806.0355632,1791484857.9149404,0,151513,151511
six_full_V2_02_medium_L_GV_20261008T184057_407d425a,full_V2_02_medium_L_GV,replay,a18f86d9aab0da95f1ca7a86d377425d71857b11,/home/he/output/ltv_euroc_six_20261008T172854/task/results/six_full_V2_02_medium_L_GV_20261008T184057_407d425a,1791484857.9706702,1791484910.0013912,0,151640,151638
six_full_V2_03_difficult_OFF_20261008T184150_675f7b20,full_V2_03_difficult_OFF,replay,a18f86d9aab0da95f1ca7a86d377425d71857b11,/home/he/output/ltv_euroc_six_20261008T172854/task/results/six_full_V2_03_difficult_OFF_20261008T184150_675f7b20,1791484910.0559769,1791484923.3600972,0,151783,151781
six_full_V2_03_difficult_G_20261008T184203_6b174b73,full_V2_03_difficult_G,replay,a18f86d9aab0da95f1ca7a86d377425d71857b11,/home/he/output/ltv_euroc_six_20261008T172854/task/results/six_full_V2_03_difficult_G_20261008T184203_6b174b73,1791484923.411542,1791484958.8268344,0,151937,151935
six_full_V2_03_difficult_V_20261008T184238_1b195ac5,full_V2_03_difficult_V,replay,a18f86d9aab0da95f1ca7a86d377425d71857b11,/home/he/output/ltv_euroc_six_20261008T172854/task/results/six_full_V2_03_difficult_V_20261008T184238_1b195ac5,1791484958.876562,1791484994.3482485,0,152095,152093
six_full_V2_03_difficult_GV_20261008T184314_e6943268,full_V2_03_difficult_GV,replay,a18f86d9aab0da95f1ca7a86d377425d71857b11,/home/he/output/ltv_euroc_six_20261008T172854/task/results/six_full_V2_03_difficult_GV_20261008T184314_e6943268,1791484994.3977406,1791485029.834001,0,152271,152269
six_full_V2_03_difficult_L_20261008T184349_77028870,full_V2_03_difficult_L,replay,a18f86d9aab0da95f1ca7a86d377425d71857b11,/home/he/output/ltv_euroc_six_20261008T172854/task/results/six_full_V2_03_difficult_L_20261008T184349_77028870,1791485029.8851283,1791485065.673413,0,152426,152424
six_full_V2_03_difficult_L_GV_20261008T184425_81138128,full_V2_03_difficult_L_GV,replay,a18f86d9aab0da95f1ca7a86d377425d71857b11,/home/he/output/ltv_euroc_six_20261008T172854/task/results/six_full_V2_03_difficult_L_GV_20261008T184425_81138128,1791485065.726936,1791485101.5277312,0,152584,152582
