scene,model,incompatible,residual_rank,S_eigenvalues,K,Kr,prior_trace,posterior_trace,information_trace,information_rank,information_eigenvalues
zero_noise,full,0,0,"[0.0, 0.0, 0.0]","[[0.0, 0.0, 0.0], [0.0, 0.0, 0.0], [0.0, 0.0, 0.0]]","[0.0, 0.0, 0.0]",0.0,0.0,0.0,0,"[0.0, 0.0, 0.0]"
zero_noise,zero_all_consumer_cross_blocks_DIAGNOSTIC_ONLY,0,0,"[0.0, 0.0, 0.0]","[[0.0, 0.0, 0.0], [0.0, 0.0, 0.0], [0.0, 0.0, 0.0]]","[0.0, 0.0, 0.0]",0.0,0.0,0.0,0,"[0.0, 0.0, 0.0]"
independent_sources,full,0,3,"[0.41783236951433866, 0.5796321378115421, 0.9345354926741192]","[[0.4162584989911255, -0.09603917388044472, 0.18732290988666878], [0.07778569550782231, 0.3612493006353756, -0.24281123271947141], [-0.04888766097760782, 0.14825156567733155, 0.42449386260986793]]","[0.05867512930388157, -0.03326193613602139, 0.00447580177854609]",1.0999999999999999,0.7172815866519693,0.3827184133480309,3,"[0.07671448768849556, 0.11521146179946218, 0.1907924638600731]"
independent_sources,zero_all_consumer_cross_blocks_DIAGNOSTIC_ONLY,0,3,"[0.41783236951433866, 0.5796321378115421, 0.9345354926741192]","[[0.4162584989911255, -0.09603917388044472, 0.18732290988666878], [0.07778569550782231, 0.3612493006353756, -0.24281123271947141], [-0.04888766097760782, 0.14825156567733155, 0.42449386260986793]]","[0.05867512930388157, -0.03326193613602139, 0.00447580177854609]",1.0999999999999999,0.7172815866519693,0.3827184133480309,3,"[0.07671448768849556, 0.11521146179946218, 0.1907924638600731]"
shared_imu_bias,full,0,3,"[0.7266074579270929, 1.1060221603773825, 1.8637690802329936]","[[0.5715688082127173, -0.22185476994983072, 0.27243839728055586], [0.20595713755978018, 0.5538107673501791, -0.3396238016883372], [-0.09262769300148183, 0.2830173979196562, 0.6423770631507649]]","[0.08852718228128598, -0.040690337716453175, 0.0002146920238175684]",2.59,0.9476234003707499,1.6423765996292499,3,"[0.3724684301941295, 0.5106270990305806, 0.7592810704045396]"
shared_imu_bias,zero_all_consumer_cross_blocks_DIAGNOSTIC_ONLY,0,3,"[1.1064564468565465, 1.3672572882325544, 2.0348862649108987]","[[0.44627890272489223, -0.11150977522929076, 0.14225355018475824], [0.08858825587548397, 0.3697773953879029, -0.2459122337762143], [-0.06496853670685616, 0.1290693217644742, 0.3824307722924632]]","[0.0606613498000704, -0.03301897773229455, 0.0022991392027796077]",2.59,1.6845791638435361,0.9054208361564642,3,"[0.1715163394273627, 0.28293116864877216, 0.4509733280803294]"
shared_bearing,full,0,3,"[0.5686911641223117, 0.8229300668986047, 1.16256996281174]","[[0.5080175863908073, -0.09792211854811067, 0.06711248131234038], [0.13087247930386578, 0.5292670034187449, 0.10289341914968854], [-0.06787341185591697, 0.14865097513978365, 0.44939053631876236]]","[0.06199115218854661, -0.024109441385628587, 0.003790107619163728]",1.65,0.9273967335294873,0.3827184133480305,3,"[0.07671448768849556, 0.11521146179946204, 0.19079246386007284]"
shared_bearing,zero_all_consumer_cross_blocks_DIAGNOSTIC_ONLY,0,3,"[0.5983820162486783, 1.3529048988374652, 2.435713084913856]","[[0.2585274305934398, -0.03714988740439546, -0.07879389427679173], [0.11251999352863322, 0.3010089873587428, -0.1787732158402386], [-0.10122636918616534, 0.15162402490205332, 0.33219860790937283]]","[0.024885039337856033, -0.02176738042784803, -0.005642628515312158]",1.65,1.254361520838378,0.39563847916162204,3,"[0.0661891243690558, 0.1397297956984591, 0.1897195590941071]"
seed_feedback,full,0,3,"[0.2712563426947979, 0.43588571692599315, 0.6439529403792087]","[[0.21582136873693733, -0.05225766418721948, 0.12204276319017361], [0.03288176591217337, 0.1689046969374746, -0.13818834109749364], [-0.01815786214633749, 0.06225848589717633, 0.22664461526674917]]","[0.03186488816817998, -0.017133616218655313, 0.004535765676929604]",1.0999999999999999,1.0308105383744435,0.04709636275025675,3,"[0.007331723947120739, 0.014289843187488037, 0.02547479561564798]"
seed_feedback,zero_all_consumer_cross_blocks_DIAGNOSTIC_ONLY,0,3,"[0.6230939011191338, 0.8723739193876993, 1.4186474710068813]","[[0.2910568031270432, -0.10910941107763283, 0.1315432510874987], [0.03711923949233219, 0.24595140645293456, -0.19711568418236608], [-0.03976077762179703, 0.07033628701328787, 0.2713586318643803]]","[0.04441159575328989, -0.025819972776119852, 0.003964950869976282]",1.0999999999999999,0.8368245489530348,0.26317545104696516,3,"[0.04480728134149303, 0.07960105208066075, 0.13876711762481134]"
duplicate_information,full,0,0,"[-1.4304896245381992e-17, 0.0, 1.4304896245381992e-17]","[[0.0, 0.0, 0.0], [0.0, 0.0, 0.0], [0.0, 0.0, 0.0]]","[0.0, 0.0, 0.0]",1.0999999999999999,1.0999999999999999,0.0,0,"[0.0, 0.0, 0.0]"
duplicate_information,zero_all_consumer_cross_blocks_DIAGNOSTIC_ONLY,0,3,"[0.5021941027753121, 0.6679209184101859, 1.1538849788145016]","[[0.3392866650178208, -0.09261596248535552, 0.12710480640405777], [0.06211869631132948, 0.31221866112283786, -0.18730144557361264], [-0.05246185229259484, 0.14220269082235348, 0.3504893393658716]]","[0.04769318382081341, -0.028130695537374715, 0.000902066473245821]",1.0999999999999999,0.7845524585567163,0.3154475414432836,3,"[0.06824330342051343, 0.09483469481707758, 0.15236954320569257]"
near_rank_deficiency,full,0,1,"[-1.7765796080449418e-15, 9.992229990271e-15, 3.9000000000000004]","[[0.12564102564102567, 0.25128205128205133, -7.376851704548355e-18], [-0.030769230769230774, -0.061538461538461556, 1.8065759276444947e-18], [0.06410256410256411, 0.12820512820512825, -3.763699849259365e-18]]","[-0.007538461538461539, 0.0018461538461538472, -0.003846153846153848]",1.0999999999999999,0.6935897435897435,0.4064102564102564,1,"[-1.3877787807814457e-17, 0.0, 0.4064102564102564]"
near_rank_deficiency,zero_all_consumer_cross_blocks_DIAGNOSTIC_ONLY,0,3,"[0.4013976328898007, 0.923862750654704, 4.396739616455505]","[[0.425143318565601, -0.06916828978224279, 0.28383701153820484], [0.0074559835456180674, 0.024188947958069786, -0.17063179594187916], [-0.01310449408113162, 0.0968010134647176, 0.44628044551992224]]","[0.06223964561604977, -0.009721107279177734, 0.013259491790705544]",1.0999999999999999,0.7922619019283913,0.30773809807160835,3,"[0.013177670451686541, 0.0846082115869911, 0.20995221603293074]"
