scene,i,j,predicted,sample,lower,upper,passes
zero_noise,0,0,0.0,0.0,0.0,0.0,1
zero_noise,0,1,0.0,0.0,0.0,0.0,1
zero_noise,0,2,0.0,0.0,0.0,0.0,1
zero_noise,0,3,0.0,0.0,0.0,0.0,1
zero_noise,0,4,0.0,0.0,0.0,0.0,1
zero_noise,0,5,0.0,0.0,0.0,0.0,1
zero_noise,0,6,0.0,0.0,0.0,0.0,1
zero_noise,0,7,0.0,0.0,0.0,0.0,1
zero_noise,0,8,0.0,0.0,0.0,0.0,1
zero_noise,0,9,0.0,0.0,0.0,0.0,1
zero_noise,0,10,0.0,0.0,0.0,0.0,1
zero_noise,1,1,0.0,0.0,0.0,0.0,1
zero_noise,1,2,0.0,0.0,0.0,0.0,1
zero_noise,1,3,0.0,0.0,0.0,0.0,1
zero_noise,1,4,0.0,0.0,0.0,0.0,1
zero_noise,1,5,0.0,0.0,0.0,0.0,1
zero_noise,1,6,0.0,0.0,0.0,0.0,1
zero_noise,1,7,0.0,0.0,0.0,0.0,1
zero_noise,1,8,0.0,0.0,0.0,0.0,1
zero_noise,1,9,0.0,0.0,0.0,0.0,1
zero_noise,1,10,0.0,0.0,0.0,0.0,1
zero_noise,2,2,0.0,0.0,0.0,0.0,1
zero_noise,2,3,0.0,0.0,0.0,0.0,1
zero_noise,2,4,0.0,0.0,0.0,0.0,1
zero_noise,2,5,0.0,0.0,0.0,0.0,1
zero_noise,2,6,0.0,0.0,0.0,0.0,1
zero_noise,2,7,0.0,0.0,0.0,0.0,1
zero_noise,2,8,0.0,0.0,0.0,0.0,1
zero_noise,2,9,0.0,0.0,0.0,0.0,1
zero_noise,2,10,0.0,0.0,0.0,0.0,1
zero_noise,3,3,0.0,0.0,0.0,0.0,1
zero_noise,3,4,0.0,0.0,0.0,0.0,1
zero_noise,3,5,0.0,0.0,0.0,0.0,1
zero_noise,3,6,0.0,0.0,0.0,0.0,1
zero_noise,3,7,0.0,0.0,0.0,0.0,1
zero_noise,3,8,0.0,0.0,0.0,0.0,1
zero_noise,3,9,0.0,0.0,0.0,0.0,1
zero_noise,3,10,0.0,0.0,0.0,0.0,1
zero_noise,4,4,0.0,0.0,0.0,0.0,1
zero_noise,4,5,0.0,0.0,0.0,0.0,1
zero_noise,4,6,0.0,0.0,0.0,0.0,1
zero_noise,4,7,0.0,0.0,0.0,0.0,1
zero_noise,4,8,0.0,0.0,0.0,0.0,1
zero_noise,4,9,0.0,0.0,0.0,0.0,1
zero_noise,4,10,0.0,0.0,0.0,0.0,1
zero_noise,5,5,0.0,0.0,0.0,0.0,1
zero_noise,5,6,0.0,0.0,0.0,0.0,1
zero_noise,5,7,0.0,0.0,0.0,0.0,1
zero_noise,5,8,0.0,0.0,0.0,0.0,1
zero_noise,5,9,0.0,0.0,0.0,0.0,1
zero_noise,5,10,0.0,0.0,0.0,0.0,1
zero_noise,6,6,0.0,0.0,0.0,0.0,1
zero_noise,6,7,0.0,0.0,0.0,0.0,1
zero_noise,6,8,0.0,0.0,0.0,0.0,1
zero_noise,6,9,0.0,0.0,0.0,0.0,1
zero_noise,6,10,0.0,0.0,0.0,0.0,1
zero_noise,7,7,0.0,0.0,0.0,0.0,1
zero_noise,7,8,0.0,0.0,0.0,0.0,1
zero_noise,7,9,0.0,0.0,0.0,0.0,1
zero_noise,7,10,0.0,0.0,0.0,0.0,1
zero_noise,8,8,0.0,0.0,0.0,0.0,1
zero_noise,8,9,0.0,0.0,0.0,0.0,1
zero_noise,8,10,0.0,0.0,0.0,0.0,1
zero_noise,9,9,0.0,0.0,0.0,0.0,1
zero_noise,9,10,0.0,0.0,0.0,0.0,1
zero_noise,10,10,0.0,0.0,0.0,0.0,1
independent_sources,0,0,0.48999999999999994,0.47880852986273414,0.45254076992161385,0.5072066352403659,1
independent_sources,0,1,0.0,-0.00319447578187319,-0.02695729132916372,0.020554126700111364,1
independent_sources,0,2,0.0,0.0035395975450849006,-0.01724873457779169,0.02434367827101877,1
independent_sources,0,3,0.0,-0.0016282281196836103,-0.022714309721515863,0.01945060906579424,1
independent_sources,0,4,0.0,0.0005919132087541393,-0.01761817796314727,0.018804637958640152,1
independent_sources,0,5,0.0,-0.0038973345105120004,-0.020134798039938118,0.012322788749743435,1
independent_sources,0,6,0.0,0.004079053952654455,-0.019846692592079523,0.02802294928428614,1
independent_sources,0,7,0.0,-0.0011612141664928198,-0.022123030968814683,0.01979543608772874,1
independent_sources,0,8,0.0,0.0031269120599834535,-0.015080856762255124,0.021348593338709143,1
independent_sources,0,9,0.0,-0.0034568417687751802,-0.02304842051411435,0.016119356575782617,1
independent_sources,0,10,0.0,-0.0010292340052257163,-0.018181436820189828,0.01611838947618563,1
independent_sources,1,1,0.36,0.3534794833478595,0.33408735970429215,0.3744443304440903,1
independent_sources,1,2,0.0,-0.0015324839478785056,-0.01875487594018585,0.01568308961914766,1
independent_sources,1,3,0.0,0.0002019240156792594,-0.017302862526635432,0.017707608971197747,1
independent_sources,1,4,0.0,-0.0027826154731724977,-0.017422990084409312,0.011845378547901145,1
independent_sources,1,5,0.0,-0.0021556932387960647,-0.014812058612793305,0.010491080887411339,1
independent_sources,1,6,0.0,-0.004293947279728943,-0.02466109702516775,0.016054097561720992,1
independent_sources,1,7,0.0,-0.003623383040835351,-0.02101345361778187,0.013750566149284604,1
independent_sources,1,8,0.0,-0.0005518336367589926,-0.015190562669201518,0.014084440142285826,1
independent_sources,1,9,0.0,-0.005446792734206633,-0.02146557474315766,0.010547755057262381,1
independent_sources,1,10,0.0,-0.0004727291065002528,-0.014046470258188809,0.013098908748709753,1
independent_sources,2,2,0.25,0.24979246944318734,0.23608868554377696,0.26460764592264585,1
independent_sources,2,3,0.0,-0.0037648065247443607,-0.01831891499203228,0.01077255132533625,1
independent_sources,2,4,0.0,-0.0014177331491538336,-0.013095568809432648,0.010253794642413147,1
independent_sources,2,5,0.0,0.0005912793670364341,-0.009099472413905754,0.010284661905834214,1
independent_sources,2,6,0.0,0.0003482918788432628,-0.017049028003152805,0.01774716140327129,1
independent_sources,2,7,0.0,0.0009205570887929039,-0.013499902303864178,0.015345112282737633,1
independent_sources,2,8,0.0,-0.00026288232868156534,-0.011941465960601055,0.011414531670421627,1
independent_sources,2,9,0.0,5.7112183828489145e-05,-0.01298992307256451,0.013104401547390884,1
independent_sources,2,10,0.0,0.0016405033680609304,-0.00896903402906997,0.01225733979736393,1
independent_sources,3,3,0.25,0.25982142353189597,0.24556744442494147,0.27523141668080964,1
independent_sources,3,4,0.0,0.001553011223797953,-0.010404468593101818,0.013517400797243645,1
independent_sources,3,5,0.0,-0.0006481253583325107,-0.0106278873277844,0.009328752930455236,1
independent_sources,3,6,0.0,-0.0037910883189041624,-0.02148386976728675,0.013884825577636983,1
independent_sources,3,7,0.0,-0.0009232874369543542,-0.015634101674168482,0.013783418850932996,1
independent_sources,3,8,0.0,0.0012340201378058667,-0.010727486406420544,0.013201017163101791,1
independent_sources,3,9,0.0,0.004252220584305365,-0.009071735069464529,0.01759509548899052,1
independent_sources,3,10,0.0,-0.0021584807572422532,-0.013062722464806331,0.008736157300127223,1
independent_sources,4,4,0.16000000000000003,0.15923332105404586,0.15049767331344768,0.16867743983827044,1
independent_sources,4,5,0.0,-0.000736182822693086,-0.007845089254825827,0.006369448137891108,1
independent_sources,4,6,0.0,0.0011042243004890002,-0.013706615446633874,0.015919977032767166,1
independent_sources,4,7,0.0,-0.0040698596365806045,-0.015916622405850275,0.007758795253728495,1
independent_sources,4,8,0.0,-0.0015350662306898965,-0.010631681539959012,0.00755471916404063,1
independent_sources,4,9,0.0,-0.0013842366745701745,-0.011849679938067181,0.00907504775486516,1
independent_sources,4,10,0.0,-0.0006965216802390239,-0.008726459634276942,0.007330317265133904,1
independent_sources,5,5,0.09,0.08977185656457112,0.08484691176798864,0.09509622002859974,1
independent_sources,5,6,0.0,0.002266193305966359,-0.010559446921814555,0.01510191642548063,1
independent_sources,5,7,0.0,0.00035718811421806294,-0.009497111537453626,0.010213076990019304,1
independent_sources,5,8,0.0,0.0018075172917679661,-0.005299047433594398,0.00892212413829941,1
independent_sources,5,9,0.0,8.195521250468526e-06,-0.008471535527144969,0.008487963033681531,1
independent_sources,5,10,0.0,0.0018327441756374435,-0.004208952526900539,0.00788259524040448,1
independent_sources,6,6,0.36,0.35975472046656354,0.34001833306843404,0.38109175150241337,1
independent_sources,6,7,0.0,-0.005858496717088248,-0.023432651522711817,0.011689592091445211,1
independent_sources,6,8,0.0,0.0010306443724904832,-0.013783676152474153,0.015849550506103746,1
independent_sources,6,9,0.0,-0.002046577506253197,-0.018236907211566566,0.014134646435944004,1
independent_sources,6,10,0.0,0.0013961161243258966,-0.01235257945823523,0.015151023395753888,1
independent_sources,7,7,0.25,0.25550417033550227,0.2414870386602341,0.27065810745456886,1
independent_sources,7,8,0.0,0.0009321427024769003,-0.010906809542531593,0.012775242296224051,1
independent_sources,7,9,0.0,0.002569191477409982,-0.010635282431176812,0.015785096396511544,1
independent_sources,7,10,0.0,0.0015007538703358258,-0.009272121521848933,0.012280306512317929,1
independent_sources,8,8,0.16000000000000003,0.15934953623000675,0.1506075128462163,0.16880054772939282,1
independent_sources,8,9,0.0,0.000721394113040196,-0.009742681986675036,0.011188679885434177,1
independent_sources,8,10,0.0,0.0006722705530403687,-0.007357939431751573,0.008705471646836146,1
independent_sources,9,9,0.2025,0.2073185681737696,0.1959449312385911,0.21961462009963303,1
independent_sources,9,10,0.0,-0.0008202427612141527,-0.010222936533167401,0.008578801534353017,1
independent_sources,10,10,0.12249999999999998,0.12204354877000276,0.11534815710191358,0.1292819443759125,1
shared_imu_bias,0,0,1.1300000000000001,1.1365014332009158,1.0741521955450624,1.2039072654886591,1
shared_imu_bias,0,1,0.0,-0.004285200852819449,-0.0610626878724988,0.05247322017803141,1
shared_imu_bias,0,2,0.0,0.009816724197270643,-0.03985982392405202,0.059536949513736726,1
shared_imu_bias,0,3,0.36000000000000004,0.3593666528119716,0.3148193053856436,0.4055129172606693,1
shared_imu_bias,0,4,0.0,0.005251684795023183,-0.037538036226203886,0.048064771947050555,1
shared_imu_bias,0,5,0.0,0.006450964706835102,-0.034339190646440976,0.047269822103552905,1
shared_imu_bias,0,6,0.52,0.5216015121212492,0.4678193057945143,0.5777044611493368,1
shared_imu_bias,0,7,0.0,0.002818510779657872,-0.047516661252998915,0.05316622311016378,1
shared_imu_bias,0,8,0.08000000000000002,0.0836506871634909,0.039309338723214626,0.12836421957407151,1
shared_imu_bias,0,9,0.0,0.00164219840787917,-0.03656702359336361,0.039858726982973214,1
shared_imu_bias,0,10,0.0,-0.0027091067110903023,-0.03870716059238416,0.033276893639911154,1
shared_imu_bias,1,1,0.8499999999999999,0.8523799611875191,0.8056178197413039,0.9029345658987673,1
shared_imu_bias,1,2,0.0,-0.0027121960918947063,-0.04430703550213705,0.03887057604258498,1
shared_imu_bias,1,3,0.0,-0.0033891202724161884,-0.04063388480838681,0.03384056517357209,1
shared_imu_bias,1,4,0.315,0.3170195836443734,0.2830330123755205,0.35241665865570815,1
shared_imu_bias,1,5,0.0,-0.004896610367627379,-0.03760242895160143,0.027787421905325738,1
shared_imu_bias,1,6,0.06999999999999999,0.06380237596499067,0.017111316033478874,0.11077730949523462,1
shared_imu_bias,1,7,0.42,0.41504212246218825,0.3737335771628445,0.45819729963294054,1
shared_imu_bias,1,8,0.0,-0.002394973642050594,-0.038818161055653055,0.03401755790213712,1
shared_imu_bias,1,9,0.0,-0.0032687586079425475,-0.03337932473417332,0.02682726394909679,1
shared_imu_bias,1,10,0.0,-0.00012857445590968425,-0.028011306656357093,0.02775358568287145,1
shared_imu_bias,2,2,0.61,0.6046956624763157,0.5715216492566318,0.6405601261886125,1
shared_imu_bias,2,3,0.0,0.0033356165351382657,-0.026824620630598817,0.03351069473861876,1
shared_imu_bias,2,4,0.0,0.0005149688501685037,-0.02710614136743511,0.02813837030001115,1
shared_imu_bias,2,5,0.27,0.26903535321781485,0.24400849971838745,0.29525921596257315,1
shared_imu_bias,2,6,0.0,0.0047026562101631425,-0.03505031153543475,0.04447654731357953,1
shared_imu_bias,2,7,0.09,0.08769432214100231,0.05272711579674538,0.1230517036540999,1
shared_imu_bias,2,8,0.3,0.2988770620947955,0.270193661361752,0.32889024570680075,1
shared_imu_bias,2,9,0.0,-0.0030416069246364933,-0.026082100415621035,0.019985353654907584,1
shared_imu_bias,2,10,0.0,0.00014642805673523136,-0.020666125057985735,0.020959632668501454,1
shared_imu_bias,3,3,0.4525,0.45223679372060666,0.42742677720440214,0.4790589310108566,1
shared_imu_bias,3,4,0.0,0.0005286077054549291,-0.022740891389334966,0.02380045871534822,1
shared_imu_bias,3,5,0.0,0.0012071234645685154,-0.020063968470804716,0.022483586210617967,1
shared_imu_bias,3,6,0.29250000000000004,0.2900048131870852,0.2552381184957042,0.3260618157819555,1
shared_imu_bias,3,7,0.0,-0.002660167939794703,-0.033476798981486144,0.028144627313105353,1
shared_imu_bias,3,8,0.045000000000000005,0.04555988534041253,0.02066452792248641,0.07065795070477204,1
shared_imu_bias,3,9,0.0,-0.0010477557929543238,-0.019732232917772874,0.0176320595899927,1
shared_imu_bias,3,10,0.0,0.00042402035298959626,-0.016036334439678945,0.016886261724045143,1
shared_imu_bias,4,4,0.36250000000000004,0.3630579168455449,0.3431403138589075,0.3845908602618194,1
shared_imu_bias,4,5,0.0,-0.001861499420602512,-0.020594016061377285,0.016862734918274086,1
shared_imu_bias,4,6,0.045000000000000005,0.04395354357029968,0.011184877232169987,0.07691777081664997,1
shared_imu_bias,4,7,0.27,0.2708754901924181,0.24321277714604295,0.2997433997388631,1
shared_imu_bias,4,8,0.0,-0.001241509015361809,-0.02369558045614953,0.02120703862436485,1
shared_imu_bias,4,9,0.0,-0.0027676198144949366,-0.018910521152753323,0.013362967653240992,1
shared_imu_bias,4,10,0.0,-0.001528616990216804,-0.015447913831276569,0.012383878630676262,1
shared_imu_bias,5,5,0.2925,0.29309603829359604,0.2770165913050542,0.3104795468614451,1
shared_imu_bias,5,6,0.0,0.0027093791504469084,-0.028154142558939332,0.03358495560228014,1
shared_imu_bias,5,7,0.0675,0.05962262108345692,0.03348684588209783,0.08602367305165745,1
shared_imu_bias,5,8,0.225,0.22702435531461077,0.2070749891035499,0.24798381276080378,1
shared_imu_bias,5,9,0.0,-0.0016696646173129303,-0.015813225697810518,0.01246646768492328,1
shared_imu_bias,5,10,0.0,-0.0005521715913758794,-0.012472398489245501,0.011365598549446798,1
shared_imu_bias,6,6,0.7925,0.7884273823366464,0.7451737226406493,0.8351889634066973,1
shared_imu_bias,6,7,0.06,0.05883646197823501,0.018560866559856504,0.09937383633424479,1
shared_imu_bias,6,8,0.065,0.06465329451149313,0.030204641160340995,0.09938960742242348,1
shared_imu_bias,6,9,0.0,-0.0015249871203396295,-0.029806297649079938,0.026749538338482398,1
shared_imu_bias,6,10,0.0,-0.0018302993094906506,-0.02789144087343845,0.024222698770082457,1
shared_imu_bias,7,7,0.6325,0.6272252932734506,0.592815289263229,0.6644259880459574,1
shared_imu_bias,7,8,0.075,0.07274820899582386,0.04291869934530049,0.10290139461572317,1
shared_imu_bias,7,9,0.0,-0.003014554493875523,-0.026698043265847182,0.02065552173005536,1
shared_imu_bias,7,10,0.0,-0.0004212359105295681,-0.021878107331294194,0.02103376132056689,1
shared_imu_bias,8,8,0.42000000000000004,0.42353009026141725,0.40029494292179757,0.4486496346799144,1
shared_imu_bias,8,9,0.0,-0.002979699612402206,-0.020849109088940665,0.014876452394656098,1
shared_imu_bias,8,10,0.0,0.000832467165887348,-0.014807613470896958,0.016476251668658348,1
shared_imu_bias,9,9,0.2025,0.20229750700571686,0.19119932888379204,0.21429576009286871,1
shared_imu_bias,9,10,0.0,0.0005986392395657362,-0.008727396441017027,0.00992733842401819,1
shared_imu_bias,10,10,0.12249999999999998,0.12448946046016338,0.11765988442169041,0.13187292294268413,1
shared_bearing,0,0,0.6499999999999999,0.6480954947860254,0.6125405373986949,0.6865339999667484,1
shared_bearing,0,1,0.08000000000000002,0.07468183202940182,0.03745415015707454,0.11224179306998089,1
shared_bearing,0,2,-0.04000000000000001,-0.03833933525698336,-0.0669232819701675,-0.009925970358470176,1
shared_bearing,0,3,0.27999999999999997,0.2809228649259249,0.24205726669459246,0.3210383630775411,1
shared_bearing,0,4,-0.08000000000000002,-0.07796871613257646,-0.1125224369703321,-0.04376189867737246,1
shared_bearing,0,5,0.13999999999999999,0.14309460702255658,0.11624695879183233,0.17057892090154653,1
shared_bearing,0,6,0.32000000000000006,0.3210109356989227,0.2746999649503366,0.36875016876800953,1
shared_bearing,0,7,0.04000000000000001,0.03936614458213741,0.006370627195190548,0.07253681232926612,1
shared_bearing,0,8,0.12,0.1199913206634429,0.09340822383501254,0.147108290525568,1
shared_bearing,0,9,0.18000000000000002,0.1792919867924537,0.15544681439581962,0.20393487652711506,1
shared_bearing,0,10,0.0,0.0004102657095577332,-0.021642024766987178,0.022464381566453306,1
shared_bearing,1,1,0.65,0.6620076617716786,0.6256894734896427,0.7012712967474019,1
shared_bearing,1,2,0.13,0.1363675681396298,0.10777518980035372,0.1655666817569038,1
shared_bearing,1,3,0.19,0.19079249504241608,0.15132929974477805,0.2311045764725795,1
shared_bearing,1,4,0.26,0.2630298026321977,0.228837587796689,0.29839230643450143,1
shared_bearing,1,5,-0.08,-0.08571854727040709,-0.11347231071035283,-0.05834616825578581,1
shared_bearing,1,6,0.11000000000000003,0.11440895646510697,0.06724128219534953,0.1620856663578753,1
shared_bearing,1,7,0.27,0.2763421715607722,0.24347674842497347,0.31043711390390194,1
shared_bearing,1,8,0.16,0.16639730937244146,0.13952035861332548,0.19401460564873377,1
shared_bearing,1,9,0.09000000000000001,0.08894259024287893,0.06449933352623474,0.113781576002383,1
shared_bearing,1,10,0.175,0.18055528269152782,0.15850665838972028,0.2034072450680136,1
shared_bearing,2,2,0.35,0.3503630065033791,0.3311418548883123,0.37114301554365337,1
shared_bearing,2,3,-0.039999999999999994,-0.03744317548932391,-0.0685189454843696,-0.006534000057777212,1
shared_bearing,2,4,0.2,0.20046721380451046,0.17503098589022364,0.22679537322682705,1
shared_bearing,2,5,-0.125,-0.12229151560358216,-0.14123147478409515,-0.10389566363073723,1
shared_bearing,2,6,-0.11000000000000001,-0.10378521274622486,-0.14254312306946437,-0.06548907020814765,1
shared_bearing,2,7,0.13999999999999999,0.139773927190847,0.11549985563591489,0.16466988981363428,1
shared_bearing,2,8,0.03,0.03428555399869979,0.016009868867927962,0.05271378460212722,1
shared_bearing,2,9,-0.045000000000000005,-0.0436131375784327,-0.059456116341992105,-0.027964205167052905,1
shared_bearing,2,10,0.105,0.10678061520212857,0.093463035073953,0.12057329045103726,1
shared_bearing,3,3,0.75,0.7354670785148694,0.6951188569229062,0.7790875871207499,1
shared_bearing,3,4,-0.07999999999999999,-0.07826938243198249,-0.11531758904901945,-0.04156941694116473,1
shared_bearing,3,5,0.21499999999999997,0.2138226110060711,0.18463848964012114,0.24395808556473042,1
shared_bearing,3,6,0.5499999999999999,0.5475684769210641,0.49926769639308766,0.5983055340256558,1
shared_bearing,3,7,0.12,0.1216557714770925,0.08634950130979119,0.15750332025876188,1
shared_bearing,3,8,0.22999999999999998,0.23221850087736257,0.20339125130399469,0.2620789518094453,1
shared_bearing,3,9,0.315,0.3120884048742917,0.28604483871495545,0.33952053466114596,1
shared_bearing,3,10,0.034999999999999996,0.03490190604925739,0.010432529867836271,0.05952657001617187,1
shared_bearing,4,4,0.56,0.5564270005828884,0.525901038816381,0.5894286528342466,1
shared_bearing,4,5,-0.25,-0.25249470902906523,-0.2776059357247203,-0.22850689789010004,1
shared_bearing,4,6,-0.22000000000000003,-0.2197288814509666,-0.2646263370961124,-0.17580905755353338,1
shared_bearing,4,7,0.27999999999999997,0.27788645261184813,0.248038017242874,0.30897127810185576,1
shared_bearing,4,8,0.06,0.0616526821170549,0.037556265431231584,0.08602340784669316,1
shared_bearing,4,9,-0.09000000000000001,-0.08899541254415086,-0.11082096350385648,-0.06756582564765495,1
shared_bearing,4,10,0.21,0.21148429193901694,0.19251802560706227,0.2313915076654089,1
shared_bearing,5,5,0.3025,0.30367236805199865,0.28701269645628175,0.3216831581076566,1
shared_bearing,5,6,0.30999999999999994,0.3107080268249455,0.27420488612602756,0.3485935894853611,1
shared_bearing,5,7,-0.11499999999999999,-0.11444020944840068,-0.13794713912415735,-0.09144245444842111,1
shared_bearing,5,8,0.045,0.04551078024459812,0.028592741860945153,0.06263130809316127,1
shared_bearing,5,9,0.1575,0.15747025744484427,0.14340728996267316,0.17223385163562926,1
shared_bearing,5,10,-0.105,-0.10591395301242201,-0.11837202550600684,-0.09392711963090568,1
shared_bearing,6,6,1.01,0.9994423082159892,0.9446122268998894,1.0587191719671818,1
shared_bearing,6,7,0.030000000000000013,0.035270793202887125,-0.00776220545809303,0.07846072092560202,1
shared_bearing,6,8,0.21999999999999997,0.22379056273036152,0.18741001037977736,0.26116681831995225,1
shared_bearing,6,9,0.36000000000000004,0.35802544488500904,0.32454951801182874,0.39309432139274353,1
shared_bearing,6,10,-0.034999999999999996,-0.035102326681291096,-0.06726199022769452,-0.0030988426446345585,1
shared_bearing,7,7,0.51,0.5109800506551085,0.48294733931398925,0.5412862470140869,1
shared_bearing,7,8,0.13,0.13028863126826182,0.10764208088223381,0.15351487013881143,1
shared_bearing,7,9,0.045000000000000005,0.04534882795441281,0.025119320053981903,0.06578010475129945,1
shared_bearing,7,10,0.175,0.1762804367652364,0.15853303139433061,0.19481216029379317,1
shared_bearing,8,8,0.29000000000000004,0.2926030503009598,0.276550648967282,0.3099573197803394,1
shared_bearing,8,9,0.135,0.13646426850180227,0.1226705181366115,0.15086518439040889,1
shared_bearing,8,10,0.06999999999999999,0.07180865030611822,0.06006189289062405,0.08387490334656648,1
shared_bearing,9,9,0.2025,0.2013010201910965,0.1902575100101121,0.21324017170464946,1
shared_bearing,9,10,0.0,2.2469211096167076e-06,-0.009298251028659263,0.009302754868023136,1
shared_bearing,10,10,0.12249999999999998,0.12454474244072011,0.11771213359538658,0.13193148369421404,1
seed_feedback,0,0,0.48999999999999994,0.4871305673177405,0.46040625477061103,0.5160222522409844,1
seed_feedback,0,1,0.0,0.00507442847491889,-0.018909291189009247,0.029080725609527375,1
seed_feedback,0,2,0.0,0.004558280090395493,-0.016543357367968886,0.025680198539141802,1
seed_feedback,0,3,0.44099999999999995,0.44141404382939464,0.40981896218018427,0.47497309298385326,1
seed_feedback,0,4,0.0,0.005458943889831581,-0.018164036503932834,0.02910621256477422,1
seed_feedback,0,5,0.0735,0.0751518577493433,0.05385777884825943,0.09678030708707724,1
seed_feedback,0,6,0.15946336636569408,0.15828902309815945,0.132330205455876,0.18495211035340123,1
seed_feedback,0,7,0.18306793308785405,0.1800928577953989,0.1566210847836044,0.20436591143154548,1
seed_feedback,0,8,0.009799999999999998,0.011685528993292747,-0.008085358771162593,0.031508408758331746,1
seed_feedback,0,9,0.19599999999999998,0.19626878160688882,0.1747069245650673,0.21870389022454742,1
seed_feedback,0,10,0.0,0.0008957920475753128,-0.017653654684106262,0.019449224394344294,1
seed_feedback,1,1,0.36,0.35354136780712037,0.3341458491402446,0.3745098852669446,1
seed_feedback,1,2,0.0,-0.0024089084586967086,-0.01971305501087839,0.014884520224395653,1
seed_feedback,1,3,0.036,0.0384751537990396,0.00979667178671681,0.06732482191854908,1
seed_feedback,1,4,0.252,0.246496170668824,0.2272223997090865,0.2668666681059569,1
seed_feedback,1,5,0.0,-0.0013906520663200693,-0.019042019538726446,0.016254528028254694,1
seed_feedback,1,6,-0.09939282981626808,-0.09252296776770987,-0.11522675942395552,-0.07023083519826698,1
seed_feedback,1,7,0.10866624470593571,0.10470077776659988,0.08487427546625836,0.1249931214423628,1
seed_feedback,1,8,0.0702,0.06776197329846416,0.05192882531544743,0.0838966121731051,1
seed_feedback,1,9,0.036,0.04015507963750569,0.02205891741384758,0.058429902401490985,1
seed_feedback,1,10,0.108,0.10687291052090388,0.09237221420107229,0.12184911260768623,1
seed_feedback,2,2,0.25,0.2525265701510244,0.23867279163671248,0.26750390598056056,1
seed_feedback,2,3,0.0,0.0049887006866312575,-0.02088104591100229,0.0308806433294041,1
seed_feedback,2,4,0.05,0.04956312204415942,0.03273447799263393,0.06661228549807839,1
seed_feedback,2,5,0.2,0.20277000071713988,0.1884560459865504,0.21798613266210562,1
seed_feedback,2,6,-0.0008948903727725686,3.703388862159154e-05,-0.01957761539174055,0.019651847942521977,1
seed_feedback,2,7,-0.0017813643576310573,-0.003345785527563028,-0.02052942121103868,0.013822963873639793,1
seed_feedback,2,8,0.08625000000000002,0.08902667359987722,0.07612406219270759,0.1023253881589393,1
seed_feedback,2,9,0.0,0.0019195439593358524,-0.013378447810092647,0.017226076286124825,1
seed_feedback,2,10,0.05,0.050951049367964206,0.03920917793893351,0.06291961545412146,1
seed_feedback,3,3,0.6505000000000001,0.6542161726519139,0.6183254307352135,0.6930176948721781,1
seed_feedback,3,4,0.025199999999999997,0.024910851944690636,-0.0034379217810047435,0.053370460620997984,1
seed_feedback,3,5,0.06615,0.0668463911787969,0.04076476900538292,0.09322543057749644,1
seed_feedback,3,6,0.1335777467474979,0.1363247114418848,0.1055479646250993,0.16770800285592014,1
seed_feedback,3,7,0.17562776424966223,0.17524078178638805,0.14698914802498858,0.2042721080062253,1
seed_feedback,3,8,0.01584,0.0204127598102421,-0.004107779744992296,0.04502412111779769,1
seed_feedback,3,9,0.17999999999999997,0.17963967139655287,0.15327175403943197,0.20680685303220767,1
seed_feedback,3,10,0.010799999999999999,0.010848000543252665,-0.012448372854816092,0.03419263955693014,1
seed_feedback,4,4,0.34640000000000004,0.34093273437370597,0.3222289338688029,0.36115343453584375,1
seed_feedback,4,5,0.04000000000000001,0.04246999316988026,0.025276083351903372,0.05985286318905497,1
seed_feedback,4,6,-0.06975395894594218,-0.06861840925989231,-0.09090913820837376,-0.046632981712514815,1
seed_feedback,4,7,0.07571009842262878,0.07463367472465085,0.05510016805336382,0.09449924629963866,1
seed_feedback,4,8,0.06639,0.06601530167840979,0.05053815185894406,0.08178617098677217,1
seed_feedback,4,9,0.025199999999999997,0.02885147348804636,0.01109004876674416,0.046741266024558026,1
seed_feedback,4,10,0.08560000000000001,0.08403428871216372,0.0698426687311569,0.09859979940794124,1
seed_feedback,5,5,0.26102500000000006,0.2647709172443323,0.2502454055631637,0.2804744645704261,1
seed_feedback,5,6,0.02320359265663606,0.02280299772720217,0.0028895081698404046,0.042817943835810085,1
seed_feedback,5,7,0.02603509847707326,0.023846032859043798,0.006373402795676497,0.041424760212062095,1
seed_feedback,5,8,0.07047000000000002,0.07426325700583836,0.0609783162656542,0.08787861456359305,1
seed_feedback,5,9,0.029399999999999996,0.03168336779385331,0.016102103409839114,0.0474055998377637,1
seed_feedback,5,10,0.04000000000000001,0.039690955974074606,0.02757454881649457,0.051983958663389646,1
seed_feedback,6,6,0.4393397194138621,0.43468112543223797,0.4108342247576336,0.4604620370823106,1
seed_feedback,6,7,0.0295813769024675,0.0311612917634303,0.008855247128852661,0.05360598120394558,1
seed_feedback,6,8,-0.016501071665464932,-0.01591304875297049,-0.034248286906801206,0.002351388049844999,1
seed_feedback,6,9,0.05384606356465082,0.04905249838227611,0.02866018559048203,0.06966305867711395,1
seed_feedback,6,10,-0.02999682701943494,-0.02900998453236785,-0.04612891432149538,-0.012020127815892956,1
seed_feedback,7,7,0.35120932209985256,0.3492462145205511,0.3300863308693557,0.3699599866948645,1
seed_feedback,7,8,0.02423670567603183,0.02224687459608286,0.0064350673489300125,0.03815766405599212,1
seed_feedback,7,9,0.08409379770573518,0.08664613346595462,0.06877599179791183,0.10490178663495968,1
seed_feedback,7,10,0.032243600540254505,0.029673399661228714,0.01512355792398909,0.04435526618000746,1
seed_feedback,8,8,0.20364125000000005,0.20645887874635926,0.19513240495489093,0.21870394254350628,1
seed_feedback,8,9,0.010939999999999998,0.011065070095914186,-0.0028976820557356647,0.025077053662865417,1
seed_feedback,8,10,0.038310000000000004,0.038992274666598256,0.02853869355497178,0.04961934269254337,1
seed_feedback,9,9,0.2845,0.2835925273594206,0.26803444941142035,0.30041238326000713,1
seed_feedback,9,10,0.010799999999999999,0.013814462183030465,0.0011032706421804095,0.026587117909737723,1
seed_feedback,10,10,0.1649,0.16282438653290815,0.1538917305101922,0.17248149119672002,1
duplicate_information,0,0,0.48999999999999994,0.48835877524784543,0.461567082382585,0.5173233051102438,1
duplicate_information,0,1,0.0,-0.0005981570985947457,-0.0245626921590599,0.02336371660317299,1
duplicate_information,0,2,0.0,0.0011932633024725582,-0.019712905725057517,0.02210474147316205,1
duplicate_information,0,3,0.0,-0.003895587998667997,-0.024911086086201795,0.017102577590386914,1
duplicate_information,0,4,0.0,-0.0022155471660177594,-0.02067665440889291,0.016235702523158646,1
duplicate_information,0,5,0.0,0.00514038211419292,-0.01131903514352156,0.02162267028772427,1
duplicate_information,0,6,-0.39199999999999996,-0.3933477652492115,-0.42440900517769276,-0.3640366332749546,1
duplicate_information,0,7,0.048999999999999995,0.04541977965792316,0.022433757862443726,0.06860788603270082,1
duplicate_information,0,8,-0.09799999999999999,-0.09354610437668515,-0.11503467196459724,-0.07247374808020499,1
duplicate_information,0,9,0.0,-0.0018351602487994064,-0.02175853811094297,0.01808005250136835,1
duplicate_information,0,10,0.0,0.0006043973821569684,-0.016753878019081653,0.01796536190676032,1
duplicate_information,1,1,0.36,0.3511988970670365,0.33193188793002776,0.37202848272683475,1
duplicate_information,1,2,0.0,-0.0011012126519550805,-0.018097579061120195,0.015890254171673418,1
duplicate_information,1,3,0.0,0.004549432368725359,-0.012532371674588705,0.02165147803657405,1
duplicate_information,1,4,0.0,0.00021274856391434503,-0.014328049632161471,0.01475449333446413,1
duplicate_information,1,5,0.0,-0.0011346118447241112,-0.013693081671311239,0.011418809794508628,1
duplicate_information,1,6,-0.072,-0.06567071338970722,-0.09208808552072029,-0.03954552758340815,1
duplicate_information,1,7,-0.216,-0.20868894957445314,-0.2283253627663584,-0.1899810485615272,1
duplicate_information,1,8,0.108,0.10511553755147368,0.08798382596753997,0.12271493588650627,1
duplicate_information,1,9,0.0,-0.000922272283189745,-0.0169287123229524,0.015080064323932968,1
duplicate_information,1,10,0.0,0.0015018837057338042,-0.011939488136107665,0.014949937824308326,1
duplicate_information,2,2,0.25,0.24418779876310526,0.23079149088968778,0.25867056255846804,1
duplicate_information,2,3,0.0,3.5179042101452305e-05,-0.014002286771054806,0.014072801376094596,1
duplicate_information,2,4,0.0,-0.003298380336556434,-0.014792608719899972,0.008181172682712276,1
duplicate_information,2,5,0.0,0.0002998068859309558,-0.009201091105017073,0.009802038796789439,1
duplicate_information,2,6,0.025,0.024848465382497034,0.001686845884018906,0.048120642257317714,1
duplicate_information,2,7,-0.075,-0.07556263137585983,-0.09184850673469712,-0.05961295409387932,1
duplicate_information,2,8,-0.175,-0.17120066870432418,-0.1858927013466723,-0.15727035299171938,1
duplicate_information,2,9,0.0,-0.0014278085005694013,-0.014380992390309266,0.011519022692562747,1
duplicate_information,2,10,0.0,0.0022173078749652413,-0.008168091629457488,0.012612572766945149,1
duplicate_information,3,3,0.25,0.2476215452624818,0.23403685973261287,0.2623079643581315,1
duplicate_information,3,4,0.0,-0.0003340952424229152,-0.011919737421839674,0.011250060459141745,1
duplicate_information,3,5,0.0,-0.0033606339115708666,-0.012967683274983516,0.006231463105192181,1
duplicate_information,3,6,0.23484317821184472,0.23493358508818546,0.21214131940459052,0.2587711322562585,1
duplicate_information,3,7,0.08572445186386284,0.08146527306127911,0.06543071874496269,0.09786228786414966,1
duplicate_information,3,8,0.0,-0.0012413119306906824,-0.015653255809441394,0.013165109023880739,1
duplicate_information,3,9,0.0,0.004604710551938507,-0.008433061442806311,0.017662970118434845,1
duplicate_information,3,10,0.0,-0.0007923658424398711,-0.011282469002136697,0.009694211872635111,1
duplicate_information,4,4,0.16000000000000003,0.15825867984405645,0.14957650157974303,0.16764499271618727,1
duplicate_information,4,5,0.0,0.001224017199147698,-0.005822179630993005,0.008275660004645517,1
duplicate_information,4,6,-0.054863649192872226,-0.05318034429716993,-0.0740629040398601,-0.0325343979327293,1
duplicate_information,4,7,0.15029963405558064,0.14918963513666364,0.13585639596730317,0.16318665834195295,1
duplicate_information,4,8,0.0,0.004039817437115045,-0.007809724500631707,0.015907333588153244,1
duplicate_information,4,9,0.0,0.0006141043546585657,-0.009881891897570591,0.011112832919133411,1
duplicate_information,4,10,0.0,0.0016960256325730199,-0.006237888399858768,0.009637485730375872,1
duplicate_information,5,5,0.09,0.08870222824076021,0.08383596397780183,0.09396315211263462,1
duplicate_information,5,6,0.0,-0.007432003242091195,-0.026227464016572027,0.01133039058975302,1
duplicate_information,5,7,0.0,0.001102317609471601,-0.010575035576558409,0.012784575297285675,1
duplicate_information,5,8,0.09,0.0871239034443527,0.07744451876316763,0.09719092535114685,1
duplicate_information,5,9,0.0,0.0008704501425629813,-0.007639650084252131,0.00938442323164615,1
duplicate_information,5,10,0.0,-0.0019273855668471766,-0.007884034604931908,0.00402068802449701,1
duplicate_information,6,6,0.5699178984278019,0.5692228240380348,0.5379948747382945,0.6029833958161119,1
duplicate_information,6,7,0.025489795925696085,0.023215158825951085,-0.002128334664375592,0.048661942680960746,1
duplicate_information,6,8,0.03929999999999999,0.03414241002309137,0.010629827787032392,0.05780690084650389,1
duplicate_information,6,9,0.0,0.005624766211910659,-0.016590090647571887,0.027864649139818648,1
duplicate_information,6,10,0.0,-0.0018880541811536924,-0.021559948957130204,0.017775440143790983,1
duplicate_information,7,7,0.327582101572198,0.32050307292673497,0.3029200574728443,0.33951209108569963,1
duplicate_information,7,8,-0.0221,-0.017694481231347103,-0.03422325960182718,-0.0012444302748366998,1
duplicate_information,7,9,0.0,0.0029540079210384294,-0.012167668526231884,0.018088827528677673,1
duplicate_information,7,10,0.0,-0.00018438315826056724,-0.012753366027132035,0.012383779341308146,1
duplicate_information,8,8,0.26449999999999996,0.2572082536781592,0.24309763483761862,0.27246325987874426,1
duplicate_information,8,9,0.0,0.0019602664577645173,-0.01135701855550951,0.015286273213535193,1
duplicate_information,8,10,0.0,-0.003149815444034108,-0.013918793165163562,0.007605147917411778,1
duplicate_information,9,9,0.2025,0.20951939394087957,0.19802501821489651,0.22194597671186028,1
duplicate_information,9,10,0.0,0.000755848595700665,-0.008643273824666745,0.010158333985827647,1
duplicate_information,10,10,0.12249999999999998,0.11984044120693865,0.11326591351052501,0.12694817063455005,1
near_rank_deficiency,0,0,0.48999999999999994,0.48374310203422827,0.45720462812473145,0.512433876593341,1
near_rank_deficiency,0,1,0.0,0.004131417379902421,-0.019856174372676644,0.02813739089807807,1
near_rank_deficiency,0,2,0.0,0.0027307959206651577,-0.018289170372982194,0.023762912245618995,1
near_rank_deficiency,0,3,0.0,0.002224294626280315,-0.018692700209288732,0.023151185935305907,1
near_rank_deficiency,0,4,0.0,0.0006612448004774488,-0.017614772588989358,0.018940204242466813,1
near_rank_deficiency,0,5,0.0,-0.0001403762878226582,-0.01653819000386464,0.01625681285709013,1
near_rank_deficiency,0,6,0.098,0.09941177560194912,0.06689919971562575,0.13236666069807268,1
near_rank_deficiency,0,7,1.029,1.0166535997283743,0.9023431999729267,1.1354873594943768,1
near_rank_deficiency,0,8,-0.09799999999999999,-0.09756112950563205,-0.11910552962458051,-0.07645080458388809,1
near_rank_deficiency,0,9,0.0,0.00374415589076648,-0.01584261604733722,0.0233475865659602,1
near_rank_deficiency,0,10,0.0,0.0013237468984196267,-0.016003370028224523,0.01865675352415702,1
near_rank_deficiency,1,1,0.36,0.35699099395668815,0.3374062264650073,0.3781641085379071,1
near_rank_deficiency,1,2,0.0,-0.0010057323605227554,-0.018416169455164305,0.016400229965581964,1
near_rank_deficiency,1,3,0.0,0.0020178665094628995,-0.015281745953747539,0.019326456992992236,1
near_rank_deficiency,1,4,0.0,0.0014997380227203601,-0.013156572429068647,0.016162721204532673,1
near_rank_deficiency,1,5,0.0,-0.0024025678819713995,-0.015187572542616962,0.010371747120482944,1
near_rank_deficiency,1,6,-0.192,-0.18929394704008576,-0.21883094528098965,-0.16059916749639755,1
near_rank_deficiency,1,7,-0.45599999999999996,-0.4431216258834407,-0.557061646539328,-0.33115317021573254,1
near_rank_deficiency,1,8,0.108,0.10457246042786088,0.08709557473531114,0.1225146165781487,1
near_rank_deficiency,1,9,0.0,-0.004019629475733736,-0.020005831379318384,0.011948688036124172,1
near_rank_deficiency,1,10,0.0,0.0017345442379124063,-0.011973817216948124,0.015450623137578515,1
near_rank_deficiency,2,2,0.25,0.25291022774931005,0.23903540151954875,0.2679103182881415,1
near_rank_deficiency,2,3,0.0,-0.001741580568434889,-0.016078815091375973,0.012587905203210209,1
near_rank_deficiency,2,4,0.0,-0.0015493422570785804,-0.013241694463975134,0.010136116517472635,1
near_rank_deficiency,2,5,0.0,0.0014226507442121877,-0.00838310288706634,0.01123473412388,1
near_rank_deficiency,2,6,0.275,0.2781790731003913,0.2526527715675556,0.30494306669999416,1
near_rank_deficiency,2,7,0.425,0.4349033922663005,0.3258873953801992,0.5458543890516409,1
near_rank_deficiency,2,8,-0.175,-0.17646238687273358,-0.19159373031890986,-0.16211617112822585,1
near_rank_deficiency,2,9,0.0,-0.0003139838099380182,-0.013321200689974791,0.012691836073314228,1
near_rank_deficiency,2,10,0.0,-0.0024977487770877203,-0.013244784199823195,0.008238173502549906,1
near_rank_deficiency,3,3,0.25,0.24926311644647323,0.23558837321065787,0.26404689703123757,1
near_rank_deficiency,3,4,0.0,0.0008286766144316019,-0.010754287138877258,0.012415327368563975,1
near_rank_deficiency,3,5,0.0,0.0009361791029402424,-0.008766558511655184,0.010643082025284634,1
near_rank_deficiency,3,6,0.23484317821184472,0.23131974334320163,0.20579329528868318,0.2578753939471152,1
near_rank_deficiency,3,7,0.08572445186386284,0.0854045798119098,-0.024284825036161695,0.1954739721612736,1
near_rank_deficiency,3,8,0.0,0.0023157866191868414,-0.012313742966419766,0.016955619750257722,1
near_rank_deficiency,3,9,0.0,0.0015743693869053213,-0.011324548365412482,0.01448029192387,1
near_rank_deficiency,3,10,0.0,0.001336373716089571,-0.009298033958526034,0.011976727269840573,1
near_rank_deficiency,4,4,0.16000000000000003,0.15661389638802972,0.1480219520570814,0.16590265725138417,1
near_rank_deficiency,4,5,0.0,0.0009368921837237883,-0.006121389187960187,0.007999342035841184,1
near_rank_deficiency,4,6,-0.054863649192872226,-0.055296013290614156,-0.07881562123706876,-0.0320224318917752,1
near_rank_deficiency,4,7,0.15029963405558064,0.14425803619565755,0.037344013279266175,0.25181390116356295,1
near_rank_deficiency,4,8,0.0,0.0023391035070296023,-0.009645919550515816,0.014334533853023218,1
near_rank_deficiency,4,9,0.0,-0.004891122385160004,-0.01515996882000177,0.0053559621561422716,1
near_rank_deficiency,4,10,0.0,-0.0006305512105540966,-0.00862487991249089,0.007360972002737248,1
near_rank_deficiency,5,5,0.09,0.0907480183436422,0.08576952065132597,0.09613027790462593,1
near_rank_deficiency,5,6,0.0,0.0033763729261392567,-0.01813272357441853,0.024900491800373653,1
near_rank_deficiency,5,7,0.0,0.006368073425284138,-0.09897271691248,0.11173719700131535,1
near_rank_deficiency,5,8,0.09,0.08905946743732654,0.07914735225096994,0.09936783168400753,1
near_rank_deficiency,5,9,0.0,0.0006515371453457543,-0.007724991927173311,0.009030965078469316,1
near_rank_deficiency,5,10,0.0,-0.0014993946836280813,-0.007615669257200058,0.004610208687526658,1
near_rank_deficiency,6,6,0.663917898427802,0.66309244384337,0.626714743682849,0.7024204171791334,1
near_rank_deficiency,6,7,0.9454897959256962,0.9488169527512904,0.8292365351716686,1.072618907206956,1
near_rank_deficiency,6,8,-0.2697,-0.2680195170611229,-0.2950622305995576,-0.24216929304502777,1
near_rank_deficiency,6,9,0.0,0.00570332615814823,-0.0189981936042459,0.030430221522888934,1
near_rank_deficiency,6,10,0.0,-0.0019362969046841493,-0.024389772485610056,0.020508563580608874,1
near_rank_deficiency,7,7,3.631582101572197,3.6003928250432833,3.4028728384025357,3.8139319089768264,1
near_rank_deficiency,7,8,-0.6401,-0.634331511359481,-0.7460274835066661,-0.5254578474131332,1
near_rank_deficiency,7,9,0.0,0.008365746470056154,-0.10016819965674517,0.11693691400939288,1
near_rank_deficiency,7,10,0.0,-0.0037974767864494617,-0.1100934420769697,0.1024815925282524,1
near_rank_deficiency,8,8,0.26450000000000995,0.26346710196951717,0.24901311847657137,0.2790933200893467,1
near_rank_deficiency,8,9,0.0,-0.0010833941914070112,-0.014393643937350112,0.012222035248030186,1
near_rank_deficiency,8,10,0.0,0.0005046431703306669,-0.010537034246618546,0.011548565877845834,1
near_rank_deficiency,9,9,0.2025,0.20277683829345924,0.1916523637327436,0.2148035204907289,1
near_rank_deficiency,9,10,0.0,-0.0003505272722749939,-0.009661845914953199,0.008959231782116203,1
near_rank_deficiency,10,10,0.12249999999999998,0.12342053495236743,0.11664960089055589,0.13074059952670936,1
broken_shared_source,0,0,1.1300000000000001,1.1487667324390962,1.0857446121675487,1.2169000188938701,1
broken_shared_source,0,1,0.0,0.000776060093727579,-0.05622536193003691,0.05778093501353726,1
broken_shared_source,0,2,0.0,0.009547178068946501,-0.04052798162104998,0.05966481567226789,1
broken_shared_source,0,3,0.36000000000000004,0.005269432261018205,-0.040400064200312225,0.050962373816306084,0
broken_shared_source,0,4,0.0,0.006859266809062344,-0.03642709546571926,0.05017614777102941,1
broken_shared_source,0,5,0.0,-0.0009202659303086675,-0.04213707604208233,0.04029244967561818,1
broken_shared_source,0,6,0.52,0.0038520864228155176,-0.051070240908209774,0.058791552702335104,0
broken_shared_source,0,7,0.0,0.010494164812229551,-0.04030998003103581,0.061345000962611196,1
broken_shared_source,0,8,0.08000000000000002,0.003918094741757229,-0.040894149757608966,0.048747771878038415,0
broken_shared_source,0,9,0.0,0.0007231141230436757,-0.037678690937425374,0.03912813650896946,1
broken_shared_source,0,10,0.0,0.0008663470927513906,-0.03549699547100382,0.03723354426322367,1
broken_shared_source,1,1,0.8499999999999999,0.8483547661909331,0.8018134496659443,0.8986706368267712,1
broken_shared_source,1,2,0.0,-0.002926058257343213,-0.0444544114151002,0.03858927609547047,1
broken_shared_source,1,3,0.0,0.005545382111433615,-0.031548945571689635,0.04266438266218148,1
broken_shared_source,1,4,0.315,0.007471098947790866,-0.027239347334338304,0.04221478611966312,0
broken_shared_source,1,5,0.0,-0.0015360062265340926,-0.03417963124242479,0.031100784692528527,1
broken_shared_source,1,6,0.06999999999999999,-0.0027219577181435387,-0.04908435498594854,0.043628328841849084,0
broken_shared_source,1,7,0.42,0.0026497842675848493,-0.03959725654331758,0.044908614667582225,0
broken_shared_source,1,8,0.0,0.0018845551550435305,-0.03435765832993565,0.03813515352296448,1
broken_shared_source,1,9,0.0,-0.0029701240124748634,-0.032805590276853897,0.02685212738679374,1
broken_shared_source,1,10,0.0,0.002170105833597975,-0.025615781455529424,0.029965648495950847,1
broken_shared_source,2,2,0.61,0.6063748241838839,0.5731086910166899,0.6423388788770042,1
broken_shared_source,2,3,0.0,-0.0010183595715484858,-0.031220539338520453,0.029179289245094386,1
broken_shared_source,2,4,0.0,-0.004014968010965789,-0.03184421673865856,0.023796417065086645,1
broken_shared_source,2,5,0.27,0.004996058065417182,-0.020726285686902407,0.030740630597794638,0
broken_shared_source,2,6,0.0,0.007418222285137366,-0.03201486698987105,0.04688431718767022,1
broken_shared_source,2,7,0.09,0.006256028086816538,-0.029076240334003245,0.041616131226640374,0
broken_shared_source,2,8,0.3,-0.007377972914101886,-0.03673404228915231,0.021945269913491577,0
broken_shared_source,2,9,0.0,-0.0003655236190540045,-0.0232884457812442,0.022555772232147137,1
broken_shared_source,2,10,0.0,-0.0038428404036708248,-0.024735354459541004,0.017032575841683023,1
broken_shared_source,3,3,0.4525,0.45168775140883666,0.42690785572537304,0.47847732503228835,1
broken_shared_source,3,4,0.0,0.001963759447684428,-0.021437009173973343,0.025373265353072272,1
broken_shared_source,3,5,0.0,0.0018065942065415028,-0.01950766529039752,0.023128891717599964,1
broken_shared_source,3,6,0.29250000000000004,0.001042991252170219,-0.033989100926664184,0.03607972397417758,0
broken_shared_source,3,7,0.0,0.005982417441444549,-0.024935280023988926,0.036926732259955075,1
broken_shared_source,3,8,0.045000000000000005,0.0022197514955203373,-0.022699786837517055,0.02714916608842724,0
broken_shared_source,3,9,0.0,0.0005181306499269187,-0.017987646068458985,0.01902621266823276,1
broken_shared_source,3,10,0.0,0.001912096330517839,-0.01455243547129667,0.018385135553227794,1
broken_shared_source,4,4,0.36250000000000004,0.3683178809204562,0.3481117127454377,0.39016279249261365,1
broken_shared_source,4,5,0.0,0.00520049948994854,-0.013726612427176488,0.02415074980095136,1
broken_shared_source,4,6,0.045000000000000005,-0.010215876090646694,-0.0428934177147301,0.022416212406241975,0
broken_shared_source,4,7,0.27,0.004134654833588495,-0.024407555833507733,0.03269526167056666,0
broken_shared_source,4,8,0.0,0.001871885499198367,-0.02066882931768832,0.02442092882838634,1
broken_shared_source,4,9,0.0,0.0013641443244607704,-0.014760152935002019,0.01749451102182009,1
broken_shared_source,4,10,0.0,0.0014109322126467302,-0.012675117104904876,0.015503259139749925,1
broken_shared_source,5,5,0.2925,0.29520419150183325,0.27900908980177525,0.3127127345108549,1
broken_shared_source,5,6,0.0,-0.00029678228411377465,-0.03086539881640543,0.030270513785518538,1
broken_shared_source,5,7,0.0675,-0.000923871291011278,-0.027390476557048127,0.025538623427978052,0
broken_shared_source,5,8,0.225,-0.0012798057567725318,-0.021740673166967955,0.019175367460058546,0
broken_shared_source,5,9,0.0,0.0007165521203364077,-0.013322327033862574,0.014758619403911419,1
broken_shared_source,5,10,0.0,0.0020545745252200363,-0.009943184165601929,0.014061474560004755,1
broken_shared_source,6,6,0.7925,0.775752840425088,0.7331945146747721,0.8217626951695404,1
broken_shared_source,6,7,0.06,0.0620915870294017,0.02204903401423275,0.10241040189210321,1
broken_shared_source,6,8,0.065,0.07512205010539548,0.04111501475275037,0.10946332327262112,1
broken_shared_source,6,9,0.0,-0.0015502853670155891,-0.029310341346569763,0.026202872984048442,1
broken_shared_source,6,10,0.0,0.0008132372652910605,-0.02490341689039091,0.02653350972806004,1
broken_shared_source,7,7,0.6325,0.6319888348233029,0.5973174997003351,0.6694720549613078,1
broken_shared_source,7,8,0.075,0.0809313535397608,0.05104064805716463,0.11118214396013767,1
broken_shared_source,7,9,0.0,0.0003769368257207112,-0.023275425485461604,0.024030976228258893,1
broken_shared_source,7,10,0.0,0.0027849944467517587,-0.01882386696660282,0.024406247034950368,1
broken_shared_source,8,8,0.42000000000000004,0.4215483613461707,0.3984219329958097,0.4465503695407831,1
broken_shared_source,8,9,0.0,-9.248258287879986e-05,-0.017739359500441115,0.017553982855279704,1
broken_shared_source,8,10,0.0,0.0018820181356527844,-0.013722322388587282,0.017494732254966228,1
broken_shared_source,9,9,0.2025,0.19670777596180125,0.18591625426732092,0.20837450243378922,1
broken_shared_source,9,10,0.0,0.00026259558084086587,-0.008927800467809874,0.009454159986491115,1
broken_shared_source,10,10,0.12249999999999998,0.12530082702283252,0.11842673886570813,0.13273241160784183,1
controlled_stereo_seed_amplitude_0.0001,0,0,1e-08,9.867696961095579e-09,9.32634842868726e-09,1.045294947991781e-08,1
controlled_stereo_seed_amplitude_0.0001,0,1,-4.2500000000000003e-08,-4.1283233006143025e-08,-1.0922857284195037e-07,2.6478426837445875e-08,1
controlled_stereo_seed_amplitude_0.0001,0,2,-2.9000000000000003e-07,-2.835724781460715e-07,-1.8622511182246965e-06,1.2938444731842035e-06,1
controlled_stereo_seed_amplitude_0.0001,1,1,2.38e-06,2.367398943919628e-06,2.2375218359208128e-06,2.5078092342283747e-06,1
controlled_stereo_seed_amplitude_0.0001,1,2,1.1245e-05,1.1176053086102782e-05,9.555577695032693e-06,1.2846253685069759e-05,1
controlled_stereo_seed_amplitude_0.0001,2,2,5.5660000000000006e-05,5.527748507491104e-05,5.224492483937636e-05,5.855598942114293e-05,1
controlled_stereo_seed_amplitude_0.001,0,0,1e-06,9.792592599187828e-07,9.255364342894259e-07,1.037339068278022e-06,1
controlled_stereo_seed_amplitude_0.001,0,1,-4.25e-06,-4.315709909391123e-06,-1.1152564148110521e-05,2.5019425976602257e-06,1
controlled_stereo_seed_amplitude_0.001,0,2,-2.8999999999999997e-05,-2.8979879498697755e-05,-0.00018761696466912305,0.00012952826654430882,1
controlled_stereo_seed_amplitude_0.001,1,1,0.00023799999999999998,0.00023821550196159957,0.0002251468383319545,0.0002523440491895074,1
controlled_stereo_seed_amplitude_0.001,1,2,0.0011244999999999998,0.0011239938948455475,0.0009611503998303652,0.001291838335155579,1
controlled_stereo_seed_amplitude_0.001,2,2,0.005566,0.005554657371564279,0.005249925109519449,0.005884103769312324,1
controlled_stereo_seed_amplitude_0.01,0,0,0.0001,0.00010067113107306643,9.514824470179332e-05,0.00010664192985879,1
controlled_stereo_seed_amplitude_0.01,0,1,-0.00042500000000000003,-0.000623742439411866,-0.003085270209580271,0.0018350101361297062,1
controlled_stereo_seed_amplitude_0.01,0,2,-0.0029000000000000002,-0.003935722059997509,-0.06066631851859322,0.05277736333309491,1
controlled_stereo_seed_amplitude_0.01,1,1,0.0238,0.08609103863534127,0.08136802600103643,0.09119709300729939,0
controlled_stereo_seed_amplitude_0.01,1,2,0.11245000000000001,0.4102109827139258,0.35194731688602976,0.4702997853982709,0
controlled_stereo_seed_amplitude_0.01,2,2,0.5566,1.9871651377205648,1.878147913620637,2.105023783638856,0
