phase,domain,sequence,method,metrics_path,opportunities,accepted,acceptance_fraction,seed_sources,reliable_10pct_fraction,parallel_RMSE_m,risk_median,waiting_median_s,reliability_scope,lifetime_s,seed,input_sha,reliable_5pct_fraction,minimum_100_accepted,parallel_bias_m,transverse_RMSE_m
frozen_confirmation_with_development_context,real,V1_01_easy,STEREO_THEN_TEMPORAL,/home/he/output/ltv_feature_readiness_passive/real_metrics/V1_01_easy_HYBRID_dev_v1/metrics.json,4740,1246,0.262869,"{""STEREO"": 626, ""TEMPORAL_POSE"": 620}",N/A,N/A,0.0204722,0.9,No real landmark GT,N/A,N/A,N/A,N/A,N/A,N/A,N/A
frozen_confirmation_with_development_context,real,V2_02_medium,STEREO_THEN_TEMPORAL,/home/he/output/ltv_feature_readiness_passive/real_metrics/V2_02_medium_HYBRID_dev_v1/metrics.json,8024,1455,0.181331,"{""STEREO"": 585, ""TEMPORAL_POSE"": 870}",N/A,N/A,0.0224929,0.6,No real landmark GT,N/A,N/A,N/A,N/A,N/A,N/A,N/A
frozen_confirmation_with_development_context,real,indoor_forward_3,STEREO_THEN_TEMPORAL,/home/he/output/ltv_feature_readiness_passive/real_metrics/indoor_forward_3_HYBRID_dev_v1/metrics.json,4350,2210,0.508046,"{""STEREO"": 192, ""TEMPORAL_POSE"": 2018}",N/A,N/A,0.0200105,0.298658,No real landmark GT,N/A,N/A,N/A,N/A,N/A,N/A,N/A
frozen_confirmation_with_development_context,real,V1_03_difficult,STEREO_THEN_TEMPORAL,/home/he/output/ltv_feature_readiness_passive/real_metrics/V1_03_difficult_HYBRID_confirmation_f992d6d2e422/metrics.json,8698,1788,0.205564,"{""STEREO"": 868, ""TEMPORAL_POSE"": 920}",N/A,N/A,0.0320058,0.5,No real landmark GT,N/A,N/A,N/A,N/A,N/A,N/A,N/A
frozen_confirmation_with_development_context,real,V2_03_difficult,STEREO_THEN_TEMPORAL,/home/he/output/ltv_feature_readiness_passive/real_metrics/V2_03_difficult_HYBRID_confirmation_f992d6d2e422/metrics.json,7782,1478,0.189925,"{""STEREO"": 765, ""TEMPORAL_POSE"": 713}",N/A,N/A,0.0298438,0.45,No real landmark GT,N/A,N/A,N/A,N/A,N/A,N/A,N/A
frozen_confirmation_with_development_context,real,indoor_forward_6,STEREO_THEN_TEMPORAL,/home/he/output/ltv_feature_readiness_passive/real_metrics/indoor_forward_6_HYBRID_confirmation_f992d6d2e422/metrics.json,3224,2,0.000620347,"{""TEMPORAL_POSE"": 2}",N/A,N/A,0.0138842,0.414669,No real landmark GT,N/A,N/A,N/A,N/A,N/A,N/A,N/A
frozen_confirmation_with_development_context,synthetic,REGULAR,SEED_HYBRID,/home/he/output/ltv_feature_readiness_passive/synthetic_runs/REGULAR_101_SEED_HYBRID_4a4f32856574/metrics.json,3618,820,0.226645,"{""TEMPORAL_POSE"": 820}",0.95,0.755727,N/A,0.4,Synthetic accepted seeds only,0.5,101,682be573bf934ae55437473c69960895e7fe1fc77098b146ee6c5a67a24a0f19,0.62561,True,-0.272379,0.0232948
frozen_confirmation_with_development_context,synthetic,FAST,SEED_HYBRID,/home/he/output/ltv_feature_readiness_passive/synthetic_runs/FAST_101_SEED_HYBRID_3e33bc7a4242/metrics.json,3618,3399,0.939469,"{""TEMPORAL_POSE"": 3399}",0.971756,0.696827,N/A,0.15,Synthetic accepted seeds only,0.5,101,001d5a98e1daeb1b347ec305647158e001ea50e6a5e68bad829351728889a955,0.744925,True,-0.109053,0.019929
frozen_confirmation_with_development_context,synthetic,REGULAR,SEED_HYBRID,/home/he/output/ltv_feature_readiness_passive/synthetic_runs/REGULAR_101_SEED_HYBRID_a73a685200da/metrics.json,1824,1527,0.837171,"{""TEMPORAL_POSE"": 1527}",0.946955,0.769728,N/A,0.55,Synthetic accepted seeds only,1,101,c79ffcf6f0e9933f41ba58a080b872b95d336855bc5508f0be818b192f0b13f6,0.667322,True,-0.199035,0.0264843
frozen_confirmation_with_development_context,synthetic,FAST,SEED_HYBRID,/home/he/output/ltv_feature_readiness_passive/synthetic_runs/FAST_101_SEED_HYBRID_78d27f9317bb/metrics.json,1824,1809,0.991776,"{""TEMPORAL_POSE"": 1809}",0.97236,0.708256,N/A,0.15,Synthetic accepted seeds only,1,101,ebe63569d11f8350750f2afbf689b6c4e8746b0b5624dc4e6964872c165e7f22,0.725815,True,-0.128908,0.0203984
frozen_confirmation_with_development_context,synthetic,REGULAR,SEED_HYBRID,/home/he/output/ltv_feature_readiness_passive/synthetic_runs/REGULAR_102_SEED_HYBRID_34d8f91accad/metrics.json,3618,817,0.225815,"{""TEMPORAL_POSE"": 817}",0.959608,0.71419,N/A,0.4,Synthetic accepted seeds only,0.5,102,ece298dda25aa4c5d48d80bb38a6feda2331caaa650cd73fafdcbe30e3e73722,0.652387,True,-0.35491,0.0209768
frozen_confirmation_with_development_context,synthetic,FAST,SEED_HYBRID,/home/he/output/ltv_feature_readiness_passive/synthetic_runs/FAST_102_SEED_HYBRID_385f3e65266e/metrics.json,3618,3387,0.936153,"{""TEMPORAL_POSE"": 3387}",0.976085,0.682564,N/A,0.15,Synthetic accepted seeds only,0.5,102,a960da2b0283b95d29eb89fd8467f6f13dde7e411769216f5350d341ea73d014,0.741364,True,-0.128136,0.020056
frozen_confirmation_with_development_context,synthetic,REGULAR,SEED_HYBRID,/home/he/output/ltv_feature_readiness_passive/synthetic_runs/REGULAR_102_SEED_HYBRID_a670390a5c42/metrics.json,1824,1532,0.839912,"{""TEMPORAL_POSE"": 1532}",0.964752,0.679181,N/A,0.55,Synthetic accepted seeds only,1,102,229a6a98796bab7558d2b704b62cc7019484562f07faa21488f52ed9fe8cce44,0.733681,True,-0.203914,0.0250667
frozen_confirmation_with_development_context,synthetic,FAST,SEED_HYBRID,/home/he/output/ltv_feature_readiness_passive/synthetic_runs/FAST_102_SEED_HYBRID_977b992a0a51/metrics.json,1824,1807,0.99068,"{""TEMPORAL_POSE"": 1807}",0.967349,0.71613,N/A,0.15,Synthetic accepted seeds only,1,102,d0f48559555b24ce08ed8c61619cf6dcffbdee767a549f6f874e1e81b811ce16,0.741561,True,-0.0898956,0.0210882
