phase,domain,sequence,method,metrics_path,candidates,admitted,retired,mean_active,mean_mature,ready_G_fraction,ready_V_fraction,ready_G_seconds,ready_V_seconds,longest_G_gap_s,longest_V_gap_s,epoch_transitions,lifetime_s,seed,input_sha,completed_tracks,right_censored_tracks
frozen_confirmation_with_development_context,real,V1_01_easy,STEREO_THEN_TEMPORAL,/home/he/output/ltv_feature_readiness_passive/real_metrics/V1_01_easy_HYBRID_dev_v1/metrics.json,6142,1246,1221,29.9407,27.4671,0.981786,0.989643,136.45,137.55,2.2,1.1,0,N/A,N/A,N/A,N/A,N/A
frozen_confirmation_with_development_context,real,V2_02_medium,STEREO_THEN_TEMPORAL,/home/he/output/ltv_feature_readiness_passive/real_metrics/V2_02_medium_HYBRID_dev_v1/metrics.json,11662,1455,1499,29.5613,24.56,0.921889,0.931598,103.75,104.85,2.9,2.9,0,N/A,N/A,N/A,N/A,N/A
frozen_confirmation_with_development_context,real,indoor_forward_3,STEREO_THEN_TEMPORAL,/home/he/output/ltv_feature_readiness_passive/real_metrics/indoor_forward_3_HYBRID_dev_v1/metrics.json,9305,2210,2191,24.2444,19.1393,0.658901,0.671648,24.537,24.4707,2.81985,1.99053,0,N/A,N/A,N/A,N/A,N/A
frozen_confirmation_with_development_context,real,V1_03_difficult,STEREO_THEN_TEMPORAL,/home/he/output/ltv_feature_readiness_passive/real_metrics/V1_03_difficult_HYBRID_confirmation_f992d6d2e422/metrics.json,13854,1788,1846,28.1466,21.9596,0.723192,0.734165,71.5499,72.6499,4.2,4.2,0,N/A,N/A,N/A,N/A,N/A
frozen_confirmation_with_development_context,real,V2_03_difficult,STEREO_THEN_TEMPORAL,/home/he/output/ltv_feature_readiness_passive/real_metrics/V2_03_difficult_HYBRID_confirmation_f992d6d2e422/metrics.json,14445,1478,1603,25.876,19.6074,0.615725,0.627353,55.6,56.65,10.9,10.9,0,N/A,N/A,N/A,N/A,N/A
frozen_confirmation_with_development_context,real,indoor_forward_6,STEREO_THEN_TEMPORAL,/home/he/output/ltv_feature_readiness_passive/real_metrics/indoor_forward_6_HYBRID_confirmation_f992d6d2e422/metrics.json,7441,2,2,21.6996,17.0803,0.451432,0.451432,4.90719,4.84096,5.73892,5.73892,0,N/A,N/A,N/A,N/A,N/A
frozen_confirmation_with_development_context,synthetic,REGULAR,SEED_HYBRID,/home/he/output/ltv_feature_readiness_passive/synthetic_runs/REGULAR_101_SEED_HYBRID_4a4f32856574/metrics.json,3630,820,N/A,2.48959,0.103247,0,0,0,0,60,60,N/A,0.5,101,682be573bf934ae55437473c69960895e7fe1fc77098b146ee6c5a67a24a0f19,3600,30
frozen_confirmation_with_development_context,synthetic,FAST,SEED_HYBRID,/home/he/output/ltv_feature_readiness_passive/synthetic_runs/FAST_101_SEED_HYBRID_3e33bc7a4242/metrics.json,3630,3399,N/A,23.0933,11.8535,0.349709,0.353039,21,21.2,4.35,4.35,N/A,0.5,101,001d5a98e1daeb1b347ec305647158e001ea50e6a5e68bad829351728889a955,3600,30
frozen_confirmation_with_development_context,synthetic,REGULAR,SEED_HYBRID,/home/he/output/ltv_feature_readiness_passive/synthetic_runs/REGULAR_101_SEED_HYBRID_a73a685200da/metrics.json,1830,1527,N/A,12.9342,7.90591,0.0183181,0.0183181,1.1,1.1,13.75,13.75,N/A,1,101,c79ffcf6f0e9933f41ba58a080b872b95d336855bc5508f0be818b192f0b13f6,1800,30
frozen_confirmation_with_development_context,synthetic,FAST,SEED_HYBRID,/home/he/output/ltv_feature_readiness_passive/synthetic_runs/FAST_101_SEED_HYBRID_78d27f9317bb/metrics.json,1830,1809,N/A,26.2723,20.2998,0.800167,0.825978,48,49.55,2.6,1.8,N/A,1,101,ebe63569d11f8350750f2afbf689b6c4e8746b0b5624dc4e6964872c165e7f22,1800,30
frozen_confirmation_with_development_context,synthetic,REGULAR,SEED_HYBRID,/home/he/output/ltv_feature_readiness_passive/synthetic_runs/REGULAR_102_SEED_HYBRID_34d8f91accad/metrics.json,3630,817,N/A,2.5254,0.124063,0,0,0,0,60,60,N/A,0.5,102,ece298dda25aa4c5d48d80bb38a6feda2331caaa650cd73fafdcbe30e3e73722,3600,30
frozen_confirmation_with_development_context,synthetic,FAST,SEED_HYBRID,/home/he/output/ltv_feature_readiness_passive/synthetic_runs/FAST_102_SEED_HYBRID_385f3e65266e/metrics.json,3630,3387,N/A,23.0441,11.8393,0.334721,0.337219,20.1,20.25,4.35,4.35,N/A,0.5,102,a960da2b0283b95d29eb89fd8467f6f13dde7e411769216f5350d341ea73d014,3600,30
frozen_confirmation_with_development_context,synthetic,REGULAR,SEED_HYBRID,/home/he/output/ltv_feature_readiness_passive/synthetic_runs/REGULAR_102_SEED_HYBRID_a670390a5c42/metrics.json,1830,1532,N/A,12.9284,7.89509,0.0149875,0.0149875,0.9,0.9,13.85,13.85,N/A,1,102,229a6a98796bab7558d2b704b62cc7019484562f07faa21488f52ed9fe8cce44,1800,30
frozen_confirmation_with_development_context,synthetic,FAST,SEED_HYBRID,/home/he/output/ltv_feature_readiness_passive/synthetic_runs/FAST_102_SEED_HYBRID_977b992a0a51/metrics.json,1830,1807,N/A,26.224,20.2548,0.78851,0.814321,47.3,48.85,2.6,1.75,N/A,1,102,d0f48559555b24ce08ed8c61619cf6dcffbdee767a549f6f874e1e81b811ce16,1800,30
