phase,domain,sequence,method,metrics_path,saved_status,main_audit_equal,trajectory_exact_equal,any_injection,all_input_consumed,engineering_pass,scope,lifetime_s,seed,input_sha,elapsed_seconds
frozen_confirmation_with_development_context,real,V1_01_easy,STEREO_THEN_TEMPORAL,/home/he/output/ltv_feature_readiness_passive/real_metrics/V1_01_easy_HYBRID_dev_v1/metrics.json,MEETS_SEQUENCE_OUTPUT_TARGET,True,True,False,True,True,Actual B/P_OLD/P_NEW main VIO comparison,N/A,N/A,N/A,N/A
frozen_confirmation_with_development_context,real,V2_02_medium,STEREO_THEN_TEMPORAL,/home/he/output/ltv_feature_readiness_passive/real_metrics/V2_02_medium_HYBRID_dev_v1/metrics.json,MEETS_SEQUENCE_OUTPUT_TARGET,True,True,False,True,True,Actual B/P_OLD/P_NEW main VIO comparison,N/A,N/A,N/A,N/A
frozen_confirmation_with_development_context,real,indoor_forward_3,STEREO_THEN_TEMPORAL,/home/he/output/ltv_feature_readiness_passive/real_metrics/indoor_forward_3_HYBRID_dev_v1/metrics.json,MEETS_SEQUENCE_OUTPUT_TARGET,True,True,False,True,True,Actual B/P_OLD/P_NEW main VIO comparison,N/A,N/A,N/A,N/A
frozen_confirmation_with_development_context,real,V1_03_difficult,STEREO_THEN_TEMPORAL,/home/he/output/ltv_feature_readiness_passive/real_metrics/V1_03_difficult_HYBRID_confirmation_f992d6d2e422/metrics.json,MEETS_SEQUENCE_OUTPUT_TARGET,True,True,False,True,True,Actual B/P_OLD/P_NEW main VIO comparison,N/A,N/A,N/A,N/A
frozen_confirmation_with_development_context,real,V2_03_difficult,STEREO_THEN_TEMPORAL,/home/he/output/ltv_feature_readiness_passive/real_metrics/V2_03_difficult_HYBRID_confirmation_f992d6d2e422/metrics.json,MEETS_SEQUENCE_OUTPUT_TARGET,True,True,False,True,True,Actual B/P_OLD/P_NEW main VIO comparison,N/A,N/A,N/A,N/A
frozen_confirmation_with_development_context,real,indoor_forward_6,STEREO_THEN_TEMPORAL,/home/he/output/ltv_feature_readiness_passive/real_metrics/indoor_forward_6_HYBRID_confirmation_f992d6d2e422/metrics.json,NOT_MET,True,True,False,True,True,Actual B/P_OLD/P_NEW main VIO comparison,N/A,N/A,N/A,N/A
frozen_confirmation_with_development_context,synthetic,REGULAR,SEED_HYBRID,/home/he/output/ltv_feature_readiness_passive/synthetic_runs/REGULAR_101_SEED_HYBRID_4a4f32856574/metrics.json,EVALUATED,N/A,N/A,False,True,N/A,Synthetic core only; no real bypass claim,0.5,101,682be573bf934ae55437473c69960895e7fe1fc77098b146ee6c5a67a24a0f19,99.5348
frozen_confirmation_with_development_context,synthetic,FAST,SEED_HYBRID,/home/he/output/ltv_feature_readiness_passive/synthetic_runs/FAST_101_SEED_HYBRID_3e33bc7a4242/metrics.json,EVALUATED,N/A,N/A,False,True,N/A,Synthetic core only; no real bypass claim,0.5,101,001d5a98e1daeb1b347ec305647158e001ea50e6a5e68bad829351728889a955,105.608
frozen_confirmation_with_development_context,synthetic,REGULAR,SEED_HYBRID,/home/he/output/ltv_feature_readiness_passive/synthetic_runs/REGULAR_101_SEED_HYBRID_a73a685200da/metrics.json,EVALUATED,N/A,N/A,False,True,N/A,Synthetic core only; no real bypass claim,1,101,c79ffcf6f0e9933f41ba58a080b872b95d336855bc5508f0be818b192f0b13f6,105.901
frozen_confirmation_with_development_context,synthetic,FAST,SEED_HYBRID,/home/he/output/ltv_feature_readiness_passive/synthetic_runs/FAST_101_SEED_HYBRID_78d27f9317bb/metrics.json,EVALUATED,N/A,N/A,False,True,N/A,Synthetic core only; no real bypass claim,1,101,ebe63569d11f8350750f2afbf689b6c4e8746b0b5624dc4e6964872c165e7f22,106.868
frozen_confirmation_with_development_context,synthetic,REGULAR,SEED_HYBRID,/home/he/output/ltv_feature_readiness_passive/synthetic_runs/REGULAR_102_SEED_HYBRID_34d8f91accad/metrics.json,EVALUATED,N/A,N/A,False,True,N/A,Synthetic core only; no real bypass claim,0.5,102,ece298dda25aa4c5d48d80bb38a6feda2331caaa650cd73fafdcbe30e3e73722,99.0867
frozen_confirmation_with_development_context,synthetic,FAST,SEED_HYBRID,/home/he/output/ltv_feature_readiness_passive/synthetic_runs/FAST_102_SEED_HYBRID_385f3e65266e/metrics.json,EVALUATED,N/A,N/A,False,True,N/A,Synthetic core only; no real bypass claim,0.5,102,a960da2b0283b95d29eb89fd8467f6f13dde7e411769216f5350d341ea73d014,104.953
frozen_confirmation_with_development_context,synthetic,REGULAR,SEED_HYBRID,/home/he/output/ltv_feature_readiness_passive/synthetic_runs/REGULAR_102_SEED_HYBRID_a670390a5c42/metrics.json,EVALUATED,N/A,N/A,False,True,N/A,Synthetic core only; no real bypass claim,1,102,229a6a98796bab7558d2b704b62cc7019484562f07faa21488f52ed9fe8cce44,105.68
frozen_confirmation_with_development_context,synthetic,FAST,SEED_HYBRID,/home/he/output/ltv_feature_readiness_passive/synthetic_runs/FAST_102_SEED_HYBRID_977b992a0a51/metrics.json,EVALUATED,N/A,N/A,False,True,N/A,Synthetic core only; no real bypass claim,1,102,d0f48559555b24ce08ed8c61619cf6dcffbdee767a549f6f874e1e81b811ce16,106.664
