metric,time,side,value
velocity,21.9,pre,0.05000801365196265
velocity,21.945,common,0.05000654841975588
velocity,21.95,pre,0.05031248714976019
velocity,21.995,common,0.05027571881304643
velocity,22.0,pre,0.0505855949006542
velocity,22.04,common,0.05017930485763965
velocity,22.045,common,0.05049110680719996
velocity,22.05,pre,0.050805540610694866
velocity,22.085,common,0.05000186444077521
velocity,22.09,common,0.050315921685561614
velocity,22.095,common,0.050632641103176515
velocity,22.1,pre,0.05095200976370105
velocity,22.135,common,0.050043025037840284
velocity,22.14,common,0.05036220459134002
velocity,22.145,common,0.05068405058677709
velocity,22.15,pre,0.051008548323130065
velocity,22.19,common,0.050306741656896345
velocity,22.195,common,0.050633804415956656
velocity,22.2,pre,0.05096351102594387
velocity,22.24,common,0.05014194970125145
velocity,22.245,common,0.050474260702954445
velocity,22.25,pre,0.050809200304357274
velocity,22.295,common,0.05019920007542345
velocity,22.3,pre,0.05053937549172332
velocity,22.35,pre,0.05014592813463774
velocity,28.15,pre,0.05022384277060789
velocity,28.185,common,0.050170051736488905
velocity,28.19,common,0.050539775279867874
velocity,28.195,common,0.050911721920038316
velocity,28.2,pre,0.05128587453260239
velocity,28.22,common,0.05000189299660018
velocity,28.225,common,0.05036964056834037
velocity,28.23,common,0.05073963975009517
velocity,28.235,common,0.051111874131942264
velocity,28.24,common,0.051486327636751025
velocity,28.245,common,0.051862984522536244
velocity,28.25,pre,0.05224182938439696
velocity,28.26,common,0.050058644504912764
velocity,28.265,common,0.05042687491082592
velocity,28.27,common,0.050797366395880596
velocity,28.275,common,0.051170103501901265
velocity,28.28,common,0.05154507110470501
velocity,28.285,common,0.05192225441352858
velocity,28.29,common,0.052301638969860786
velocity,28.295,common,0.05268321064572343
velocity,28.3,pre,0.05306695564158243
velocity,28.305,common,0.05032271110137133
velocity,28.31,common,0.05069375872332253
velocity,28.315,common,0.051067058482687624
velocity,28.32,common,0.05144259599926523
velocity,28.325,common,0.051820357208229896
velocity,28.33,common,0.05220032835622527
velocity,28.335,common,0.05258249599697757
velocity,28.34,common,0.05296684698642487
velocity,28.345,common,0.05335336847748602
velocity,28.35,common,0.05041405744541946
velocity,28.35,pre,0.0537420479145107
velocity,28.35,post,0.05041405744541946
velocity,28.355,common,0.05078782438616448
velocity,28.36,common,0.05116382917300668
velocity,28.365,common,0.05154205815947932
velocity,28.37,common,0.05192249797663973
velocity,28.375,common,0.052305135526239666
velocity,28.38,common,0.05268995797373313
velocity,28.385,common,0.05307695274079776
velocity,28.39,common,0.0534661074976378
velocity,28.395,common,0.05385741015500315
velocity,28.4,common,0.05069479758354971
velocity,28.4,pre,0.054250848856038036
velocity,28.4,post,0.05069479758354971
velocity,28.405,common,0.051073217571633786
velocity,28.41,common,0.05145383798860934
velocity,28.415,common,0.051836645713847246
velocity,28.42,common,0.05222162784322675
velocity,28.425,common,0.052608771679974846
velocity,28.43,common,0.05299806472550484
velocity,28.435,common,0.05338949466986027
velocity,28.44,common,0.05378304938215615
velocity,28.445,common,0.05417871690089424
velocity,28.45,common,0.050777895149483894
velocity,28.45,pre,0.054576485424061946
velocity,28.45,post,0.050777895149483894
velocity,28.455,common,0.05116039184861267
velocity,28.46,common,0.051545037130976364
velocity,28.465,common,0.05193181780827281
velocity,28.47,common,0.052320720836624444
velocity,28.475,common,0.05271173330615103
velocity,28.48,common,0.05310484243068458
velocity,28.485,common,0.053500035537212096
velocity,28.49,common,0.05389730005556025
velocity,28.495,common,0.05429662350786483
velocity,28.5,common,0.050639347653975424
velocity,28.5,pre,0.05469799349821249
velocity,28.5,post,0.050639347653975424
velocity,28.505,common,0.05102506167574181
velocity,28.51,common,0.051412852687395844
velocity,28.515,common,0.05180270686248688
velocity,28.52,common,0.052194610444668936
velocity,28.525,common,0.05258854973708028
velocity,28.53,common,0.05298451109191776
velocity,28.535,common,0.05338248090013689
velocity,28.54,common,0.05378244558109663
velocity,28.545,common,0.05418439157256593
velocity,28.55,common,0.05024987291664805
velocity,28.55,pre,0.05458830532068129
velocity,28.55,post,0.05024987291664805
velocity,28.555,common,0.050637643882959625
velocity,28.56,common,0.05102739682341671
velocity,28.565,common,0.05141911680638358
velocity,28.57,common,0.051812788901812255
velocity,28.575,common,0.05220839817143533
velocity,28.58,common,0.05260592965926338
velocity,28.585,common,0.0530053683822791
velocity,28.59,common,0.05340669932127917
velocity,28.595,common,0.053809907412027326
velocity,28.6,pre,0.0542149775366754
velocity,28.61,common,0.05035737131272165
velocity,28.615,common,0.050749466186889775
velocity,28.62,common,0.05114339051554217
velocity,28.625,common,0.05153912784278708
velocity,28.63,common,0.05193666164233164
velocity,28.635,common,0.05233597530997966
velocity,28.64,common,0.05273705215636925
velocity,28.645,common,0.05313987540025388
velocity,28.65,pre,0.05354442816182233
velocity,28.67,common,0.05016063437194925
velocity,28.675,common,0.050554752472145636
velocity,28.68,common,0.050950517559647135
velocity,28.685,common,0.051347911384565896
velocity,28.69,common,0.05174691558275427
velocity,28.695,common,0.052147511671546645
velocity,28.7,pre,0.05254968104579157
velocity,28.735,common,0.05003138521728705
velocity,28.74,common,0.05042643706877187
velocity,28.745,common,0.05082290821301712
velocity,28.75,pre,0.05122077859701919
