alpha,ate_rmse_m,audit,baseline_support,conditional_ate_rmse_m,coverage,estimated_rows,exit_code,gate_reason_counts,gt_coverage,historical_reuse,initialization_delta_s,landmark_information,mode,output_dir,position_error_max_m,position_error_p95_m,reason,relative_l1_percent,relative_l4_percent,relative_off_percent,relative_reference_percent,run_id,samples,sequence,status,svd_horn_difference_m,tail_position_rmse_m,threading
1,0.18544342839658465,"{'errors': [], 'actual_G': 0, 'actual_V': 0, 'actual_L': 2344, 'output_rows': 2784, 'camera_packets': 3682}",2762,0.18544342839658465,1.0,2784,0,"{'G_reason:disabled': 3682, 'V_reason:disabled': 3682}",0.9920977011494253,True,0.0,"{'count': 2784, 'total': 0.09449737693148214, 'maximum': 0.00017975680542299728}",L,/tmp/ltv_gain_scan_20261009/w0/results/w0_full_MH_01_easy_L_1_20261009T031224_fe175f1e,0.49156898198818094,0.41097202125570537,,0.0,-0.008690094032037798,0.010104242025876786,0.0,w0_full_MH_01_easy_L_1_20261009T031224_fe175f1e,2762,MH_01_easy,VALID_FULL_MATCHED,1.942890293094024e-16,0.24218777567551683,"{'actual_opencv_threads': 4, 'verification': 'inferred from frozen num_opencv_threads=4 and original VioManager constructor; post-construction metadata was absent', 'cpu_affinity_per_worker': 4}"
2,0.18545059434333805,"{'errors': [], 'actual_G': 0, 'actual_V': 0, 'actual_L': 2344, 'output_rows': 2784, 'camera_packets': 3682}",2762,0.18545059434333805,1.0,2784,0,"{'G_reason:disabled': 3682, 'V_reason:disabled': 3682}",0.9920977011494253,True,0.0,"{'count': 2784, 'total': 0.1543338447844682, 'maximum': 0.0002850888871043313}",L,/tmp/ltv_gain_scan_20261009/w0/results/w0_full_MH_01_easy_L_2_20261009T032653_ef883a28,0.4915735767194205,0.4109602826902578,,0.003864222536953399,-0.004826207299657437,0.013968855013235526,0.003864222536953399,w0_full_MH_01_easy_L_2_20261009T032653_ef883a28,2762,MH_01_easy,VALID_FULL_MATCHED,1.0269562977782698e-15,0.2422404527440405,"{'actual_opencv_threads': 4, 'verification': 'inferred from frozen num_opencv_threads=4 and original VioManager constructor; post-construction metadata was absent', 'cpu_affinity_per_worker': 4}"
4,0.18545954500543702,"{'errors': [], 'actual_G': 0, 'actual_V': 0, 'actual_L': 2344, 'output_rows': 2784, 'camera_packets': 3682}",2762,0.18545954500543702,1.0,2784,0,"{'G_reason:disabled': 3682, 'V_reason:disabled': 3682}",0.9920977011494253,True,0.0,"{'count': 2784, 'total': 0.24078626629094277, 'maximum': 0.0004274486536661708}",L,/tmp/ltv_gain_scan_20261009/w0/results/w0_full_MH_01_easy_L_4_20261009T034247_39c9490d,0.4915929584400017,0.41095263321885084,,0.008690849275017065,0.0,0.0187959694453399,0.008690849275017065,w0_full_MH_01_easy_L_4_20261009T034247_39c9490d,2762,MH_01_easy,VALID_FULL_MATCHED,0.0,0.24229874214303937,"{'actual_opencv_threads': 4, 'verification': 'inferred from frozen num_opencv_threads=4 and original VioManager constructor; post-construction metadata was absent', 'cpu_affinity_per_worker': 4}"
6,0.18546415767585453,"{'errors': [], 'actual_G': 0, 'actual_V': 0, 'actual_L': 2344, 'output_rows': 2784, 'camera_packets': 3682}",2762,0.18546415767585453,1.0,2784,0,"{'G_reason:disabled': 3682, 'V_reason:disabled': 3682}",0.9920977011494253,,0.0,"{'count': 2784, 'total': 0.30549325699717716, 'maximum': 0.0005270289158177367}",L,/home/he/output/ltv_landmark6_20261009T152850/w0/results/w0_full_MH_01_easy_L_6_20261009T153111_545d0ebf,0.49160151900807675,0.41094158214902926,,0.011178222625152223,0.002487157195041334,0.021283594125698357,,w0_full_MH_01_easy_L_6_20261009T153111_545d0ebf,2762,MH_01_easy,VALID_FULL_MATCHED,5.273559366969494e-16,0.24233894947084955,"{'requested_opencv_threads': 1, 'actual_opencv_threads': 1}"
1,0.09683671898370125,"{'errors': [], 'actual_G': 0, 'actual_V': 0, 'actual_L': 1478, 'output_rows': 2259, 'camera_packets': 3040}",2236,0.09683671898370125,1.0,2259,0,"{'G_reason:disabled': 3040, 'V_reason:disabled': 3040}",0.9898185037627268,True,0.0,"{'count': 2259, 'total': 0.06859612641576217, 'maximum': 0.00047117386942298605}",L,/tmp/ltv_gain_scan_20261009/w1/results/w1_full_MH_02_easy_L_1_20261009T031224_7b184bca,0.31928712090803163,0.16590779686032758,,0.0,0.4267911458499585,-0.30166923114397504,0.0,w1_full_MH_02_easy_L_1_20261009T031224_7b184bca,2236,MH_02_easy,VALID_FULL_MATCHED,5.273559366969494e-16,0.17140777926484455,"{'actual_opencv_threads': 4, 'verification': 'inferred from frozen num_opencv_threads=4 and original VioManager constructor; post-construction metadata was absent', 'cpu_affinity_per_worker': 4}"
2,0.09666387919010339,"{'errors': [], 'actual_G': 0, 'actual_V': 0, 'actual_L': 1478, 'output_rows': 2259, 'camera_packets': 3040}",2236,0.09666387919010339,1.0,2259,0,"{'G_reason:disabled': 3040, 'V_reason:disabled': 3040}",0.9898185037627268,True,0.0,"{'count': 2259, 'total': 0.11043568897068017, 'maximum': 0.0007231159257535006}",L,/tmp/ltv_gain_scan_20261009/w1/results/w1_full_MH_02_easy_L_2_20261009T032653_7e9c0352,0.3181191309804513,0.16550771472100334,,-0.17848580105956913,0.2475435831948536,-0.4796165954597864,-0.17848580105956913,w1_full_MH_02_easy_L_2_20261009T032653_7e9c0352,2236,MH_02_easy,VALID_FULL_MATCHED,8.049116928532385e-16,0.17083205967610177,"{'actual_opencv_threads': 4, 'verification': 'inferred from frozen num_opencv_threads=4 and original VioManager constructor; post-construction metadata was absent', 'cpu_affinity_per_worker': 4}"
4,0.09642518483246683,"{'errors': [], 'actual_G': 0, 'actual_V': 0, 'actual_L': 1478, 'output_rows': 2259, 'camera_packets': 3040}",2236,0.09642518483246683,1.0,2259,0,"{'G_reason:disabled': 3040, 'V_reason:disabled': 3040}",0.9898185037627268,True,0.0,"{'count': 2259, 'total': 0.16901482402689294, 'maximum': 0.0010460070443922757}",L,/tmp/ltv_gain_scan_20261009/w1/results/w1_full_MH_02_easy_L_4_20261009T034247_0e83be6b,0.31656756600241853,0.16497092344441752,,-0.42497738002016394,0.0,-0.7253645851692858,-0.42497738002016394,w1_full_MH_02_easy_L_4_20261009T034247_0e83be6b,2236,MH_02_easy,VALID_FULL_MATCHED,4.3021142204224816e-16,0.17005505325068315,"{'actual_opencv_threads': 4, 'verification': 'inferred from frozen num_opencv_threads=4 and original VioManager constructor; post-construction metadata was absent', 'cpu_affinity_per_worker': 4}"
6,0.09625560269455337,"{'errors': [], 'actual_G': 0, 'actual_V': 0, 'actual_L': 1478, 'output_rows': 2259, 'camera_packets': 3040}",2236,0.09625560269455337,1.0,2259,0,"{'G_reason:disabled': 3040, 'V_reason:disabled': 3040}",0.9898185037627268,,0.0,"{'count': 2259, 'total': 0.2114581011534362, 'maximum': 0.0012621238774967757}",L,/home/he/output/ltv_landmark6_20261009T152850/w1/results/w1_full_MH_02_easy_L_6_20261009T153111_ef7199fd,0.31549304385071697,0.16463785539002052,,-0.6000991103856879,-0.17586913440518215,-0.8999580271572549,,w1_full_MH_02_easy_L_6_20261009T153111_ef7199fd,2236,MH_02_easy,VALID_FULL_MATCHED,4.440892098500626e-16,0.16951223529173207,"{'requested_opencv_threads': 1, 'actual_opencv_threads': 1}"
1,0.1492068922315105,"{'errors': [], 'actual_G': 0, 'actual_V': 0, 'actual_L': 1920, 'output_rows': 2311, 'camera_packets': 2700}",2289,0.1492068922315105,1.0,2311,0,"{'G_reason:disabled': 2700, 'V_reason:disabled': 2700}",0.9904803115534401,True,0.0,"{'count': 2311, 'total': 0.11432999925511933, 'maximum': 0.00025612759349908596}",L,/tmp/ltv_gain_scan_20261009/w2/results/w2_full_MH_03_medium_L_1_20261009T031224_73731ad0,0.29662082264418027,0.25380018355709716,,0.0,0.09376471664845898,-0.05007582170188929,0.0,w2_full_MH_03_medium_L_1_20261009T031224_73731ad0,2289,MH_03_medium,VALID_FULL_MATCHED,7.771561172376096e-16,0.08145476713140509,"{'actual_opencv_threads': 4, 'verification': 'inferred from frozen num_opencv_threads=4 and original VioManager constructor; post-construction metadata was absent', 'cpu_affinity_per_worker': 4}"
2,0.14915175769244174,"{'errors': [], 'actual_G': 0, 'actual_V': 0, 'actual_L': 1920, 'output_rows': 2311, 'camera_packets': 2700}",2289,0.14915175769244174,1.0,2311,0,"{'G_reason:disabled': 2700, 'V_reason:disabled': 2700}",0.9904803115534401,True,0.0,"{'count': 2311, 'total': 0.19267669845555657, 'maximum': 0.00044400631510699593}",L,/tmp/ltv_gain_scan_20261009/w2/results/w2_full_MH_03_medium_L_2_20261009T032653_3ac157e2,0.29657505546209023,0.2537573892157352,,-0.03695173744603375,0.0567783315104986,-0.08700905526175529,-0.03695173744603375,w2_full_MH_03_medium_L_2_20261009T032653_3ac157e2,2289,MH_03_medium,VALID_FULL_MATCHED,2.7755575615628914e-17,0.08142542682610975,"{'actual_opencv_threads': 4, 'verification': 'inferred from frozen num_opencv_threads=4 and original VioManager constructor; post-construction metadata was absent', 'cpu_affinity_per_worker': 4}"
4,0.14906711986894938,"{'errors': [], 'actual_G': 0, 'actual_V': 0, 'actual_L': 1920, 'output_rows': 2311, 'camera_packets': 2700}",2289,0.14906711986894938,1.0,2311,0,"{'G_reason:disabled': 2700, 'V_reason:disabled': 2700}",0.9904803115534401,True,0.0,"{'count': 2311, 'total': 0.310971003962331, 'maximum': 0.0007366325577498837}",L,/tmp/ltv_gain_scan_20261009/w2/results/w2_full_MH_03_medium_L_4_20261009T034247_2fc30c71,0.2965076462228159,0.2537247248148516,,-0.09367688078661951,0.0,-0.14370579302069864,-0.09367688078661951,w2_full_MH_03_medium_L_4_20261009T034247_2fc30c71,2289,MH_03_medium,VALID_FULL_MATCHED,1.3877787807814457e-16,0.08138374917171096,"{'actual_opencv_threads': 4, 'verification': 'inferred from frozen num_opencv_threads=4 and original VioManager constructor; post-construction metadata was absent', 'cpu_affinity_per_worker': 4}"
6,0.14900561827381475,"{'errors': [], 'actual_G': 0, 'actual_V': 0, 'actual_L': 1920, 'output_rows': 2311, 'camera_packets': 2700}",2289,0.14900561827381475,1.0,2311,0,"{'G_reason:disabled': 2700, 'V_reason:disabled': 2700}",0.9904803115534401,,0.0,"{'count': 2311, 'total': 0.40238812442128213, 'maximum': 0.0009674961038363039}",L,/home/he/output/ltv_landmark6_20261009T152850/w2/results/w2_full_MH_03_medium_L_6_20261009T153111_b06da109,0.2964722887570149,0.2537039241818238,,-0.13489588495916305,-0.04125765305501572,-0.18490415643821478,,w2_full_MH_03_medium_L_6_20261009T153111_b06da109,2289,MH_03_medium,VALID_FULL_MATCHED,5.551115123125783e-17,0.08135685051871092,"{'requested_opencv_threads': 1, 'actual_opencv_threads': 1}"
1,0.27629036047823724,"{'errors': [], 'actual_G': 0, 'actual_V': 0, 'actual_L': 1575, 'output_rows': 1849, 'camera_packets': 2273}",1826,0.27629036047823724,1.0,1849,0,"{'G_reason:disabled': 2273, 'V_reason:disabled': 2273}",0.9875608436992969,True,0.0,"{'count': 1849, 'total': 0.10302471554711681, 'maximum': 0.0002909141474589016}",L,/tmp/ltv_gain_scan_20261009/w1/results/w1_full_MH_05_difficult_L_1_20261009T023841_8ea29395,0.6075678853640047,0.5039173387237079,,0.0,-0.052113580913448754,0.017369828628077677,0.0,w1_full_MH_05_difficult_L_1_20261009T023841_8ea29395,1826,MH_05_difficult,VALID_FULL_MATCHED,2.220446049250313e-16,0.4751297267511918,"{'actual_opencv_threads': 4, 'verification': 'inferred from frozen num_opencv_threads=4 and original VioManager constructor; post-construction metadata was absent', 'cpu_affinity_per_worker': 4}"
2,0.2763172442561134,"{'errors': [], 'actual_G': 0, 'actual_V': 0, 'actual_L': 1575, 'output_rows': 1849, 'camera_packets': 2273}",1826,0.2763172442561134,1.0,1849,0,"{'G_reason:disabled': 2273, 'V_reason:disabled': 2273}",0.9875608436992969,True,0.0,"{'count': 1849, 'total': 0.16539365582555685, 'maximum': 0.00044948323478959074}",L,/tmp/ltv_gain_scan_20261009/w1/results/w1_full_MH_05_difficult_L_2_20261009T024249_f3050f2c,0.6074390146321235,0.5036499570006996,,0.009730262695240022,-0.0423883890065202,0.02710178145328701,0.009730262695240022,w1_full_MH_05_difficult_L_2_20261009T024249_f3050f2c,1826,MH_05_difficult,VALID_FULL_MATCHED,3.885780586188048e-16,0.4749458493773861,"{'actual_opencv_threads': 4, 'verification': 'inferred from frozen num_opencv_threads=4 and original VioManager constructor; post-construction metadata was absent', 'cpu_affinity_per_worker': 4}"
4,0.2764344203535608,"{'errors': [], 'actual_G': 0, 'actual_V': 0, 'actual_L': 1575, 'output_rows': 1849, 'camera_packets': 2273}",1826,0.2764344203535608,1.0,1849,0,"{'G_reason:disabled': 2273, 'V_reason:disabled': 2273}",0.9875608436992969,True,0.0,"{'count': 1849, 'total': 0.252299805255307, 'maximum': 0.0006552625177138764}",L,/tmp/ltv_gain_scan_20261009/w1/results/w1_full_MH_05_difficult_L_4_20261009T025438_b2fd2e5c,0.6074197645535662,0.50342670133243,,0.05214075332711232,0.0,0.06951963871468791,0.05214075332711232,w1_full_MH_05_difficult_L_4_20261009T025438_b2fd2e5c,1826,MH_05_difficult,VALID_FULL_MATCHED,5.551115123125783e-16,0.47483307284591175,"{'actual_opencv_threads': 4, 'verification': 'inferred from frozen num_opencv_threads=4 and original VioManager constructor; post-construction metadata was absent', 'cpu_affinity_per_worker': 4}"
6,0.2763707263331078,"{'errors': [], 'actual_G': 0, 'actual_V': 0, 'actual_L': 1575, 'output_rows': 1849, 'camera_packets': 2273}",1826,0.2763707263331078,1.0,1849,0,"{'G_reason:disabled': 2273, 'V_reason:disabled': 2273}",0.9875608436992969,,0.0,"{'count': 1849, 'total': 0.31499202225564027, 'maximum': 0.0007945195354461591}",L,/home/he/output/ltv_landmark6_20261009T152850/w2/results/w2_full_MH_05_difficult_L_6_20261009T153000_4e23ba26,0.6070972875750195,0.503004388684098,,0.029087462454868707,-0.023041276976853986,0.04646234352532197,,w2_full_MH_05_difficult_L_6_20261009T153000_4e23ba26,1826,MH_05_difficult,VALID_FULL_MATCHED,7.216449660063518e-16,0.47449074505816385,"{'requested_opencv_threads': 1, 'actual_opencv_threads': 1}"
1,0.06423859757288816,"{'errors': [], 'actual_G': 0, 'actual_V': 0, 'actual_L': 2406, 'output_rows': 2800, 'camera_packets': 2912}",2780,0.06423859757288816,1.0,2800,0,"{'G_reason:disabled': 2912, 'V_reason:disabled': 2912}",0.9928571428571429,True,0.0,"{'count': 2800, 'total': 0.03257119579091575, 'maximum': 3.5234785384856e-05}",L,/tmp/ltv_gain_scan_20261009/w3/results/w3_full_V1_01_easy_L_1_20261009T031224_f6bdfb17,0.130198461560705,0.10405410015446243,,0.0,0.013510783496673007,-0.0065950418146609735,0.0,w3_full_V1_01_easy_L_1_20261009T031224_f6bdfb17,2780,V1_01_easy,VALID_FULL_MATCHED,8.326672684688674e-17,0.07797161090250287,"{'actual_opencv_threads': 4, 'verification': 'inferred from frozen num_opencv_threads=4 and original VioManager constructor; post-construction metadata was absent', 'cpu_affinity_per_worker': 4}"
2,0.06423524870272079,"{'errors': [], 'actual_G': 0, 'actual_V': 0, 'actual_L': 2406, 'output_rows': 2800, 'camera_packets': 2912}",2780,0.06423524870272079,1.0,2800,0,"{'G_reason:disabled': 2912, 'V_reason:disabled': 2912}",0.9928571428571429,True,0.0,"{'count': 2800, 'total': 0.05960978394755669, 'maximum': 6.429367258713421e-05}",L,/tmp/ltv_gain_scan_20261009/w3/results/w3_full_V1_01_easy_L_2_20261009T032653_5eeebc64,0.1301955568179865,0.10405246130286447,,-0.005213174468154946,0.008296904687821183,-0.011807872471780723,-0.005213174468154946,w3_full_V1_01_easy_L_2_20261009T032653_5eeebc64,2780,V1_01_easy,VALID_FULL_MATCHED,0.0,0.0779553200889003,"{'actual_opencv_threads': 4, 'verification': 'inferred from frozen num_opencv_threads=4 and original VioManager constructor; post-construction metadata was absent', 'cpu_affinity_per_worker': 4}"
4,0.0642299196075099,"{'errors': [], 'actual_G': 0, 'actual_V': 0, 'actual_L': 2406, 'output_rows': 2800, 'camera_packets': 2912}",2780,0.0642299196075099,1.0,2800,0,"{'G_reason:disabled': 2912, 'V_reason:disabled': 2912}",0.9928571428571429,True,0.0,"{'count': 2800, 'total': 0.10592246413485366, 'maximum': 0.00011371578811509591}",L,/tmp/ltv_gain_scan_20261009/w3/results/w3_full_V1_01_easy_L_4_20261009T034247_78ebd036,0.13018882314634564,0.10404900462171991,,-0.013508958330565868,0.0,-0.020103109223779114,-0.013508958330565868,w3_full_V1_01_easy_L_4_20261009T034247_78ebd036,2780,V1_01_easy,VALID_FULL_MATCHED,4.163336342344337e-17,0.07793084921021377,"{'actual_opencv_threads': 4, 'verification': 'inferred from frozen num_opencv_threads=4 and original VioManager constructor; post-construction metadata was absent', 'cpu_affinity_per_worker': 4}"
6,0.06422521203874637,"{'errors': [], 'actual_G': 0, 'actual_V': 0, 'actual_L': 2406, 'output_rows': 2800, 'camera_packets': 2912}",2780,0.06422521203874637,1.0,2800,0,"{'G_reason:disabled': 2912, 'V_reason:disabled': 2912}",0.9928571428571429,,0.0,"{'count': 2800, 'total': 0.1458423545277142, 'maximum': 0.00015597324949698848}",L,/home/he/output/ltv_landmark6_20261009T152850/w3/results/w3_full_V1_01_easy_L_6_20261009T153111_f7fcda32,0.1301827969864891,0.10404587177337969,,-0.020837214147773064,-0.007329245921983141,-0.027430881739454183,,w3_full_V1_01_easy_L_6_20261009T153111_f7fcda32,2780,V1_01_easy,VALID_FULL_MATCHED,1.3877787807814457e-17,0.07791013383317003,"{'requested_opencv_threads': 1, 'actual_opencv_threads': 1}"
1,0.06818700362777047,"{'errors': [], 'actual_G': 0, 'actual_V': 0, 'actual_L': 930, 'output_rows': 1611, 'camera_packets': 1710}",1592,0.06818700362777047,1.0,1611,0,"{'G_reason:disabled': 1710, 'V_reason:disabled': 1710}",0.9882060831781502,True,0.0,"{'count': 1611, 'total': 0.02116708883425843, 'maximum': 5.0003718394640924e-05}",L,/tmp/ltv_gain_scan_20261009/w0/results/w0_full_V1_02_medium_L_1_20261009T031413_7923a50f,0.12721357094343536,0.10797361493179881,,0.0,0.0032487065409370075,-0.0014000287951065893,0.0,w0_full_V1_02_medium_L_1_20261009T031413_7923a50f,1592,V1_02_medium,VALID_FULL_MATCHED,2.7755575615628914e-17,0.08907342338914985,"{'actual_opencv_threads': 4, 'verification': 'inferred from frozen num_opencv_threads=4 and original VioManager constructor; post-construction metadata was absent', 'cpu_affinity_per_worker': 4}"
2,0.06818611098906047,"{'errors': [], 'actual_G': 0, 'actual_V': 0, 'actual_L': 930, 'output_rows': 1611, 'camera_packets': 1710}",1592,0.06818611098906047,1.0,1611,0,"{'G_reason:disabled': 1710, 'V_reason:disabled': 1710}",0.9882060831781502,True,0.0,"{'count': 1611, 'total': 0.038398335626065115, 'maximum': 8.720927268369396e-05}",L,/tmp/ltv_gain_scan_20261009/w0/results/w0_full_V1_02_medium_L_2_20261009T032843_a552d380,0.12721011566697069,0.10797461085744921,,-0.0013091038797874432,0.0019395601321914313,-0.0027091143470658885,-0.0013091038797874432,w0_full_V1_02_medium_L_2_20261009T032843_a552d380,1592,V1_02_medium,VALID_FULL_MATCHED,1.3877787807814457e-17,0.08907163817420911,"{'actual_opencv_threads': 4, 'verification': 'inferred from frozen num_opencv_threads=4 and original VioManager constructor; post-construction metadata was absent', 'cpu_affinity_per_worker': 4}"
4,0.06818478850408642,"{'errors': [], 'actual_G': 0, 'actual_V': 0, 'actual_L': 930, 'output_rows': 1611, 'camera_packets': 1710}",1592,0.06818478850408642,1.0,1611,0,"{'G_reason:disabled': 1710, 'V_reason:disabled': 1710}",0.9882060831781502,True,0.0,"{'count': 1611, 'total': 0.06748257353869729, 'maximum': 0.00015258121696639892}",L,/tmp/ltv_gain_scan_20261009/w0/results/w0_full_V1_02_medium_L_4_20261009T034437_697d6ada,0.12720584943716753,0.10797327119465104,,-0.0032486010034138424,0.0,-0.004648584317168414,-0.0032486010034138424,w0_full_V1_02_medium_L_4_20261009T034437_697d6ada,1592,V1_02_medium,VALID_FULL_MATCHED,1.3877787807814457e-16,0.08906890228234444,"{'actual_opencv_threads': 4, 'verification': 'inferred from frozen num_opencv_threads=4 and original VioManager constructor; post-construction metadata was absent', 'cpu_affinity_per_worker': 4}"
6,0.06818343361684381,"{'errors': [], 'actual_G': 0, 'actual_V': 0, 'actual_L': 930, 'output_rows': 1611, 'camera_packets': 1710}",1592,0.06818343361684381,1.0,1611,0,"{'G_reason:disabled': 1710, 'V_reason:disabled': 1710}",0.9882060831781502,,0.0,"{'count': 1611, 'total': 0.09221919854644811, 'maximum': 0.00020903836970968841}",L,/home/he/output/ltv_landmark6_20261009T152850/w4/results/w4_full_V1_02_medium_L_6_20261009T153111_47d70e6b,0.12720208424346974,0.10797192908630171,,-0.0052356178402379605,-0.0019870813891653683,-0.006635573335178613,,w4_full_V1_02_medium_L_6_20261009T153111_47d70e6b,1592,V1_02_medium,VALID_FULL_MATCHED,9.71445146547012e-17,0.08906657063678684,"{'requested_opencv_threads': 1, 'actual_opencv_threads': 1}"
1,0.04189061394536724,"{'errors': [], 'actual_G': 0, 'actual_V': 0, 'actual_L': 927, 'output_rows': 2005, 'camera_packets': 2149}",1986,0.04189061394536724,1.0,2005,0,"{'G_reason:disabled': 2149, 'V_reason:disabled': 2149}",0.9905236907730673,True,0.0,"{'count': 2005, 'total': 0.018796151970937917, 'maximum': 5.6772908441980716e-05}",L,/tmp/ltv_gain_scan_20261009/w1/results/w1_full_V1_03_difficult_L_1_20261009T031353_7388f7e0,0.0895015538692692,0.0727984276612708,,0.0,0.0005879493029103955,0.00010702955495212052,0.0,w1_full_V1_03_difficult_L_1_20261009T031353_7388f7e0,1986,V1_03_difficult,VALID_FULL_MATCHED,9.020562075079397e-17,0.04634130785149359,"{'actual_opencv_threads': 4, 'verification': 'inferred from frozen num_opencv_threads=4 and original VioManager constructor; post-construction metadata was absent', 'cpu_affinity_per_worker': 4}"
2,0.041890523764079944,"{'errors': [], 'actual_G': 0, 'actual_V': 0, 'actual_L': 927, 'output_rows': 2005, 'camera_packets': 2149}",1986,0.041890523764079944,1.0,2005,0,"{'G_reason:disabled': 2149, 'V_reason:disabled': 2149}",0.9905236907730673,True,0.0,"{'count': 2005, 'total': 0.034162652580036444, 'maximum': 0.00010346574639421895}",L,/tmp/ltv_gain_scan_20261009/w1/results/w1_full_V1_03_difficult_L_2_20261009T032822_a4e89efa,0.08950859558634221,0.07280515139057145,,-0.00021527802723797507,0.00037267000994045674,-0.00010824870270154108,-0.00021527802723797507,w1_full_V1_03_difficult_L_2_20261009T032822_a4e89efa,1986,V1_03_difficult,VALID_FULL_MATCHED,7.632783294297951e-17,0.046339174402771764,"{'actual_opencv_threads': 4, 'verification': 'inferred from frozen num_opencv_threads=4 and original VioManager constructor; post-construction metadata was absent', 'cpu_affinity_per_worker': 4}"
4,0.041890367651242655,"{'errors': [], 'actual_G': 0, 'actual_V': 0, 'actual_L': 927, 'output_rows': 2005, 'camera_packets': 2149}",1986,0.041890367651242655,1.0,2005,0,"{'G_reason:disabled': 2149, 'V_reason:disabled': 2149}",0.9905236907730673,True,0.0,"{'count': 2005, 'total': 0.06017112490501709, 'maximum': 0.0001827066747372495}",L,/tmp/ltv_gain_scan_20261009/w1/results/w1_full_V1_03_difficult_L_4_20261009T034416_65f651d2,0.08952080253909211,0.07281673088251682,,-0.0005879458460755771,0.0,-0.00048091692040896916,-0.0005879458460755771,w1_full_V1_03_difficult_L_4_20261009T034416_65f651d2,1986,V1_03_difficult,VALID_FULL_MATCHED,6.245004513516506e-17,0.04633596497780369,"{'actual_opencv_threads': 4, 'verification': 'inferred from frozen num_opencv_threads=4 and original VioManager constructor; post-construction metadata was absent', 'cpu_affinity_per_worker': 4}"
6,0.04189030725839962,"{'errors': [], 'actual_G': 0, 'actual_V': 0, 'actual_L': 927, 'output_rows': 2005, 'camera_packets': 2149}",1986,0.04189030725839962,1.0,2005,0,"{'G_reason:disabled': 2149, 'V_reason:disabled': 2149}",0.9905236907730673,,0.0,"{'count': 2005, 'total': 0.08234260492779857, 'maximum': 0.00025033463525800034}",L,/home/he/output/ltv_landmark6_20261009T152850/w5/results/w5_full_V1_03_difficult_L_6_20261009T153111_9929bc91,0.08953070243863583,0.07282614350315966,,-0.000732113804824408,-0.00014416880638190577,-0.000625085033456596,,w5_full_V1_03_difficult_L_6_20261009T153111_9929bc91,1986,V1_03_difficult,VALID_FULL_MATCHED,2.0816681711721685e-17,0.04633339386694686,"{'requested_opencv_threads': 1, 'actual_opencv_threads': 1}"
1,0.1745811819541044,"{'errors': [], 'actual_G': 0, 'actual_V': 0, 'actual_L': 1560, 'output_rows': 2181, 'camera_packets': 2280}",2166,0.1745811819541044,1.0,2181,0,"{'G_reason:disabled': 2280, 'V_reason:disabled': 2280}",0.9931224209078404,True,0.0,"{'count': 2181, 'total': 0.018952756880084097, 'maximum': 4.633333681198118e-05}",L,/tmp/ltv_gain_scan_20261009/w2/results/w2_full_V2_01_easy_L_1_20261009T031347_15e00bae,0.7914329665436616,0.29425362396240223,,0.0,2.5204869813499897e-05,0.00030118591280992035,0.0,w2_full_V2_01_easy_L_1_20261009T031347_15e00bae,2166,V2_01_easy,VALID_FULL_MATCHED,5.273559366969494e-16,0.2223528999723415,"{'actual_opencv_threads': 4, 'verification': 'inferred from frozen num_opencv_threads=4 and original VioManager constructor; post-construction metadata was absent', 'cpu_affinity_per_worker': 4}"
2,0.1745810654583251,"{'errors': [], 'actual_G': 0, 'actual_V': 0, 'actual_L': 1560, 'output_rows': 2181, 'camera_packets': 2280}",2166,0.1745810654583251,1.0,2181,0,"{'G_reason:disabled': 2280, 'V_reason:disabled': 2280}",0.9931224209078404,True,0.0,"{'count': 2181, 'total': 0.03495966550609133, 'maximum': 8.492987735081434e-05}",L,/tmp/ltv_gain_scan_20261009/w2/results/w2_full_V2_01_easy_L_2_20261009T032816_d74b3bbe,0.7914236151261858,0.29425923473896765,,-6.672871497581667e-05,-4.15238619821956e-05,0.00023445699686153176,-6.672871497581667e-05,w2_full_V2_01_easy_L_2_20261009T032816_d74b3bbe,2166,V2_01_easy,VALID_FULL_MATCHED,8.604228440844963e-16,0.22235281792972972,"{'actual_opencv_threads': 4, 'verification': 'inferred from frozen num_opencv_threads=4 and original VioManager constructor; post-construction metadata was absent', 'cpu_affinity_per_worker': 4}"
4,0.17458113795115587,"{'errors': [], 'actual_G': 0, 'actual_V': 0, 'actual_L': 1560, 'output_rows': 2181, 'camera_packets': 2280}",2166,0.17458113795115587,1.0,2181,0,"{'G_reason:disabled': 2280, 'V_reason:disabled': 2280}",0.9931224209078404,True,0.0,"{'count': 2181, 'total': 0.06280756813847321, 'maximum': 0.00015107801940850412}",L,/tmp/ltv_gain_scan_20261009/w2/results/w2_full_V2_01_easy_L_4_20261009T034409_7d1b2032,0.7914077155235153,0.2942681091646665,,-2.5204863463024196e-05,0.0,0.0002759809734520502,-2.5204863463024196e-05,w2_full_V2_01_easy_L_4_20261009T034409_7d1b2032,2166,V2_01_easy,VALID_FULL_MATCHED,5.828670879282072e-16,0.22235286411772184,"{'actual_opencv_threads': 4, 'verification': 'inferred from frozen num_opencv_threads=4 and original VioManager constructor; post-construction metadata was absent', 'cpu_affinity_per_worker': 4}"
6,0.17458080116982042,"{'errors': [], 'actual_G': 0, 'actual_V': 0, 'actual_L': 1560, 'output_rows': 2181, 'camera_packets': 2280}",2166,0.17458080116982042,1.0,2181,0,"{'G_reason:disabled': 2280, 'V_reason:disabled': 2280}",0.9931224209078404,,0.0,"{'count': 2181, 'total': 0.08719229762401212, 'maximum': 0.00020804602542349359}",L,/home/he/output/ltv_landmark6_20261009T152850/w6/results/w6_full_V2_01_easy_L_6_20261009T153111_72dbc2c9,0.7914040082607385,0.29427371022916293,,-0.00021811301752494572,-0.00019290820268969,8.30722383771132e-05,,w6_full_V2_01_easy_L_6_20261009T153111_72dbc2c9,2166,V2_01_easy,VALID_FULL_MATCHED,8.049116928532385e-16,0.22235205584882636,"{'requested_opencv_threads': 1, 'actual_opencv_threads': 1}"
1,0.05197513744903024,"{'errors': [], 'actual_G': 0, 'actual_V': 0, 'actual_L': 1570, 'output_rows': 2266, 'camera_packets': 2348}",2252,0.05197513744903024,1.0,2266,0,"{'G_reason:disabled': 2348, 'V_reason:disabled': 2348}",0.9938217122683142,True,0.0,"{'count': 2266, 'total': 0.0352431954024831, 'maximum': 5.119295636257407e-05}",L,/tmp/ltv_gain_scan_20261009/w3/results/w3_full_V2_02_medium_L_1_20261009T023630_421bb47c,0.12990697355494513,0.10773389999013085,,0.0,0.002824358332942367,-0.00013876162451298413,0.0,w3_full_V2_02_medium_L_1_20261009T023630_421bb47c,2252,V2_02_medium,VALID_FULL_MATCHED,3.469446951953614e-17,0.10309762010603656,"{'actual_opencv_threads': 4, 'verification': 'inferred from frozen num_opencv_threads=4 and original VioManager constructor; post-construction metadata was absent', 'cpu_affinity_per_worker': 4}"
2,0.05197502969451965,"{'errors': [], 'actual_G': 0, 'actual_V': 0, 'actual_L': 1570, 'output_rows': 2266, 'camera_packets': 2348}",2252,0.05197502969451965,1.0,2266,0,"{'G_reason:disabled': 2348, 'V_reason:disabled': 2348}",0.9938217122683142,True,0.0,"{'count': 2266, 'total': 0.06427993382625419, 'maximum': 9.397489154427203e-05}",L,/tmp/ltv_gain_scan_20261009/w3/results/w3_full_V2_02_medium_L_2_20261009T024038_73177b5e,0.12990563322076518,0.10773769367382588,,-0.00020731933744189135,0.0026170331400621194,-0.0003460806742627831,-0.00020731933744189135,w3_full_V2_02_medium_L_2_20261009T024038_73177b5e,2252,V2_02_medium,VALID_FULL_MATCHED,1.3877787807814457e-16,0.10310098953839596,"{'actual_opencv_threads': 4, 'verification': 'inferred from frozen num_opencv_threads=4 and original VioManager constructor; post-construction metadata was absent', 'cpu_affinity_per_worker': 4}"
4,0.051973669526364036,"{'errors': [], 'actual_G': 0, 'actual_V': 0, 'actual_L': 1570, 'output_rows': 2266, 'camera_packets': 2348}",2252,0.051973669526364036,1.0,2266,0,"{'G_reason:disabled': 2348, 'V_reason:disabled': 2348}",0.9938217122683142,True,0.0,"{'count': 2266, 'total': 0.11377526617328733, 'maximum': 0.00016748832826160744}",L,/tmp/ltv_gain_scan_20261009/w3/results/w3_full_V2_02_medium_L_4_20261009T025226_ff839e53,0.1298978337137347,0.10773897319229626,,-0.0028242785651944047,0.0,-0.0029630362706978275,-0.0028242785651944047,w3_full_V2_02_medium_L_4_20261009T025226_ff839e53,2252,V2_02_medium,VALID_FULL_MATCHED,2.2898349882893854e-16,0.10310193143038247,"{'actual_opencv_threads': 4, 'verification': 'inferred from frozen num_opencv_threads=4 and original VioManager constructor; post-construction metadata was absent', 'cpu_affinity_per_worker': 4}"
6,0.051972224248304395,"{'errors': [], 'actual_G': 0, 'actual_V': 0, 'actual_L': 1570, 'output_rows': 2266, 'camera_packets': 2348}",2252,0.051972224248304395,1.0,2266,0,"{'G_reason:disabled': 2348, 'V_reason:disabled': 2348}",0.9938217122683142,,0.0,"{'count': 2266, 'total': 0.15627370460889053, 'maximum': 0.0002333741632327577}",L,/home/he/output/ltv_landmark6_20261009T152850/w0/results/w0_full_V2_02_medium_L_6_20261009T153000_dd1ee4df,0.12989073658726194,0.10773963671824799,,-0.005604988979013292,-0.0027807889510400585,-0.005743742825947695,,w0_full_V2_02_medium_L_6_20261009T153000_dd1ee4df,2252,V2_02_medium,VALID_FULL_MATCHED,1.1449174941446927e-15,0.1031018287165869,"{'requested_opencv_threads': 1, 'actual_opencv_threads': 1}"
1,0.2072413759735566,"{'errors': [], 'actual_G': 0, 'actual_V': 0, 'actual_L': 627, 'output_rows': 1806, 'camera_packets': 1921}",1799,0.2072413759735566,1.0,1806,0,"{'G_reason:disabled': 1921, 'V_reason:disabled': 1921}",0.9961240310077519,True,0.0,"{'count': 1806, 'total': 0.01720784824367037, 'maximum': 8.243755830485478e-05}",L,/tmp/ltv_gain_scan_20261009/w0/results/w0_full_V2_03_difficult_L_1_20261009T023820_bce4606c,0.43285218738276904,0.38822925071540065,,0.0,-0.0041230592133234545,-0.08978520898855757,0.0,w0_full_V2_03_difficult_L_1_20261009T023820_bce4606c,1799,V2_03_difficult,VALID_FULL_MATCHED,9.992007221626409e-16,0.20275280254709668,"{'actual_opencv_threads': 4, 'verification': 'inferred from frozen num_opencv_threads=4 and original VioManager constructor; post-construction metadata was absent', 'cpu_affinity_per_worker': 4}"
2,0.207244554830838,"{'errors': [], 'actual_G': 0, 'actual_V': 0, 'actual_L': 627, 'output_rows': 1806, 'camera_packets': 1921}",1799,0.207244554830838,1.0,1806,0,"{'G_reason:disabled': 1921, 'V_reason:disabled': 1921}",0.9961240310077519,True,0.0,"{'count': 1806, 'total': 0.03127005110358899, 'maximum': 0.00014934273312676956}",L,/tmp/ltv_gain_scan_20261009/w0/results/w0_full_V2_03_difficult_L_2_20261009T024228_d40fdd97,0.4328588615364137,0.38823710619897467,,0.0015338912253692882,-0.002589231231187039,-0.08825269497062527,0.0015338912253692882,w0_full_V2_03_difficult_L_2_20261009T024228_d40fdd97,1799,V2_03_difficult,VALID_FULL_MATCHED,1.3322676295501878e-15,0.20276471534058607,"{'actual_opencv_threads': 4, 'verification': 'inferred from frozen num_opencv_threads=4 and original VioManager constructor; post-construction metadata was absent', 'cpu_affinity_per_worker': 4}"
4,0.20724992101051942,"{'errors': [], 'actual_G': 0, 'actual_V': 0, 'actual_L': 627, 'output_rows': 1806, 'camera_packets': 1921}",1799,0.20724992101051942,1.0,1806,0,"{'G_reason:disabled': 1921, 'V_reason:disabled': 1921}",0.9961240310077519,True,0.0,"{'count': 1806, 'total': 0.05508151167643524, 'maximum': 0.00026191574169451775}",L,/tmp/ltv_gain_scan_20261009/w0/results/w0_full_V2_03_difficult_L_4_20261009T025416_f7b8fbe4,0.4328688701813182,0.3882488473141658,,0.004123229216501656,0.0,-0.0856656818220336,0.004123229216501656,w0_full_V2_03_difficult_L_4_20261009T025416_f7b8fbe4,1799,V2_03_difficult,VALID_FULL_MATCHED,1.942890293094024e-16,0.20277938713391142,"{'actual_opencv_threads': 4, 'verification': 'inferred from frozen num_opencv_threads=4 and original VioManager constructor; post-construction metadata was absent', 'cpu_affinity_per_worker': 4}"
6,0.2072559062305672,"{'errors': [], 'actual_G': 0, 'actual_V': 0, 'actual_L': 627, 'output_rows': 1806, 'camera_packets': 1921}",1799,0.2072559062305672,1.0,1806,0,"{'G_reason:disabled': 1921, 'V_reason:disabled': 1921}",0.9961240310077519,,0.0,"{'count': 1806, 'total': 0.07539710698617089, 'maximum': 0.0003573345695519106}",L,/home/he/output/ltv_landmark6_20261009T152850/w1/results/w1_full_V2_03_difficult_L_6_20261009T153000_e2071649,0.43287977570369124,0.38826160125118747,,0.0070112722144966,0.002887923922290092,-0.08278023185946948,,w1_full_V2_03_difficult_L_6_20261009T153000_e2071649,1799,V2_03_difficult,VALID_FULL_MATCHED,3.3306690738754696e-16,0.20279543112406198,"{'requested_opencv_threads': 1, 'actual_opencv_threads': 1}"
