task,run_id,label,source_oid,status,exit_code,output_dir,command,resources
experiment,experiment_combined_baseline_build_20261008T154231_a883234e,combined_baseline_build,66d9eb327182ecbb741a1137d35d0df62b9aab3c,FINISH,126,/home/he/output/ltv_consolidation_20261008T153807/tasks/experiment/results/experiment_combined_baseline_build_20261008T154231_a883234e,"[""/home/he/output/ltv_consolidation_20261008T153807/tools/env_exec.sh"", ""-"", ""colcon"", ""--log-base"", ""/home/he/output/ltv_consolidation_20261008T153807/tasks/experiment/builds/66d9eb327182ecbb741a1137d35d0df62b9aab3c/log"", ""build"", ""--base-paths"", ""/home/he/output/ltv_consolidation_20261008T153807/tasks/experiment/source/66d9eb327182ecbb741a1137d35d0df62b9aab3c"", ""--packages-up-to"", ""ov_msckf"", ""--build-base"", ""/home/he/output/ltv_consolidation_20261008T153807/tasks/experiment/builds/66d9eb327182ecbb741a1137d35d0df62b9aab3c/build"", ""--install-base"", ""/home/he/output/ltv_consolidation_20261008T153807/tasks/experiment/builds/66d9eb327182ecbb741a1137d35d0df62b9aab3c/install"", ""--executor"", ""sequential"", ""--cmake-args"", ""-DCMAKE_BUILD_TYPE=Release"", ""-DCMAKE_CXX_FLAGS_RELEASE=-O3 -DNDEBUG -g0"", ""-DBUILD_LTV_PHASE0_TESTS=ON""]","{""max_rss_kb"": 800, ""elapsed_s"": 0.0, ""user_s"": 0.0, ""system_s"": 0.0}"
experiment,experiment_combined_baseline_build_20261008T154239_b1e802ac,combined_baseline_build,66d9eb327182ecbb741a1137d35d0df62b9aab3c,FINISH,0,/home/he/output/ltv_consolidation_20261008T153807/tasks/experiment/results/experiment_combined_baseline_build_20261008T154239_b1e802ac,"[""/home/he/output/ltv_consolidation_20261008T153807/tools/env_exec.sh"", ""-"", ""colcon"", ""--log-base"", ""/home/he/output/ltv_consolidation_20261008T153807/tasks/experiment/builds/66d9eb327182ecbb741a1137d35d0df62b9aab3c/log"", ""build"", ""--base-paths"", ""/home/he/output/ltv_consolidation_20261008T153807/tasks/experiment/source/66d9eb327182ecbb741a1137d35d0df62b9aab3c"", ""--packages-up-to"", ""ov_msckf"", ""--build-base"", ""/home/he/output/ltv_consolidation_20261008T153807/tasks/experiment/builds/66d9eb327182ecbb741a1137d35d0df62b9aab3c/build"", ""--install-base"", ""/home/he/output/ltv_consolidation_20261008T153807/tasks/experiment/builds/66d9eb327182ecbb741a1137d35d0df62b9aab3c/install"", ""--executor"", ""sequential"", ""--cmake-args"", ""-DCMAKE_BUILD_TYPE=Release"", ""-DCMAKE_CXX_FLAGS_RELEASE=-O3 -DNDEBUG -g0"", ""-DBUILD_LTV_PHASE0_TESTS=ON""]","{""max_rss_kb"": 3187776, ""elapsed_s"": 908.85, ""user_s"": 868.93, ""system_s"": 40.46}"
experiment,experiment_baseline_native_checks_20261008T160138_c35392f0,baseline_native_checks,66d9eb327182ecbb741a1137d35d0df62b9aab3c,FINISH,0,/home/he/output/ltv_consolidation_20261008T153807/tasks/experiment/results/experiment_baseline_native_checks_20261008T160138_c35392f0,"[""/home/he/output/ltv_consolidation_20261008T153807/tools/env_exec.sh"", ""/home/he/output/ltv_consolidation_20261008T153807/tasks/experiment/builds/66d9eb327182ecbb741a1137d35d0df62b9aab3c/install"", ""python3"", ""/home/he/open_vins_ltv_ws/src/open_vins_ltv/docs/experiments/tools/ltv_three_track/regression_checks.py"", ""/home/he/output/ltv_consolidation_20261008T153807/tasks/experiment/builds/66d9eb327182ecbb741a1137d35d0df62b9aab3c/install"", ""/home/he/output/ltv_consolidation_20261008T153807/tasks/experiment/results/experiment_baseline_native_checks_20261008T160138_c35392f0/checks""]","{""max_rss_kb"": 74028, ""elapsed_s"": 1.22, ""user_s"": 0.86, ""system_s"": 0.34}"
experiment,experiment_V2_02_medium_OFF_full_20261008T160406_9b1ab14a,V2_02_medium_OFF_full,66d9eb327182ecbb741a1137d35d0df62b9aab3c,FINISH,0,/home/he/output/ltv_consolidation_20261008T153807/tasks/experiment/results/experiment_V2_02_medium_OFF_full_20261008T160406_9b1ab14a,"[""/home/he/output/ltv_consolidation_20261008T153807/tools/env_exec.sh"", ""/home/he/output/ltv_consolidation_20261008T153807/tasks/experiment/builds/66d9eb327182ecbb741a1137d35d0df62b9aab3c/install"", ""/home/he/output/ltv_consolidation_20261008T153807/tasks/experiment/builds/66d9eb327182ecbb741a1137d35d0df62b9aab3c/install/ov_msckf/lib/ov_msckf/run_ltv_gv_production"", ""/home/he/output/ltv_consolidation_20261008T153807/tasks/experiment/source/66d9eb327182ecbb741a1137d35d0df62b9aab3c/config/ltv_three_track/task_a/fixed_c0/estimator_config.yaml"", ""/home/he/datasets/euroc/ASL/V2_02_medium/mav0"", ""/home/he/output/ltv_consolidation_20261008T153807/tasks/experiment/results/experiment_V2_02_medium_OFF_full_20261008T160406_9b1ab14a"", ""OFF""]","{""max_rss_kb"": 115584, ""elapsed_s"": 49.82, ""user_s"": 56.32, ""system_s"": 1.38}"
experiment,experiment_V2_02_medium_G_full_20261008T161248_2848f042,V2_02_medium_G_full,66d9eb327182ecbb741a1137d35d0df62b9aab3c,FINISH,0,/home/he/output/ltv_consolidation_20261008T153807/tasks/experiment/results/experiment_V2_02_medium_G_full_20261008T161248_2848f042,"[""/home/he/output/ltv_consolidation_20261008T153807/tools/env_exec.sh"", ""/home/he/output/ltv_consolidation_20261008T153807/tasks/experiment/builds/66d9eb327182ecbb741a1137d35d0df62b9aab3c/install"", ""/home/he/output/ltv_consolidation_20261008T153807/tasks/experiment/builds/66d9eb327182ecbb741a1137d35d0df62b9aab3c/install/ov_msckf/lib/ov_msckf/run_ltv_gv_production"", ""/home/he/output/ltv_consolidation_20261008T153807/tasks/experiment/source/66d9eb327182ecbb741a1137d35d0df62b9aab3c/config/ltv_three_track/task_a/fixed_c0/estimator_config.yaml"", ""/home/he/datasets/euroc/ASL/V2_02_medium/mav0"", ""/home/he/output/ltv_consolidation_20261008T153807/tasks/experiment/results/experiment_V2_02_medium_G_full_20261008T161248_2848f042"", ""G""]","{""max_rss_kb"": 117000, ""elapsed_s"": 52.03, ""user_s"": 58.43, ""system_s"": 1.48}"
experiment,experiment_V2_02_medium_V_full_20261008T161340_8b0847be,V2_02_medium_V_full,66d9eb327182ecbb741a1137d35d0df62b9aab3c,FINISH,0,/home/he/output/ltv_consolidation_20261008T153807/tasks/experiment/results/experiment_V2_02_medium_V_full_20261008T161340_8b0847be,"[""/home/he/output/ltv_consolidation_20261008T153807/tools/env_exec.sh"", ""/home/he/output/ltv_consolidation_20261008T153807/tasks/experiment/builds/66d9eb327182ecbb741a1137d35d0df62b9aab3c/install"", ""/home/he/output/ltv_consolidation_20261008T153807/tasks/experiment/builds/66d9eb327182ecbb741a1137d35d0df62b9aab3c/install/ov_msckf/lib/ov_msckf/run_ltv_gv_production"", ""/home/he/output/ltv_consolidation_20261008T153807/tasks/experiment/source/66d9eb327182ecbb741a1137d35d0df62b9aab3c/config/ltv_three_track/task_a/fixed_c0/estimator_config.yaml"", ""/home/he/datasets/euroc/ASL/V2_02_medium/mav0"", ""/home/he/output/ltv_consolidation_20261008T153807/tasks/experiment/results/experiment_V2_02_medium_V_full_20261008T161340_8b0847be"", ""V""]","{""max_rss_kb"": 117344, ""elapsed_s"": 51.57, ""user_s"": 58.05, ""system_s"": 1.37}"
experiment,experiment_V2_02_medium_GV_full_20261008T161431_5dbb4600,V2_02_medium_GV_full,66d9eb327182ecbb741a1137d35d0df62b9aab3c,FINISH,0,/home/he/output/ltv_consolidation_20261008T153807/tasks/experiment/results/experiment_V2_02_medium_GV_full_20261008T161431_5dbb4600,"[""/home/he/output/ltv_consolidation_20261008T153807/tools/env_exec.sh"", ""/home/he/output/ltv_consolidation_20261008T153807/tasks/experiment/builds/66d9eb327182ecbb741a1137d35d0df62b9aab3c/install"", ""/home/he/output/ltv_consolidation_20261008T153807/tasks/experiment/builds/66d9eb327182ecbb741a1137d35d0df62b9aab3c/install/ov_msckf/lib/ov_msckf/run_ltv_gv_production"", ""/home/he/output/ltv_consolidation_20261008T153807/tasks/experiment/source/66d9eb327182ecbb741a1137d35d0df62b9aab3c/config/ltv_three_track/task_a/fixed_c0/estimator_config.yaml"", ""/home/he/datasets/euroc/ASL/V2_02_medium/mav0"", ""/home/he/output/ltv_consolidation_20261008T153807/tasks/experiment/results/experiment_V2_02_medium_GV_full_20261008T161431_5dbb4600"", ""GV""]","{""max_rss_kb"": 117528, ""elapsed_s"": 52.28, ""user_s"": 58.75, ""system_s"": 1.92}"
experiment,experiment_V2_02_medium_L_OFF_full_20261008T161524_54962d6f,V2_02_medium_L_OFF_full,66d9eb327182ecbb741a1137d35d0df62b9aab3c,FINISH,0,/home/he/output/ltv_consolidation_20261008T153807/tasks/experiment/results/experiment_V2_02_medium_L_OFF_full_20261008T161524_54962d6f,"[""/home/he/output/ltv_consolidation_20261008T153807/tools/env_exec.sh"", ""/home/he/output/ltv_consolidation_20261008T153807/tasks/experiment/builds/66d9eb327182ecbb741a1137d35d0df62b9aab3c/install"", ""/home/he/output/ltv_consolidation_20261008T153807/tasks/experiment/builds/66d9eb327182ecbb741a1137d35d0df62b9aab3c/install/ov_msckf/lib/ov_msckf/run_ltv_gv_production"", ""/home/he/output/ltv_consolidation_20261008T153807/tasks/experiment/source/66d9eb327182ecbb741a1137d35d0df62b9aab3c/config/ltv_three_track/task_a/fixed_c0/estimator_config.yaml"", ""/home/he/datasets/euroc/ASL/V2_02_medium/mav0"", ""/home/he/output/ltv_consolidation_20261008T153807/tasks/experiment/results/experiment_V2_02_medium_L_OFF_full_20261008T161524_54962d6f"", ""L_OFF""]","{""max_rss_kb"": 116968, ""elapsed_s"": 50.54, ""user_s"": 57.02, ""system_s"": 1.63}"
experiment,experiment_V2_02_medium_L_ON_full_20261008T161614_2aa2b05e,V2_02_medium_L_ON_full,66d9eb327182ecbb741a1137d35d0df62b9aab3c,FINISH,0,/home/he/output/ltv_consolidation_20261008T153807/tasks/experiment/results/experiment_V2_02_medium_L_ON_full_20261008T161614_2aa2b05e,"[""/home/he/output/ltv_consolidation_20261008T153807/tools/env_exec.sh"", ""/home/he/output/ltv_consolidation_20261008T153807/tasks/experiment/builds/66d9eb327182ecbb741a1137d35d0df62b9aab3c/install"", ""/home/he/output/ltv_consolidation_20261008T153807/tasks/experiment/builds/66d9eb327182ecbb741a1137d35d0df62b9aab3c/install/ov_msckf/lib/ov_msckf/run_ltv_gv_production"", ""/home/he/output/ltv_consolidation_20261008T153807/tasks/experiment/source/66d9eb327182ecbb741a1137d35d0df62b9aab3c/config/ltv_three_track/task_a/fixed_c0/estimator_config.yaml"", ""/home/he/datasets/euroc/ASL/V2_02_medium/mav0"", ""/home/he/output/ltv_consolidation_20261008T153807/tasks/experiment/results/experiment_V2_02_medium_L_ON_full_20261008T161614_2aa2b05e"", ""L_ON""]","{""max_rss_kb"": 117332, ""elapsed_s"": 52.7, ""user_s"": 59.18, ""system_s"": 1.52}"
experiment,experiment_V2_03_difficult_OFF_full_20261008T161707_c3adabb0,V2_03_difficult_OFF_full,66d9eb327182ecbb741a1137d35d0df62b9aab3c,FINISH,0,/home/he/output/ltv_consolidation_20261008T153807/tasks/experiment/results/experiment_V2_03_difficult_OFF_full_20261008T161707_c3adabb0,"[""/home/he/output/ltv_consolidation_20261008T153807/tools/env_exec.sh"", ""/home/he/output/ltv_consolidation_20261008T153807/tasks/experiment/builds/66d9eb327182ecbb741a1137d35d0df62b9aab3c/install"", ""/home/he/output/ltv_consolidation_20261008T153807/tasks/experiment/builds/66d9eb327182ecbb741a1137d35d0df62b9aab3c/install/ov_msckf/lib/ov_msckf/run_ltv_gv_production"", ""/home/he/output/ltv_consolidation_20261008T153807/tasks/experiment/source/66d9eb327182ecbb741a1137d35d0df62b9aab3c/config/ltv_three_track/task_a/fixed_c0/estimator_config.yaml"", ""/home/he/datasets/euroc/ASL/V2_03_difficult/mav0"", ""/home/he/output/ltv_consolidation_20261008T153807/tasks/experiment/results/experiment_V2_03_difficult_OFF_full_20261008T161707_c3adabb0"", ""OFF""]","{""max_rss_kb"": 113408, ""elapsed_s"": 34.99, ""user_s"": 40.83, ""system_s"": 1.34}"
experiment,experiment_V2_03_difficult_G_full_20261008T161742_c9bc134b,V2_03_difficult_G_full,66d9eb327182ecbb741a1137d35d0df62b9aab3c,FINISH,0,/home/he/output/ltv_consolidation_20261008T153807/tasks/experiment/results/experiment_V2_03_difficult_G_full_20261008T161742_c9bc134b,"[""/home/he/output/ltv_consolidation_20261008T153807/tools/env_exec.sh"", ""/home/he/output/ltv_consolidation_20261008T153807/tasks/experiment/builds/66d9eb327182ecbb741a1137d35d0df62b9aab3c/install"", ""/home/he/output/ltv_consolidation_20261008T153807/tasks/experiment/builds/66d9eb327182ecbb741a1137d35d0df62b9aab3c/install/ov_msckf/lib/ov_msckf/run_ltv_gv_production"", ""/home/he/output/ltv_consolidation_20261008T153807/tasks/experiment/source/66d9eb327182ecbb741a1137d35d0df62b9aab3c/config/ltv_three_track/task_a/fixed_c0/estimator_config.yaml"", ""/home/he/datasets/euroc/ASL/V2_03_difficult/mav0"", ""/home/he/output/ltv_consolidation_20261008T153807/tasks/experiment/results/experiment_V2_03_difficult_G_full_20261008T161742_c9bc134b"", ""G""]","{""max_rss_kb"": 113532, ""elapsed_s"": 36.01, ""user_s"": 42.33, ""system_s"": 1.24}"
experiment,experiment_V2_03_difficult_V_full_20261008T161818_53cb2e6b,V2_03_difficult_V_full,66d9eb327182ecbb741a1137d35d0df62b9aab3c,FINISH,0,/home/he/output/ltv_consolidation_20261008T153807/tasks/experiment/results/experiment_V2_03_difficult_V_full_20261008T161818_53cb2e6b,"[""/home/he/output/ltv_consolidation_20261008T153807/tools/env_exec.sh"", ""/home/he/output/ltv_consolidation_20261008T153807/tasks/experiment/builds/66d9eb327182ecbb741a1137d35d0df62b9aab3c/install"", ""/home/he/output/ltv_consolidation_20261008T153807/tasks/experiment/builds/66d9eb327182ecbb741a1137d35d0df62b9aab3c/install/ov_msckf/lib/ov_msckf/run_ltv_gv_production"", ""/home/he/output/ltv_consolidation_20261008T153807/tasks/experiment/source/66d9eb327182ecbb741a1137d35d0df62b9aab3c/config/ltv_three_track/task_a/fixed_c0/estimator_config.yaml"", ""/home/he/datasets/euroc/ASL/V2_03_difficult/mav0"", ""/home/he/output/ltv_consolidation_20261008T153807/tasks/experiment/results/experiment_V2_03_difficult_V_full_20261008T161818_53cb2e6b"", ""V""]","{""max_rss_kb"": 112944, ""elapsed_s"": 35.69, ""user_s"": 42.03, ""system_s"": 1.19}"
experiment,experiment_V2_03_difficult_GV_full_20261008T161854_5164422d,V2_03_difficult_GV_full,66d9eb327182ecbb741a1137d35d0df62b9aab3c,FINISH,0,/home/he/output/ltv_consolidation_20261008T153807/tasks/experiment/results/experiment_V2_03_difficult_GV_full_20261008T161854_5164422d,"[""/home/he/output/ltv_consolidation_20261008T153807/tools/env_exec.sh"", ""/home/he/output/ltv_consolidation_20261008T153807/tasks/experiment/builds/66d9eb327182ecbb741a1137d35d0df62b9aab3c/install"", ""/home/he/output/ltv_consolidation_20261008T153807/tasks/experiment/builds/66d9eb327182ecbb741a1137d35d0df62b9aab3c/install/ov_msckf/lib/ov_msckf/run_ltv_gv_production"", ""/home/he/output/ltv_consolidation_20261008T153807/tasks/experiment/source/66d9eb327182ecbb741a1137d35d0df62b9aab3c/config/ltv_three_track/task_a/fixed_c0/estimator_config.yaml"", ""/home/he/datasets/euroc/ASL/V2_03_difficult/mav0"", ""/home/he/output/ltv_consolidation_20261008T153807/tasks/experiment/results/experiment_V2_03_difficult_GV_full_20261008T161854_5164422d"", ""GV""]","{""max_rss_kb"": 112712, ""elapsed_s"": 35.53, ""user_s"": 41.59, ""system_s"": 1.18}"
experiment,experiment_V2_03_difficult_L_OFF_full_20261008T161930_5f8e1af6,V2_03_difficult_L_OFF_full,66d9eb327182ecbb741a1137d35d0df62b9aab3c,FINISH,0,/home/he/output/ltv_consolidation_20261008T153807/tasks/experiment/results/experiment_V2_03_difficult_L_OFF_full_20261008T161930_5f8e1af6,"[""/home/he/output/ltv_consolidation_20261008T153807/tools/env_exec.sh"", ""/home/he/output/ltv_consolidation_20261008T153807/tasks/experiment/builds/66d9eb327182ecbb741a1137d35d0df62b9aab3c/install"", ""/home/he/output/ltv_consolidation_20261008T153807/tasks/experiment/builds/66d9eb327182ecbb741a1137d35d0df62b9aab3c/install/ov_msckf/lib/ov_msckf/run_ltv_gv_production"", ""/home/he/output/ltv_consolidation_20261008T153807/tasks/experiment/source/66d9eb327182ecbb741a1137d35d0df62b9aab3c/config/ltv_three_track/task_a/fixed_c0/estimator_config.yaml"", ""/home/he/datasets/euroc/ASL/V2_03_difficult/mav0"", ""/home/he/output/ltv_consolidation_20261008T153807/tasks/experiment/results/experiment_V2_03_difficult_L_OFF_full_20261008T161930_5f8e1af6"", ""L_OFF""]","{""max_rss_kb"": 112120, ""elapsed_s"": 34.65, ""user_s"": 40.78, ""system_s"": 1.07}"
experiment,experiment_V2_03_difficult_L_ON_full_20261008T162004_b4851e95,V2_03_difficult_L_ON_full,66d9eb327182ecbb741a1137d35d0df62b9aab3c,FINISH,0,/home/he/output/ltv_consolidation_20261008T153807/tasks/experiment/results/experiment_V2_03_difficult_L_ON_full_20261008T162004_b4851e95,"[""/home/he/output/ltv_consolidation_20261008T153807/tools/env_exec.sh"", ""/home/he/output/ltv_consolidation_20261008T153807/tasks/experiment/builds/66d9eb327182ecbb741a1137d35d0df62b9aab3c/install"", ""/home/he/output/ltv_consolidation_20261008T153807/tasks/experiment/builds/66d9eb327182ecbb741a1137d35d0df62b9aab3c/install/ov_msckf/lib/ov_msckf/run_ltv_gv_production"", ""/home/he/output/ltv_consolidation_20261008T153807/tasks/experiment/source/66d9eb327182ecbb741a1137d35d0df62b9aab3c/config/ltv_three_track/task_a/fixed_c0/estimator_config.yaml"", ""/home/he/datasets/euroc/ASL/V2_03_difficult/mav0"", ""/home/he/output/ltv_consolidation_20261008T153807/tasks/experiment/results/experiment_V2_03_difficult_L_ON_full_20261008T162004_b4851e95"", ""L_ON""]","{""max_rss_kb"": 112772, ""elapsed_s"": 35.94, ""user_s"": 42.07, ""system_s"": 1.15}"
experiment,experiment_V2_02_medium_finite_shadow_full_20261008T163107_c19e8b44,V2_02_medium_finite_shadow_full,66d9eb327182ecbb741a1137d35d0df62b9aab3c,FINISH,0,/home/he/output/ltv_consolidation_20261008T153807/tasks/experiment/results/experiment_V2_02_medium_finite_shadow_full_20261008T163107_c19e8b44,"[""/home/he/output/ltv_consolidation_20261008T153807/tools/env_exec.sh"", ""/home/he/output/ltv_consolidation_20261008T153807/tasks/experiment/builds/66d9eb327182ecbb741a1137d35d0df62b9aab3c/install"", ""/usr/bin/env"", ""LTV_FINITE_JOINT_PATH=/home/he/output/ltv_consolidation_20261008T153807/tasks/experiment/results/experiment_V2_02_medium_finite_shadow_full_20261008T163107_c19e8b44/finite.csv"", ""/home/he/output/ltv_consolidation_20261008T153807/tasks/experiment/builds/66d9eb327182ecbb741a1137d35d0df62b9aab3c/install/ov_msckf/lib/ov_msckf/run_ltv_gv_evaluation"", ""/home/he/output/ltv_consolidation_20261008T153807/tasks/experiment/source/66d9eb327182ecbb741a1137d35d0df62b9aab3c/config/ltv_three_track/task_a/fixed_c0/estimator_config.yaml"", ""/home/he/datasets/euroc/ASL/V2_02_medium/mav0"", ""/home/he/output/ltv_consolidation_20261008T153807/tasks/experiment/results/experiment_V2_02_medium_finite_shadow_full_20261008T163107_c19e8b44"", ""OFF""]","{""max_rss_kb"": 146860, ""elapsed_s"": 144.36, ""user_s"": 148.93, ""system_s"": 3.23}"
experiment,experiment_V2_03_difficult_finite_shadow_full_20261008T163331_d970f902,V2_03_difficult_finite_shadow_full,66d9eb327182ecbb741a1137d35d0df62b9aab3c,FINISH,0,/home/he/output/ltv_consolidation_20261008T153807/tasks/experiment/results/experiment_V2_03_difficult_finite_shadow_full_20261008T163331_d970f902,"[""/home/he/output/ltv_consolidation_20261008T153807/tools/env_exec.sh"", ""/home/he/output/ltv_consolidation_20261008T153807/tasks/experiment/builds/66d9eb327182ecbb741a1137d35d0df62b9aab3c/install"", ""/usr/bin/env"", ""LTV_FINITE_JOINT_PATH=/home/he/output/ltv_consolidation_20261008T153807/tasks/experiment/results/experiment_V2_03_difficult_finite_shadow_full_20261008T163331_d970f902/finite.csv"", ""/home/he/output/ltv_consolidation_20261008T153807/tasks/experiment/builds/66d9eb327182ecbb741a1137d35d0df62b9aab3c/install/ov_msckf/lib/ov_msckf/run_ltv_gv_evaluation"", ""/home/he/output/ltv_consolidation_20261008T153807/tasks/experiment/source/66d9eb327182ecbb741a1137d35d0df62b9aab3c/config/ltv_three_track/task_a/fixed_c0/estimator_config.yaml"", ""/home/he/datasets/euroc/ASL/V2_03_difficult/mav0"", ""/home/he/output/ltv_consolidation_20261008T153807/tasks/experiment/results/experiment_V2_03_difficult_finite_shadow_full_20261008T163331_d970f902"", ""OFF""]","{""max_rss_kb"": 140172, ""elapsed_s"": 118.07, ""user_s"": 123.38, ""system_s"": 1.98}"
main,main_organized_main_build_20261008T155647_ae7513f0,organized_main_build,360f79e451bd138414d4e0658798dd38b5331a1d,FINISH,0,/home/he/output/ltv_consolidation_20261008T153807/tasks/main/results/main_organized_main_build_20261008T155647_ae7513f0,"[""/home/he/output/ltv_consolidation_20261008T153807/tools/env_exec.sh"", ""-"", ""colcon"", ""--log-base"", ""/home/he/output/ltv_consolidation_20261008T153807/tasks/main/builds/360f79e451bd138414d4e0658798dd38b5331a1d/log"", ""build"", ""--base-paths"", ""/home/he/output/ltv_consolidation_20261008T153807/tasks/main/source/360f79e451bd138414d4e0658798dd38b5331a1d"", ""--packages-up-to"", ""ov_msckf"", ""--build-base"", ""/home/he/output/ltv_consolidation_20261008T153807/tasks/main/builds/360f79e451bd138414d4e0658798dd38b5331a1d/build"", ""--install-base"", ""/home/he/output/ltv_consolidation_20261008T153807/tasks/main/builds/360f79e451bd138414d4e0658798dd38b5331a1d/install"", ""--executor"", ""sequential"", ""--cmake-args"", ""-DCMAKE_BUILD_TYPE=Release"", ""-DCMAKE_CXX_FLAGS_RELEASE=-O3 -DNDEBUG -g0"", ""-DBUILD_LTV_PHASE0_TESTS=ON"", ""-DBUILD_LTV_EXPERIMENTS=ON""]","{""max_rss_kb"": 3188280, ""elapsed_s"": 849.32, ""user_s"": 811.5, ""system_s"": 38.36}"
main,main_main_native_checks_20261008T161332_ef9727fe,main_native_checks,360f79e451bd138414d4e0658798dd38b5331a1d,FINISH,0,/home/he/output/ltv_consolidation_20261008T153807/tasks/main/results/main_main_native_checks_20261008T161332_ef9727fe,"[""/home/he/output/ltv_consolidation_20261008T153807/tools/env_exec.sh"", ""/home/he/output/ltv_consolidation_20261008T153807/tasks/main/builds/360f79e451bd138414d4e0658798dd38b5331a1d/install"", ""python3"", ""/home/he/open_vins_ltv_ws/src/open_vins_ltv/docs/experiments/tools/ltv_three_track/regression_checks.py"", ""/home/he/output/ltv_consolidation_20261008T153807/tasks/main/builds/360f79e451bd138414d4e0658798dd38b5331a1d/install"", ""/home/he/output/ltv_consolidation_20261008T153807/tasks/main/results/main_main_native_checks_20261008T161332_ef9727fe/checks""]","{""max_rss_kb"": 73920, ""elapsed_s"": 1.21, ""user_s"": 0.88, ""system_s"": 0.32}"
main,main_default_cmake_configuration_20261008T161547_4efb5de6,default_cmake_configuration,360f79e451bd138414d4e0658798dd38b5331a1d,FINISH,0,/home/he/output/ltv_consolidation_20261008T153807/tasks/main/results/main_default_cmake_configuration_20261008T161547_4efb5de6,"[""/home/he/output/ltv_consolidation_20261008T153807/tools/env_exec.sh"", ""/home/he/output/ltv_consolidation_20261008T153807/tasks/main/builds/360f79e451bd138414d4e0658798dd38b5331a1d/install"", ""cmake"", ""-S"", ""/home/he/output/ltv_consolidation_20261008T153807/tasks/main/source/360f79e451bd138414d4e0658798dd38b5331a1d/ov_msckf"", ""-B"", ""/home/he/output/ltv_consolidation_20261008T153807/tasks/main/results/main_default_cmake_configuration_20261008T161547_4efb5de6/build"", ""-DCMAKE_BUILD_TYPE=Release"", ""-DBUILD_LTV_PHASE0_TESTS=OFF"", ""-DBUILD_LTV_EXPERIMENTS=OFF""]","{""max_rss_kb"": 30236, ""elapsed_s"": 1.26, ""user_s"": 0.86, ""system_s"": 0.39}"
main,main_V2_02_medium_OFF_full_20261008T162040_5b08b393,V2_02_medium_OFF_full,360f79e451bd138414d4e0658798dd38b5331a1d,FINISH,0,/home/he/output/ltv_consolidation_20261008T153807/tasks/main/results/main_V2_02_medium_OFF_full_20261008T162040_5b08b393,"[""/home/he/output/ltv_consolidation_20261008T153807/tools/env_exec.sh"", ""/home/he/output/ltv_consolidation_20261008T153807/tasks/main/builds/360f79e451bd138414d4e0658798dd38b5331a1d/install"", ""/home/he/output/ltv_consolidation_20261008T153807/tasks/main/builds/360f79e451bd138414d4e0658798dd38b5331a1d/install/ov_msckf/lib/ov_msckf/run_ltv_gv_production"", ""/home/he/output/ltv_consolidation_20261008T153807/tasks/main/source/360f79e451bd138414d4e0658798dd38b5331a1d/docs/experiments/configs/euroc_c0/estimator_config.yaml"", ""/home/he/datasets/euroc/ASL/V2_02_medium/mav0"", ""/home/he/output/ltv_consolidation_20261008T153807/tasks/main/results/main_V2_02_medium_OFF_full_20261008T162040_5b08b393"", ""OFF""]","{""max_rss_kb"": 117264, ""elapsed_s"": 49.4, ""user_s"": 55.65, ""system_s"": 1.55}"
main,main_V2_02_medium_G_full_20261008T162130_d39ad799,V2_02_medium_G_full,360f79e451bd138414d4e0658798dd38b5331a1d,FINISH,0,/home/he/output/ltv_consolidation_20261008T153807/tasks/main/results/main_V2_02_medium_G_full_20261008T162130_d39ad799,"[""/home/he/output/ltv_consolidation_20261008T153807/tools/env_exec.sh"", ""/home/he/output/ltv_consolidation_20261008T153807/tasks/main/builds/360f79e451bd138414d4e0658798dd38b5331a1d/install"", ""/home/he/output/ltv_consolidation_20261008T153807/tasks/main/builds/360f79e451bd138414d4e0658798dd38b5331a1d/install/ov_msckf/lib/ov_msckf/run_ltv_gv_production"", ""/home/he/output/ltv_consolidation_20261008T153807/tasks/main/source/360f79e451bd138414d4e0658798dd38b5331a1d/docs/experiments/configs/euroc_c0/estimator_config.yaml"", ""/home/he/datasets/euroc/ASL/V2_02_medium/mav0"", ""/home/he/output/ltv_consolidation_20261008T153807/tasks/main/results/main_V2_02_medium_G_full_20261008T162130_d39ad799"", ""G""]","{""max_rss_kb"": 116816, ""elapsed_s"": 51.44, ""user_s"": 57.8, ""system_s"": 1.5}"
main,main_V2_02_medium_V_full_20261008T162221_57ee0837,V2_02_medium_V_full,360f79e451bd138414d4e0658798dd38b5331a1d,FINISH,0,/home/he/output/ltv_consolidation_20261008T153807/tasks/main/results/main_V2_02_medium_V_full_20261008T162221_57ee0837,"[""/home/he/output/ltv_consolidation_20261008T153807/tools/env_exec.sh"", ""/home/he/output/ltv_consolidation_20261008T153807/tasks/main/builds/360f79e451bd138414d4e0658798dd38b5331a1d/install"", ""/home/he/output/ltv_consolidation_20261008T153807/tasks/main/builds/360f79e451bd138414d4e0658798dd38b5331a1d/install/ov_msckf/lib/ov_msckf/run_ltv_gv_production"", ""/home/he/output/ltv_consolidation_20261008T153807/tasks/main/source/360f79e451bd138414d4e0658798dd38b5331a1d/docs/experiments/configs/euroc_c0/estimator_config.yaml"", ""/home/he/datasets/euroc/ASL/V2_02_medium/mav0"", ""/home/he/output/ltv_consolidation_20261008T153807/tasks/main/results/main_V2_02_medium_V_full_20261008T162221_57ee0837"", ""V""]","{""max_rss_kb"": 116812, ""elapsed_s"": 51.4, ""user_s"": 57.78, ""system_s"": 1.42}"
main,main_V2_02_medium_GV_full_20261008T162313_ed45303a,V2_02_medium_GV_full,360f79e451bd138414d4e0658798dd38b5331a1d,FINISH,0,/home/he/output/ltv_consolidation_20261008T153807/tasks/main/results/main_V2_02_medium_GV_full_20261008T162313_ed45303a,"[""/home/he/output/ltv_consolidation_20261008T153807/tools/env_exec.sh"", ""/home/he/output/ltv_consolidation_20261008T153807/tasks/main/builds/360f79e451bd138414d4e0658798dd38b5331a1d/install"", ""/home/he/output/ltv_consolidation_20261008T153807/tasks/main/builds/360f79e451bd138414d4e0658798dd38b5331a1d/install/ov_msckf/lib/ov_msckf/run_ltv_gv_production"", ""/home/he/output/ltv_consolidation_20261008T153807/tasks/main/source/360f79e451bd138414d4e0658798dd38b5331a1d/docs/experiments/configs/euroc_c0/estimator_config.yaml"", ""/home/he/datasets/euroc/ASL/V2_02_medium/mav0"", ""/home/he/output/ltv_consolidation_20261008T153807/tasks/main/results/main_V2_02_medium_GV_full_20261008T162313_ed45303a"", ""GV""]","{""max_rss_kb"": 116828, ""elapsed_s"": 51.57, ""user_s"": 57.78, ""system_s"": 1.61}"
main,main_V2_02_medium_L_OFF_full_20261008T162404_5054d984,V2_02_medium_L_OFF_full,360f79e451bd138414d4e0658798dd38b5331a1d,FINISH,0,/home/he/output/ltv_consolidation_20261008T153807/tasks/main/results/main_V2_02_medium_L_OFF_full_20261008T162404_5054d984,"[""/home/he/output/ltv_consolidation_20261008T153807/tools/env_exec.sh"", ""/home/he/output/ltv_consolidation_20261008T153807/tasks/main/builds/360f79e451bd138414d4e0658798dd38b5331a1d/install"", ""/home/he/output/ltv_consolidation_20261008T153807/tasks/main/builds/360f79e451bd138414d4e0658798dd38b5331a1d/install/ov_msckf/lib/ov_msckf/run_ltv_gv_production"", ""/home/he/output/ltv_consolidation_20261008T153807/tasks/main/source/360f79e451bd138414d4e0658798dd38b5331a1d/docs/experiments/configs/euroc_c0/estimator_config.yaml"", ""/home/he/datasets/euroc/ASL/V2_02_medium/mav0"", ""/home/he/output/ltv_consolidation_20261008T153807/tasks/main/results/main_V2_02_medium_L_OFF_full_20261008T162404_5054d984"", ""L_OFF""]","{""max_rss_kb"": 116780, ""elapsed_s"": 50.05, ""user_s"": 56.34, ""system_s"": 1.43}"
main,main_V2_02_medium_L_ON_full_20261008T162454_ece924e6,V2_02_medium_L_ON_full,360f79e451bd138414d4e0658798dd38b5331a1d,FINISH,0,/home/he/output/ltv_consolidation_20261008T153807/tasks/main/results/main_V2_02_medium_L_ON_full_20261008T162454_ece924e6,"[""/home/he/output/ltv_consolidation_20261008T153807/tools/env_exec.sh"", ""/home/he/output/ltv_consolidation_20261008T153807/tasks/main/builds/360f79e451bd138414d4e0658798dd38b5331a1d/install"", ""/home/he/output/ltv_consolidation_20261008T153807/tasks/main/builds/360f79e451bd138414d4e0658798dd38b5331a1d/install/ov_msckf/lib/ov_msckf/run_ltv_gv_production"", ""/home/he/output/ltv_consolidation_20261008T153807/tasks/main/source/360f79e451bd138414d4e0658798dd38b5331a1d/docs/experiments/configs/euroc_c0/estimator_config.yaml"", ""/home/he/datasets/euroc/ASL/V2_02_medium/mav0"", ""/home/he/output/ltv_consolidation_20261008T153807/tasks/main/results/main_V2_02_medium_L_ON_full_20261008T162454_ece924e6"", ""L_ON""]","{""max_rss_kb"": 118232, ""elapsed_s"": 51.99, ""user_s"": 58.23, ""system_s"": 1.39}"
main,main_V2_03_difficult_OFF_full_20261008T162546_03746230,V2_03_difficult_OFF_full,360f79e451bd138414d4e0658798dd38b5331a1d,FINISH,0,/home/he/output/ltv_consolidation_20261008T153807/tasks/main/results/main_V2_03_difficult_OFF_full_20261008T162546_03746230,"[""/home/he/output/ltv_consolidation_20261008T153807/tools/env_exec.sh"", ""/home/he/output/ltv_consolidation_20261008T153807/tasks/main/builds/360f79e451bd138414d4e0658798dd38b5331a1d/install"", ""/home/he/output/ltv_consolidation_20261008T153807/tasks/main/builds/360f79e451bd138414d4e0658798dd38b5331a1d/install/ov_msckf/lib/ov_msckf/run_ltv_gv_production"", ""/home/he/output/ltv_consolidation_20261008T153807/tasks/main/source/360f79e451bd138414d4e0658798dd38b5331a1d/docs/experiments/configs/euroc_c0/estimator_config.yaml"", ""/home/he/datasets/euroc/ASL/V2_03_difficult/mav0"", ""/home/he/output/ltv_consolidation_20261008T153807/tasks/main/results/main_V2_03_difficult_OFF_full_20261008T162546_03746230"", ""OFF""]","{""max_rss_kb"": 114732, ""elapsed_s"": 34.34, ""user_s"": 40.41, ""system_s"": 1.17}"
main,main_V2_03_difficult_G_full_20261008T162621_c88e49e7,V2_03_difficult_G_full,360f79e451bd138414d4e0658798dd38b5331a1d,FINISH,0,/home/he/output/ltv_consolidation_20261008T153807/tasks/main/results/main_V2_03_difficult_G_full_20261008T162621_c88e49e7,"[""/home/he/output/ltv_consolidation_20261008T153807/tools/env_exec.sh"", ""/home/he/output/ltv_consolidation_20261008T153807/tasks/main/builds/360f79e451bd138414d4e0658798dd38b5331a1d/install"", ""/home/he/output/ltv_consolidation_20261008T153807/tasks/main/builds/360f79e451bd138414d4e0658798dd38b5331a1d/install/ov_msckf/lib/ov_msckf/run_ltv_gv_production"", ""/home/he/output/ltv_consolidation_20261008T153807/tasks/main/source/360f79e451bd138414d4e0658798dd38b5331a1d/docs/experiments/configs/euroc_c0/estimator_config.yaml"", ""/home/he/datasets/euroc/ASL/V2_03_difficult/mav0"", ""/home/he/output/ltv_consolidation_20261008T153807/tasks/main/results/main_V2_03_difficult_G_full_20261008T162621_c88e49e7"", ""G""]","{""max_rss_kb"": 118204, ""elapsed_s"": 35.41, ""user_s"": 41.53, ""system_s"": 1.16}"
main,main_V2_03_difficult_V_full_20261008T162656_9ee5beb8,V2_03_difficult_V_full,360f79e451bd138414d4e0658798dd38b5331a1d,FINISH,0,/home/he/output/ltv_consolidation_20261008T153807/tasks/main/results/main_V2_03_difficult_V_full_20261008T162656_9ee5beb8,"[""/home/he/output/ltv_consolidation_20261008T153807/tools/env_exec.sh"", ""/home/he/output/ltv_consolidation_20261008T153807/tasks/main/builds/360f79e451bd138414d4e0658798dd38b5331a1d/install"", ""/home/he/output/ltv_consolidation_20261008T153807/tasks/main/builds/360f79e451bd138414d4e0658798dd38b5331a1d/install/ov_msckf/lib/ov_msckf/run_ltv_gv_production"", ""/home/he/output/ltv_consolidation_20261008T153807/tasks/main/source/360f79e451bd138414d4e0658798dd38b5331a1d/docs/experiments/configs/euroc_c0/estimator_config.yaml"", ""/home/he/datasets/euroc/ASL/V2_03_difficult/mav0"", ""/home/he/output/ltv_consolidation_20261008T153807/tasks/main/results/main_V2_03_difficult_V_full_20261008T162656_9ee5beb8"", ""V""]","{""max_rss_kb"": 113032, ""elapsed_s"": 35.55, ""user_s"": 41.56, ""system_s"": 1.33}"
main,main_V2_03_difficult_GV_full_20261008T162732_1930028f,V2_03_difficult_GV_full,360f79e451bd138414d4e0658798dd38b5331a1d,FINISH,0,/home/he/output/ltv_consolidation_20261008T153807/tasks/main/results/main_V2_03_difficult_GV_full_20261008T162732_1930028f,"[""/home/he/output/ltv_consolidation_20261008T153807/tools/env_exec.sh"", ""/home/he/output/ltv_consolidation_20261008T153807/tasks/main/builds/360f79e451bd138414d4e0658798dd38b5331a1d/install"", ""/home/he/output/ltv_consolidation_20261008T153807/tasks/main/builds/360f79e451bd138414d4e0658798dd38b5331a1d/install/ov_msckf/lib/ov_msckf/run_ltv_gv_production"", ""/home/he/output/ltv_consolidation_20261008T153807/tasks/main/source/360f79e451bd138414d4e0658798dd38b5331a1d/docs/experiments/configs/euroc_c0/estimator_config.yaml"", ""/home/he/datasets/euroc/ASL/V2_03_difficult/mav0"", ""/home/he/output/ltv_consolidation_20261008T153807/tasks/main/results/main_V2_03_difficult_GV_full_20261008T162732_1930028f"", ""GV""]","{""max_rss_kb"": 112464, ""elapsed_s"": 35.57, ""user_s"": 41.73, ""system_s"": 1.2}"
main,main_V2_03_difficult_L_OFF_full_20261008T162808_be5cda62,V2_03_difficult_L_OFF_full,360f79e451bd138414d4e0658798dd38b5331a1d,FINISH,0,/home/he/output/ltv_consolidation_20261008T153807/tasks/main/results/main_V2_03_difficult_L_OFF_full_20261008T162808_be5cda62,"[""/home/he/output/ltv_consolidation_20261008T153807/tools/env_exec.sh"", ""/home/he/output/ltv_consolidation_20261008T153807/tasks/main/builds/360f79e451bd138414d4e0658798dd38b5331a1d/install"", ""/home/he/output/ltv_consolidation_20261008T153807/tasks/main/builds/360f79e451bd138414d4e0658798dd38b5331a1d/install/ov_msckf/lib/ov_msckf/run_ltv_gv_production"", ""/home/he/output/ltv_consolidation_20261008T153807/tasks/main/source/360f79e451bd138414d4e0658798dd38b5331a1d/docs/experiments/configs/euroc_c0/estimator_config.yaml"", ""/home/he/datasets/euroc/ASL/V2_03_difficult/mav0"", ""/home/he/output/ltv_consolidation_20261008T153807/tasks/main/results/main_V2_03_difficult_L_OFF_full_20261008T162808_be5cda62"", ""L_OFF""]","{""max_rss_kb"": 113256, ""elapsed_s"": 34.75, ""user_s"": 40.71, ""system_s"": 1.23}"
main,main_V2_03_difficult_L_ON_full_20261008T162842_6de2efc2,V2_03_difficult_L_ON_full,360f79e451bd138414d4e0658798dd38b5331a1d,FINISH,0,/home/he/output/ltv_consolidation_20261008T153807/tasks/main/results/main_V2_03_difficult_L_ON_full_20261008T162842_6de2efc2,"[""/home/he/output/ltv_consolidation_20261008T153807/tools/env_exec.sh"", ""/home/he/output/ltv_consolidation_20261008T153807/tasks/main/builds/360f79e451bd138414d4e0658798dd38b5331a1d/install"", ""/home/he/output/ltv_consolidation_20261008T153807/tasks/main/builds/360f79e451bd138414d4e0658798dd38b5331a1d/install/ov_msckf/lib/ov_msckf/run_ltv_gv_production"", ""/home/he/output/ltv_consolidation_20261008T153807/tasks/main/source/360f79e451bd138414d4e0658798dd38b5331a1d/docs/experiments/configs/euroc_c0/estimator_config.yaml"", ""/home/he/datasets/euroc/ASL/V2_03_difficult/mav0"", ""/home/he/output/ltv_consolidation_20261008T153807/tasks/main/results/main_V2_03_difficult_L_ON_full_20261008T162842_6de2efc2"", ""L_ON""]","{""max_rss_kb"": 112868, ""elapsed_s"": 35.95, ""user_s"": 42.01, ""system_s"": 1.19}"
main,main_V2_02_medium_finite_shadow_full_20261008T163529_70969c6d,V2_02_medium_finite_shadow_full,360f79e451bd138414d4e0658798dd38b5331a1d,FINISH,0,/home/he/output/ltv_consolidation_20261008T153807/tasks/main/results/main_V2_02_medium_finite_shadow_full_20261008T163529_70969c6d,"[""/home/he/output/ltv_consolidation_20261008T153807/tools/env_exec.sh"", ""/home/he/output/ltv_consolidation_20261008T153807/tasks/main/builds/360f79e451bd138414d4e0658798dd38b5331a1d/install"", ""/usr/bin/env"", ""LTV_FINITE_JOINT_PATH=/home/he/output/ltv_consolidation_20261008T153807/tasks/main/results/main_V2_02_medium_finite_shadow_full_20261008T163529_70969c6d/finite.csv"", ""/home/he/output/ltv_consolidation_20261008T153807/tasks/main/builds/360f79e451bd138414d4e0658798dd38b5331a1d/install/ov_msckf/lib/ov_msckf/run_ltv_gv_evaluation"", ""/home/he/output/ltv_consolidation_20261008T153807/tasks/main/source/360f79e451bd138414d4e0658798dd38b5331a1d/docs/experiments/configs/euroc_c0/estimator_config.yaml"", ""/home/he/datasets/euroc/ASL/V2_02_medium/mav0"", ""/home/he/output/ltv_consolidation_20261008T153807/tasks/main/results/main_V2_02_medium_finite_shadow_full_20261008T163529_70969c6d"", ""OFF""]","{""max_rss_kb"": 145160, ""elapsed_s"": 145.79, ""user_s"": 150.17, ""system_s"": 3.38}"
main,main_V2_03_difficult_finite_shadow_full_20261008T163755_14730d61,V2_03_difficult_finite_shadow_full,360f79e451bd138414d4e0658798dd38b5331a1d,FINISH,0,/home/he/output/ltv_consolidation_20261008T153807/tasks/main/results/main_V2_03_difficult_finite_shadow_full_20261008T163755_14730d61,"[""/home/he/output/ltv_consolidation_20261008T153807/tools/env_exec.sh"", ""/home/he/output/ltv_consolidation_20261008T153807/tasks/main/builds/360f79e451bd138414d4e0658798dd38b5331a1d/install"", ""/usr/bin/env"", ""LTV_FINITE_JOINT_PATH=/home/he/output/ltv_consolidation_20261008T153807/tasks/main/results/main_V2_03_difficult_finite_shadow_full_20261008T163755_14730d61/finite.csv"", ""/home/he/output/ltv_consolidation_20261008T153807/tasks/main/builds/360f79e451bd138414d4e0658798dd38b5331a1d/install/ov_msckf/lib/ov_msckf/run_ltv_gv_evaluation"", ""/home/he/output/ltv_consolidation_20261008T153807/tasks/main/source/360f79e451bd138414d4e0658798dd38b5331a1d/docs/experiments/configs/euroc_c0/estimator_config.yaml"", ""/home/he/datasets/euroc/ASL/V2_03_difficult/mav0"", ""/home/he/output/ltv_consolidation_20261008T153807/tasks/main/results/main_V2_03_difficult_finite_shadow_full_20261008T163755_14730d61"", ""OFF""]","{""max_rss_kb"": 144864, ""elapsed_s"": 117.68, ""user_s"": 123.09, ""system_s"": 1.86}"
