alpha_gravity,alpha_landmark,alpha_velocity,ate_rmse_m,audit,baseline_support,conditional_ate_rmse_m,coverage,estimated_rows,exit_code,gt_coverage,historical_reuse,initialization_delta_s,landmark_information_total,mode,off_ate,output_dir,position_error_max_m,position_error_p95_m,reason,relative_off_percent,relative_v49_percent,run_id,samples,sequence,status,svd_horn_difference_m,tail_position_rmse_m,threading,v49_ate
2,0,49,0.18273214950857064,"{'errors': [], 'actual_G': 2350, 'actual_V': 2343, 'actual_L': 0, 'output_rows': 2784, 'camera_packets': 3682}",2762,0.18273214950857064,1.0,2784,0,0.9920977011494253,False,0.0,,GV,0.18542469263686487,/home/he/output/ltv_v49_combos_20261009T161324/w0/results/w0_full_MH_01_easy_GV_G2_V49_L0_20261009T161644_c8472ac2,0.4900651462450208,0.4082610983528117,,-1.4520952360790984,-0.007561663028665677,w0_full_MH_01_easy_GV_G2_V49_L0_20261009T161644_c8472ac2,2762,MH_01_easy,VALID_FULL_MATCHED,2.220446049250313e-16,0.2350114198185423,"{'requested_opencv_threads': 1, 'actual_opencv_threads': 1}",0.18274596814288008
0,6,49,0.18275296408446826,"{'errors': [], 'actual_G': 0, 'actual_V': 2344, 'actual_L': 2344, 'output_rows': 2784, 'camera_packets': 3682}",2762,0.18275296408446826,1.0,2784,0,0.9920977011494253,False,0.0,0.29648300108189785,VL,0.18542469263686487,/home/he/output/ltv_v49_combos_20261009T161324/w7/results/w7_full_MH_01_easy_VL_G0_V49_L6_20261009T161644_937e5728,0.4899584691579397,0.40821691417057687,,-1.4408698832948375,0.003828233070901632,w7_full_MH_01_easy_VL_G0_V49_L6_20261009T161644_937e5728,2762,MH_01_easy,VALID_FULL_MATCHED,4.440892098500626e-16,0.2348102910722537,"{'requested_opencv_threads': 1, 'actual_opencv_threads': 1}",0.18274596814288008
2,6,49,0.1827614292174906,"{'errors': [], 'actual_G': 2350, 'actual_V': 2343, 'actual_L': 2343, 'output_rows': 2784, 'camera_packets': 3682}",2762,0.1827614292174906,1.0,2784,0,0.9920977011494253,False,0.0,0.2961840043708439,L_GV,0.18542469263686487,/home/he/output/ltv_v49_combos_20261009T161324/w0/results/w0_full_MH_01_easy_L_GV_G2_V49_L6_20261009T161844_4d3f9917,0.4901061456431575,0.40822653494577404,,-1.4363046159067805,0.00846041900002259,w0_full_MH_01_easy_L_GV_G2_V49_L6_20261009T161844_4d3f9917,2762,MH_01_easy,VALID_FULL_MATCHED,4.996003610813204e-16,0.23519139432949274,"{'requested_opencv_threads': 1, 'actual_opencv_threads': 1}",0.18274596814288008
2,0,49,0.0864529138182514,"{'errors': [], 'actual_G': 1499, 'actual_V': 1478, 'actual_L': 0, 'output_rows': 2259, 'camera_packets': 3040}",2236,0.0864529138182514,1.0,2259,0,0.9898185037627268,False,0.0,,GV,0.0971297294918716,/home/he/output/ltv_v49_combos_20261009T161324/w1/results/w1_full_MH_02_easy_GV_G2_V49_L0_20261009T161644_5302697f,0.2185165236331731,0.14332996797828979,,-10.992325140279213,-0.1061108569363256,w1_full_MH_02_easy_GV_G2_V49_L0_20261009T161644_5302697f,2236,MH_02_easy,VALID_FULL_MATCHED,4.85722573273506e-16,0.13696850442704647,"{'requested_opencv_threads': 1, 'actual_opencv_threads': 1}",0.08654474719112928
0,6,49,0.08601735784508031,"{'errors': [], 'actual_G': 0, 'actual_V': 1478, 'actual_L': 1478, 'output_rows': 2259, 'camera_packets': 3040}",2236,0.08601735784508031,1.0,2259,0,0.9898185037627268,False,0.0,0.1963415591751656,VL,0.0971297294918716,/home/he/output/ltv_v49_combos_20261009T161324/w4/results/w4_full_MH_02_easy_VL_G0_V49_L6_20261009T161727_c9479230,0.21528287876242486,0.1424948942086357,,-11.440752182596404,-0.609383426684762,w4_full_MH_02_easy_VL_G0_V49_L6_20261009T161727_c9479230,2236,MH_02_easy,VALID_FULL_MATCHED,2.0816681711721685e-16,0.13532640985349603,"{'requested_opencv_threads': 1, 'actual_opencv_threads': 1}",0.08654474719112928
2,6,49,0.08592536443616094,"{'errors': [], 'actual_G': 1499, 'actual_V': 1478, 'actual_L': 1478, 'output_rows': 2259, 'camera_packets': 3040}",2236,0.08592536443616094,1.0,2259,0,0.9898185037627268,False,0.0,0.1962147747902494,L_GV,0.0971297294918716,/home/he/output/ltv_v49_combos_20261009T161324/w2/results/w2_full_MH_02_easy_L_GV_G2_V49_L6_20261009T161857_a1dbf19e,0.2152902467097349,0.14252241675289,,-11.535464079150248,-0.7156792007266155,w2_full_MH_02_easy_L_GV_G2_V49_L6_20261009T161857_a1dbf19e,2236,MH_02_easy,VALID_FULL_MATCHED,2.7755575615628914e-16,0.13537557580264376,"{'requested_opencv_threads': 1, 'actual_opencv_threads': 1}",0.08654474719112928
2,0,49,0.1362623496466569,"{'errors': [], 'actual_G': 2078, 'actual_V': 1929, 'actual_L': 0, 'output_rows': 2311, 'camera_packets': 2700}",2289,0.1362623496466569,1.0,2311,0,0.9904803115534401,False,0.0,,GV,0.14928164624251655,/home/he/output/ltv_v49_combos_20261009T161324/w2/results/w2_full_MH_03_medium_GV_G2_V49_L0_20261009T161644_ccf3ac36,0.2762201533315214,0.24011464544485892,,-8.721297576467679,-0.07190226935529509,w2_full_MH_03_medium_GV_G2_V49_L0_20261009T161644_ccf3ac36,2289,MH_03_medium,VALID_FULL_MATCHED,3.608224830031759e-16,0.07260056957385648,"{'requested_opencv_threads': 1, 'actual_opencv_threads': 1}",0.13636039586578627
0,6,49,0.13617473389157758,"{'errors': [], 'actual_G': 0, 'actual_V': 1929, 'actual_L': 1927, 'output_rows': 2311, 'camera_packets': 2700}",2289,0.13617473389157758,1.0,2311,0,0.9904803115534401,False,0.0,0.3846865973633422,VL,0.14928164624251655,/home/he/output/ltv_v49_combos_20261009T161324/w5/results/w5_full_MH_03_medium_VL_G0_V49_L6_20261009T161734_e2a092a5,0.27595431463031567,0.24006831027061448,,-8.77998915529512,-0.13615534996791467,w5_full_MH_03_medium_VL_G0_V49_L6_20261009T161734_e2a092a5,2289,MH_03_medium,VALID_FULL_MATCHED,1.1102230246251565e-16,0.07250727027832851,"{'requested_opencv_threads': 1, 'actual_opencv_threads': 1}",0.13636039586578627
2,6,49,0.1360766546295257,"{'errors': [], 'actual_G': 2078, 'actual_V': 1929, 'actual_L': 1927, 'output_rows': 2311, 'camera_packets': 2700}",2289,0.1360766546295257,1.0,2311,0,0.9904803115534401,False,0.0,0.3845757938243963,L_GV,0.14928164624251655,/home/he/output/ltv_v49_combos_20261009T161324/w5/results/w5_full_MH_03_medium_L_GV_G2_V49_L6_20261009T161904_e2011399,0.276065952862573,0.2399786401787709,,-8.845689972857473,-0.20808185137556334,w5_full_MH_03_medium_L_GV_G2_V49_L6_20261009T161904_e2011399,2289,MH_03_medium,VALID_FULL_MATCHED,8.326672684688674e-17,0.07248031434477706,"{'requested_opencv_threads': 1, 'actual_opencv_threads': 1}",0.13636039586578627
2,0,49,0.25261065828234275,"{'errors': [], 'actual_G': 1638, 'actual_V': 1578, 'actual_L': 0, 'output_rows': 1849, 'camera_packets': 2273}",1826,0.25261065828234275,1.0,1849,0,0.9875608436992969,False,0.0,,GV,0.2762423776506412,/home/he/output/ltv_v49_combos_20261009T161324/w2/results/w2_representative_MH_05_difficult_GV_G2_V49_L0_20261009T161450_b63cd722,0.5700638947775102,0.4539429885863189,,-8.554704592857599,0.09552941518486957,w2_representative_MH_05_difficult_GV_G2_V49_L0_20261009T161450_b63cd722,1826,MH_05_difficult,VALID_FULL_MATCHED,5.551115123125783e-16,0.4358950293789043,"{'requested_opencv_threads': 1, 'actual_opencv_threads': 1}",0.2523695711069597
0,6,49,0.2525360447809774,"{'errors': [], 'actual_G': 0, 'actual_V': 1578, 'actual_L': 1578, 'output_rows': 1849, 'camera_packets': 2273}",1826,0.2525360447809774,1.0,1849,0,0.9875608436992969,False,0.0,0.29880265027705366,VL,0.2762423776506412,/home/he/output/ltv_v49_combos_20261009T161324/w5/results/w5_representative_MH_05_difficult_VL_G0_V49_L6_20261009T161450_9114e81a,0.5689285267255385,0.452790683700775,,-8.581714750386615,0.06596424176161797,w5_representative_MH_05_difficult_VL_G0_V49_L6_20261009T161450_9114e81a,1826,MH_05_difficult,VALID_FULL_MATCHED,6.106226635438361e-16,0.43493929898126066,"{'requested_opencv_threads': 1, 'actual_opencv_threads': 1}",0.2523695711069597
2,6,49,0.25277723644917643,"{'errors': [], 'actual_G': 1638, 'actual_V': 1578, 'actual_L': 1578, 'output_rows': 1849, 'camera_packets': 2273}",1826,0.25277723644917643,1.0,1849,0,0.9875608436992969,False,0.0,0.2986008499697505,L_GV,0.2762423776506412,/home/he/output/ltv_v49_combos_20261009T161324/w4/results/w4_representative_MH_05_difficult_L_GV_G2_V49_L6_20261009T161533_4fe4a08b,0.5692365296240719,0.45295991690373966,,-8.494403140107886,0.16153506162752684,w4_representative_MH_05_difficult_L_GV_G2_V49_L6_20261009T161533_4fe4a08b,1826,MH_05_difficult,VALID_FULL_MATCHED,4.996003610813204e-16,0.4351235374438605,"{'requested_opencv_threads': 1, 'actual_opencv_threads': 1}",0.2523695711069597
2,0,49,0.06430682364833172,"{'errors': [], 'actual_G': 2426, 'actual_V': 2407, 'actual_L': 0, 'output_rows': 2800, 'camera_packets': 2912}",2780,0.06430682364833172,1.0,2800,0,0.9928571428571429,False,0.0,,GV,0.06424283441468073,/home/he/output/ltv_v49_combos_20261009T161324/w3/results/w3_full_V1_01_easy_GV_G2_V49_L0_20261009T161644_d12bb414,0.13066921438604262,0.10423716791921489,,0.09960524661465353,-0.006486348296252942,w3_full_V1_01_easy_GV_G2_V49_L0_20261009T161644_d12bb414,2780,V1_01_easy,VALID_FULL_MATCHED,8.326672684688674e-17,0.07725239184805333,"{'requested_opencv_threads': 1, 'actual_opencv_threads': 1}",0.06431099508346562
0,6,49,0.06429390399521848,"{'errors': [], 'actual_G': 0, 'actual_V': 2407, 'actual_L': 2406, 'output_rows': 2800, 'camera_packets': 2912}",2780,0.06429390399521848,1.0,2800,0,0.9928571428571429,False,0.0,0.14519161287712212,VL,0.06424283441468073,/home/he/output/ltv_v49_combos_20261009T161324/w3/results/w3_full_V1_01_easy_VL_G0_V49_L6_20261009T161806_fb167587,0.1306621228045584,0.1042296413238605,,0.07949459422680327,-0.0265756862025901,w3_full_V1_01_easy_VL_G0_V49_L6_20261009T161806_fb167587,2780,V1_01_easy,VALID_FULL_MATCHED,2.7755575615628914e-17,0.07716573392559324,"{'requested_opencv_threads': 1, 'actual_opencv_threads': 1}",0.06431099508346562
2,6,49,0.06428989005556911,"{'errors': [], 'actual_G': 2426, 'actual_V': 2407, 'actual_L': 2406, 'output_rows': 2800, 'camera_packets': 2912}",2780,0.06428989005556911,1.0,2800,0,0.9928571428571429,False,0.0,0.14517098353443122,L_GV,0.06424283441468073,/home/he/output/ltv_v49_combos_20261009T161324/w4/results/w4_full_V1_01_easy_L_GV_G2_V49_L6_20261009T161905_44d84dd8,0.13064894240036284,0.10422644464888964,,0.07324652051408087,-0.032817137830198906,w4_full_V1_01_easy_L_GV_G2_V49_L6_20261009T161905_44d84dd8,2780,V1_01_easy,VALID_FULL_MATCHED,1.1102230246251565e-16,0.07717239757548199,"{'requested_opencv_threads': 1, 'actual_opencv_threads': 1}",0.06431099508346562
2,0,49,0.06831162547003125,"{'errors': [], 'actual_G': 953, 'actual_V': 932, 'actual_L': 0, 'output_rows': 1611, 'camera_packets': 1710}",1592,0.06831162547003125,1.0,1611,0,0.9882060831781502,False,0.0,,GV,0.06818795827882117,/home/he/output/ltv_v49_combos_20261009T161324/w4/results/w4_full_V1_02_medium_GV_G2_V49_L0_20261009T161644_6ba34139,0.1278413978424467,0.10828653154589678,,0.18136221457814017,0.010759891118561349,w4_full_V1_02_medium_GV_G2_V49_L0_20261009T161644_6ba34139,1592,V1_02_medium,VALID_FULL_MATCHED,2.7755575615628914e-17,0.08950952018115772,"{'requested_opencv_threads': 1, 'actual_opencv_threads': 1}",0.06830427600430386
0,6,49,0.06829975427004746,"{'errors': [], 'actual_G': 0, 'actual_V': 932, 'actual_L': 930, 'output_rows': 1611, 'camera_packets': 1710}",1592,0.06829975427004746,1.0,1611,0,0.9882060831781502,False,0.0,0.09143184999702174,VL,0.06818795827882117,/home/he/output/ltv_v49_combos_20261009T161324/w2/results/w2_full_V1_02_medium_VL_G0_V49_L6_20261009T161814_03027b68,0.1278141429342982,0.10825662725574187,,0.16395268907913874,-0.0066199870943917105,w2_full_V1_02_medium_VL_G0_V49_L6_20261009T161814_03027b68,1592,V1_02_medium,VALID_FULL_MATCHED,2.7755575615628914e-17,0.08949287227011402,"{'requested_opencv_threads': 1, 'actual_opencv_threads': 1}",0.06830427600430386
2,6,49,0.06830692701625031,"{'errors': [], 'actual_G': 953, 'actual_V': 932, 'actual_L': 930, 'output_rows': 1611, 'camera_packets': 1710}",1592,0.06830692701625031,1.0,1611,0,0.9882060831781502,False,0.0,0.09142061954849678,L_GV,0.06818795827882117,/home/he/output/ltv_v49_combos_20261009T161324/w1/results/w1_full_V1_02_medium_L_GV_G2_V49_L6_20261009T161911_bb4ad2e3,0.12782383799094735,0.10827001010943571,,0.1744717695500997,0.003881180068843193,w1_full_V1_02_medium_L_GV_G2_V49_L6_20261009T161911_bb4ad2e3,1592,V1_02_medium,VALID_FULL_MATCHED,1.249000902703301e-16,0.08949942619522612,"{'requested_opencv_threads': 1, 'actual_opencv_threads': 1}",0.06830427600430386
2,0,49,0.04188846667724734,"{'errors': [], 'actual_G': 956, 'actual_V': 931, 'actual_L': 0, 'output_rows': 2005, 'camera_packets': 2149}",1986,0.04188846667724734,1.0,2005,0,0.9905236907730673,False,0.0,,GV,0.04189056911007756,/home/he/output/ltv_v49_combos_20261009T161324/w5/results/w5_full_V1_03_difficult_GV_G2_V49_L0_20261009T161644_1cadc0b6,0.08995781383375935,0.07305690142482908,,-0.005018869103201595,0.0046807730352371735,w5_full_V1_03_difficult_GV_G2_V49_L0_20261009T161644_1cadc0b6,1986,V1_03_difficult,VALID_FULL_MATCHED,1.3183898417423734e-16,0.04609629668733674,"{'requested_opencv_threads': 1, 'actual_opencv_threads': 1}",0.04188650606496605
0,6,49,0.04188656582892776,"{'errors': [], 'actual_G': 0, 'actual_V': 931, 'actual_L': 927, 'output_rows': 2005, 'camera_packets': 2149}",1986,0.04188656582892776,1.0,2005,0,0.9905236907730673,False,0.0,0.0818423792867365,VL,0.04189056911007756,/home/he/output/ltv_v49_combos_20261009T161324/w1/results/w1_full_V1_03_difficult_VL_G0_V49_L6_20261009T161821_7d4582e7,0.0899772159108846,0.07309430935267155,,-0.009556521276377072,0.00014268070394063415,w1_full_V1_03_difficult_VL_G0_V49_L6_20261009T161821_7d4582e7,1986,V1_03_difficult,VALID_FULL_MATCHED,1.1796119636642288e-16,0.04611168857754166,"{'requested_opencv_threads': 1, 'actual_opencv_threads': 1}",0.04188650606496605
2,6,49,0.041888288639283254,"{'errors': [], 'actual_G': 956, 'actual_V': 931, 'actual_L': 927, 'output_rows': 2005, 'camera_packets': 2149}",1986,0.041888288639283254,1.0,2005,0,0.9905236907730673,False,0.0,0.08183468118723426,L_GV,0.04189056911007756,/home/he/output/ltv_v49_combos_20261009T161324/w3/results/w3_full_V1_03_difficult_L_GV_G2_V49_L6_20261009T161929_024a5ba7,0.08999612615886411,0.0730963903600177,,-0.005443876373023571,0.004255724539170558,w3_full_V1_03_difficult_L_GV_G2_V49_L6_20261009T161929_024a5ba7,1986,V1_03_difficult,VALID_FULL_MATCHED,6.938893903907228e-18,0.04608630854784058,"{'requested_opencv_threads': 1, 'actual_opencv_threads': 1}",0.04188650606496605
2,0,49,0.17412081044159677,"{'errors': [], 'actual_G': 1574, 'actual_V': 1563, 'actual_L': 0, 'output_rows': 2181, 'camera_packets': 2280}",2166,0.17412081044159677,1.0,2181,0,0.9931224209078404,False,0.0,,GV,0.1745806561417616,/home/he/output/ltv_v49_combos_20261009T161324/w6/results/w6_full_V2_01_easy_GV_G2_V49_L0_20261009T161644_09fc96f1,0.7900350835717285,0.2928732143758718,,-0.26340014428141156,-0.07863903579101716,w6_full_V2_01_easy_GV_G2_V49_L0_20261009T161644_09fc96f1,2166,V2_01_easy,VALID_FULL_MATCHED,1.2490009027033011e-15,0.22168901399197558,"{'requested_opencv_threads': 1, 'actual_opencv_threads': 1}",0.17425784513079784
0,6,49,0.17425685412122888,"{'errors': [], 'actual_G': 0, 'actual_V': 1563, 'actual_L': 1560, 'output_rows': 2181, 'camera_packets': 2280}",2166,0.17425685412122888,1.0,2181,0,0.9931224209078404,False,0.0,0.08690346831684004,VL,0.1745806561417616,/home/he/output/ltv_v49_combos_20261009T161324/w6/results/w6_full_V2_01_easy_VL_G0_V49_L6_20261009T161823_61dc09fe,0.7902531520941093,0.2932600565934862,,-0.1854741686099448,-0.0005687029862144755,w6_full_V2_01_easy_VL_G0_V49_L6_20261009T161823_61dc09fe,2166,V2_01_easy,VALID_FULL_MATCHED,0.0,0.2218876686891761,"{'requested_opencv_threads': 1, 'actual_opencv_threads': 1}",0.17425784513079784
2,6,49,0.17411989915077625,"{'errors': [], 'actual_G': 1574, 'actual_V': 1563, 'actual_L': 1560, 'output_rows': 2181, 'camera_packets': 2280}",2166,0.17411989915077625,1.0,2181,0,0.9931224209078404,False,0.0,0.08687945977857485,L_GV,0.1745806561417616,/home/he/output/ltv_v49_combos_20261009T161324/w1/results/w1_full_V2_01_easy_L_GV_G2_V49_L6_20261009T161955_51981e82,0.7899962040120819,0.2928982550518151,,-0.2639221327082275,-0.07916199119646361,w1_full_V2_01_easy_L_GV_G2_V49_L6_20261009T161955_51981e82,2166,V2_01_easy,VALID_FULL_MATCHED,5.551115123125783e-17,0.22168745172309018,"{'requested_opencv_threads': 1, 'actual_opencv_threads': 1}",0.17425784513079784
2,0,49,0.05220387366111389,"{'errors': [], 'actual_G': 1606, 'actual_V': 1571, 'actual_L': 0, 'output_rows': 2266, 'camera_packets': 2348}",2252,0.05220387366111389,1.0,2266,0,0.9938217122683142,False,0.0,,GV,0.05197520957067538,/home/he/output/ltv_v49_combos_20261009T161324/w0/results/w0_representative_V2_02_medium_GV_G2_V49_L0_20261009T161450_ee60c752,0.13166258286226631,0.10928944261592843,,0.4399483760187062,0.011969161302749498,w0_representative_V2_02_medium_GV_G2_V49_L0_20261009T161450_ee60c752,2252,V2_02_medium,VALID_FULL_MATCHED,8.743006318923108e-16,0.10410417426988784,"{'requested_opencv_threads': 1, 'actual_opencv_threads': 1}",0.0521976260430566
0,6,49,0.05219534946791166,"{'errors': [], 'actual_G': 0, 'actual_V': 1571, 'actual_L': 1570, 'output_rows': 2266, 'camera_packets': 2348}",2252,0.05219534946791166,1.0,2266,0,0.9938217122683142,False,0.0,0.1549864888197328,VL,0.05197520957067538,/home/he/output/ltv_v49_combos_20261009T161324/w3/results/w3_representative_V2_02_medium_VL_G0_V49_L6_20261009T161450_640603a3,0.13164581436452788,0.10928715355787132,,0.4235478780262314,-0.004361453417545125,w3_representative_V2_02_medium_VL_G0_V49_L6_20261009T161450_640603a3,2252,V2_02_medium,VALID_FULL_MATCHED,2.983724378680108e-16,0.10410797080680156,"{'requested_opencv_threads': 1, 'actual_opencv_threads': 1}",0.0521976260430566
2,6,49,0.052201966786032256,"{'errors': [], 'actual_G': 1606, 'actual_V': 1571, 'actual_L': 1570, 'output_rows': 2266, 'camera_packets': 2348}",2252,0.052201966786032256,1.0,2266,0,0.9938217122683142,False,0.0,0.15496168059293053,L_GV,0.05197520957067538,/home/he/output/ltv_v49_combos_20261009T161324/w6/results/w6_representative_V2_02_medium_L_GV_G2_V49_L6_20261009T161450_03a988ec,0.1316488174241591,0.10929915291309256,,0.43627955948601915,0.0083159777651165,w6_representative_V2_02_medium_L_GV_G2_V49_L6_20261009T161450_03a988ec,2252,V2_02_medium,VALID_FULL_MATCHED,1.0061396160665481e-15,0.10411556111029414,"{'requested_opencv_threads': 1, 'actual_opencv_threads': 1}",0.0521976260430566
2,0,49,0.20714910079244062,"{'errors': [], 'actual_G': 706, 'actual_V': 637, 'actual_L': 0, 'output_rows': 1806, 'camera_packets': 1921}",1799,0.20714910079244062,1.0,1806,0,0.9961240310077519,False,0.0,,GV,0.20742761529144602,/home/he/output/ltv_v49_combos_20261009T161324/w1/results/w1_representative_V2_03_difficult_GV_G2_V49_L0_20261009T161450_d890b7b8,0.43159936526591797,0.3872460229117351,,-0.13427069419569282,0.00809504323893151,w1_representative_V2_03_difficult_GV_G2_V49_L0_20261009T161450_d890b7b8,1799,V2_03_difficult,VALID_FULL_MATCHED,2.7755575615628914e-16,0.2020678876949242,"{'requested_opencv_threads': 1, 'actual_opencv_threads': 1}",0.2071323333404949
0,6,49,0.20715264198411143,"{'errors': [], 'actual_G': 0, 'actual_V': 637, 'actual_L': 627, 'output_rows': 1806, 'camera_packets': 1921}",1799,0.20715264198411143,1.0,1806,0,0.9961240310077519,False,0.0,0.07465425646437694,VL,0.20742761529144602,/home/he/output/ltv_v49_combos_20261009T161324/w4/results/w4_representative_V2_03_difficult_VL_G0_V49_L6_20261009T161450_4bf5bc5d,0.43167742143240784,0.38731863207805795,,-0.1325635002592307,0.009804670902413548,w4_representative_V2_03_difficult_VL_G0_V49_L6_20261009T161450_4bf5bc5d,1799,V2_03_difficult,VALID_FULL_MATCHED,3.3306690738754696e-16,0.20210237217114146,"{'requested_opencv_threads': 1, 'actual_opencv_threads': 1}",0.2071323333404949
2,6,49,0.2071683835745563,"{'errors': [], 'actual_G': 706, 'actual_V': 637, 'actual_L': 627, 'output_rows': 1806, 'camera_packets': 1921}",1799,0.2071683835745563,1.0,1806,0,0.9961240310077519,False,0.0,0.07464738178691208,L_GV,0.20742761529144602,/home/he/output/ltv_v49_combos_20261009T161324/w7/results/w7_representative_V2_03_difficult_L_GV_G2_V49_L6_20261009T161450_151f6a71,0.43163715189138097,0.3872893023593177,,-0.1249745442647443,0.017404445496271848,w7_representative_V2_03_difficult_L_GV_G2_V49_L6_20261009T161450_151f6a71,1799,V2_03_difficult,VALID_FULL_MATCHED,2.220446049250313e-16,0.20212299934631356,"{'requested_opencv_threads': 1, 'actual_opencv_threads': 1}",0.2071323333404949
