scene,window_s,id,lambda_min,range_min_m,range_median_m,initial_landmark_error_m
REGULAR,4,0,0.005264319640658771,12.718728204770889,12.919884478387447,12.767536959022284
REGULAR,4,1,0.005521352292207549,12.529084876882235,12.568568609542606,12.620574471869338
REGULAR,4,2,0.005613878203091818,12.353700471697886,12.411297697630156,12.630344413356273
REGULAR,4,3,0.005523893457961946,12.302342807248836,12.418479056599466,12.796487799392457
REGULAR,4,4,0.005265690379424706,12.411771347536737,12.57984269857213,13.113062190045465
REGULAR,4,5,0.004880571367867577,12.678001260245574,12.893172156113012,13.569543102109224
REGULAR,4,6,0.004654300540101361,13.45122599993159,13.550496534274966,13.54475544260582
REGULAR,4,7,0.004820753653112647,13.197170026273266,13.262063518338561,13.419243644855696
REGULAR,4,8,0.0048554084333942114,13.030737195717363,13.138197775493952,13.441339218991537
REGULAR,4,9,0.004750902396733376,13.001300253853556,13.16134429480191,13.61032328785764
REGULAR,4,10,0.004521890090731725,13.121120498067455,13.330471516598712,13.920847675339314
REGULAR,4,11,0.004200216591263853,13.38802522432674,13.64271958540138,14.363735586538763
REGULAR,4,12,0.003996366533559912,14.256951364300894,14.36988952846529,14.46967864190494
REGULAR,4,13,0.004092030690771333,13.994741357429222,14.134255667975973,14.36433430410195
REGULAR,4,14,0.004088208568500841,13.85166858607532,14.03071523677645,14.397027470974695
REGULAR,4,15,0.003983765916648176,13.84266664615187,14.06566961868261,14.56682875577248
REGULAR,4,16,0.0037914459243312136,13.972491691079165,14.237530129828965,14.869041663806044
REGULAR,4,17,0.0035341880139210017,14.239191438139141,14.543081308331685,15.295819690359847
REGULAR,4,18,0.0033709782741086973,15.174349138879666,15.346779060130833,15.51591441069459
REGULAR,4,19,0.0034176223604427364,14.93188668215131,15.136728220223393,15.428963024130947
REGULAR,4,20,0.0033919950105814342,14.810164615117634,15.05320359604735,15.470617311536087
REGULAR,4,21,0.0032958828374822836,14.816268296715519,15.097360204446753,15.639849743523753
REGULAR,4,22,0.0031393977181096693,14.952273192909576,15.269294517552973,15.932595519876854
REGULAR,4,23,0.0029384397704142542,15.215934673451521,15.567268699521946,16.34221833167089
REGULAR,4,24,0.0028183505723949885,16.203857318727735,16.43220091998513,16.660624238005006
REGULAR,4,25,0.0028339811817637006,15.985148221647659,16.247018743775023,16.590132609476033
REGULAR,4,26,0.0027982352233755867,15.88270803148921,16.179470237440214,16.639302870012315
REGULAR,4,27,0.0027138766487390417,15.9007973521164,16.231108341259937,16.80708481563653
REGULAR,4,28,0.002588528309052688,16.04028730384017,16.404406002362755,17.089985371556057
REGULAR,4,29,0.0024330191474697224,16.298883402230764,16.691409162732594,17.48241688096929
REGULAR,5,0,0.008819691081865404,12.718728204770889,12.925466397129231,12.767536959022284
REGULAR,5,1,0.00910482866988206,12.529084876882235,12.573280293165487,12.620574471869338
REGULAR,5,2,0.009097389312589061,12.353700471697886,12.439597856027385,12.630344413356273
REGULAR,5,3,0.008791342284559168,12.302342807248836,12.47738443173505,12.796487799392457
REGULAR,5,4,0.008233183089613074,12.411771347536737,12.667091748828131,13.113062190045465
REGULAR,5,5,0.007505548807500693,12.678001260245574,13.005907778052393,13.569543102109224
REGULAR,5,6,0.007724254107215259,13.45122599993159,13.601340845847808,13.54475544260582
REGULAR,5,7,0.007855515892373292,13.197170026273266,13.309907059172932,13.419243644855696
REGULAR,5,8,0.007757734737613099,13.030737195717363,13.208227741271363,13.441339218991537
REGULAR,5,9,0.007438990272919346,13.001300253853556,13.25488221933193,13.61032328785764
REGULAR,5,10,0.006941548998868098,13.121120498067455,13.447749402406487,13.920847675339314
REGULAR,5,11,0.0063287385250583,13.38802522432674,13.781815495669488,14.363735586538763
REGULAR,5,12,0.006587597863750551,14.256951364300894,14.439273760197445,14.46967864190494
REGULAR,5,13,0.006612259726907145,13.994741357429222,14.21690356046244,14.36433430410195
REGULAR,5,14,0.006467045375937896,13.85166858607532,14.134648920871216,14.397027470974695
REGULAR,5,15,0.006165781625792266,13.84266664615187,14.190737912349705,14.56682875577248
REGULAR,5,16,0.005743015475183162,13.972491691079165,14.383500291105886,14.869041663806044
REGULAR,5,17,0.0052446612548487865,14.239191438139141,14.707415928939776,15.295819690359847
REGULAR,5,18,0.005531697682209405,15.174349138879666,15.441223270293754,15.51591441069459
REGULAR,5,19,0.005491770827741379,14.93188668215131,15.251250074495672,15.428963024130947
REGULAR,5,20,0.005330032219089323,14.810164615117634,15.185739286527408,15.470617311536087
REGULAR,5,21,0.005061018227936249,14.816268296715519,15.248540955468979,15.639849743523753
REGULAR,5,22,0.004711265557321815,14.952273192909576,15.439008780219215,15.932595519876854
REGULAR,5,23,0.004313090374007157,15.215934673451521,15.753756401384779,16.34221833167089
REGULAR,5,24,0.004612188668347989,16.203857318727735,16.552545626658922,16.660624238005006
REGULAR,5,25,0.0045384002371218115,15.985148221647659,16.385518947600684,16.590132609476033
REGULAR,5,26,0.004378832951470231,15.88270803148921,16.336567363186962,16.639302870012315
REGULAR,5,27,0.004146411420664298,15.9007973521164,16.40579350144451,16.80708481563653
REGULAR,5,28,0.0038608304678320327,16.04028730384017,16.594865260490543,17.089985371556057
REGULAR,5,29,0.003544568341515949,16.298883402230764,16.897408151276462,17.48241688096929
REGULAR,10,0,0.014279444401893594,11.916274808991343,12.89346259329027,12.767536959022284
REGULAR,10,1,0.014651488177812642,11.774036610557086,12.57035150434225,12.620574471869338
REGULAR,10,2,0.014458183765986362,11.776087313274541,12.448355975477764,12.630344413356273
REGULAR,10,3,0.013723692693989752,11.922567213127028,12.535833391418015,12.796487799392457
REGULAR,10,4,0.012569630487247898,12.208798588184008,12.796043640939851,13.113062190045465
REGULAR,10,5,0.01117073910950411,12.626149787864769,13.214820524878922,13.569543102109224
REGULAR,10,6,0.0126660465197501,12.688175748562973,13.515933024963712,13.54475544260582
REGULAR,10,7,0.012924821981929442,12.589154976524265,13.272814760377123,13.419243644855696
REGULAR,10,8,0.012734545089623293,12.626014457226525,13.209917884147199,13.441339218991537
REGULAR,10,9,0.012118729255777479,12.797145184472571,13.319623046314923,13.61032328785764
REGULAR,10,10,0.0111696802606778,13.097110271041137,13.58977445702569,13.920847675339314
REGULAR,10,11,0.010017875453675442,13.38802522432674,14.005514145498337,14.363735586538763
REGULAR,10,12,0.01101831314572183,13.601651406707594,14.351086007350071,14.46967864190494
REGULAR,10,13,0.011186305653526362,13.539622765078441,14.165463167101699,14.36433430410195
REGULAR,10,14,0.011010575851798892,13.605387678115601,14.131377643100153,14.397027470974695
REGULAR,10,15,0.010511630878138025,13.796224369114498,14.24535043818286,14.56682875577248
REGULAR,10,16,0.009756149055187487,13.972491691079165,14.521184097195423,14.869041663806044
REGULAR,10,17,0.0088371439509536,14.239191438139141,14.930198920719567,15.295819690359847
REGULAR,10,18,0.009479515280373448,14.63285344333569,15.34216230732063,15.51591441069459
REGULAR,10,19,0.009581807168081767,14.601076245261325,15.19726404222731,15.428963024130947
REGULAR,10,20,0.009426635071799307,14.68950111103969,15.19043535143735,15.470617311536087
REGULAR,10,21,0.009030619621565669,14.816268296715519,15.317828022002098,15.639849743523753
REGULAR,10,22,0.008440495808323338,14.952273192909576,15.569622186107642,15.932595519876854
REGULAR,10,23,0.007720765170239556,15.215934673451521,15.964293665436246,16.34221833167089
REGULAR,10,24,0.008117603636587633,15.761211076189522,16.449614396166318,16.660624238005006
REGULAR,10,25,0.008175534039369723,15.753474570631727,16.335016103395585,16.590132609476033
REGULAR,10,26,0.008042485184185062,15.85883575853968,16.349152628948566,16.639302870012315
REGULAR,10,27,0.007731316815306695,15.9007973521164,16.488294653052623,16.80708481563653
REGULAR,10,28,0.007274296111460101,16.04028730384017,16.742245597323546,17.089985371556057
REGULAR,10,29,0.006715566772442407,16.298883402230764,17.10546018903426,17.48241688096929
FAST,4,0,0.039792794221158515,12.718728204770889,13.923152749799193,12.767536959022284
FAST,4,1,0.043496814494827736,12.534158060869139,13.366104880277833,12.620574471869338
FAST,4,2,0.046477496078970656,12.431564968569935,12.884188751180014,12.630344413356273
FAST,4,3,0.04832342506268042,12.34433059769467,12.564000617058117,12.796487799392457
FAST,4,4,0.0487369558015856,12.070168582026826,12.46256605891332,13.113062190045465
FAST,4,5,0.047637371654230584,11.942898219050194,12.471427191439828,13.569543102109224
FAST,4,6,0.03659212250536824,13.456615409203096,14.600206193651651,13.54475544260582
FAST,4,7,0.039492096718106454,13.206610515052608,13.954321041570562,13.419243644855696
FAST,4,8,0.04170490859514874,13.029347989550256,13.413689569891305,13.441339218991537
FAST,4,9,0.042933925140467497,12.918782531532814,13.034680334209282,13.61032328785764
FAST,4,10,0.04298646823799664,12.684866985715365,12.887626202808635,13.920847675339314
FAST,4,11,0.04183873569567047,12.548931711254667,12.947264270358334,14.363735586538763
FAST,4,12,0.032659460796115675,14.245466755433952,15.138015046968846,14.46967864190494
FAST,4,13,0.03478523904224378,13.938545360655382,14.501028682134693,14.36433430410195
FAST,4,14,0.03630294782868643,13.696133315079171,14.019594599499184,14.397027470974695
FAST,4,15,0.037017722617731,13.508201407794713,13.730871098463103,14.56682875577248
FAST,4,16,0.036820162115113936,13.31993284583256,13.636694006096048,14.869041663806044
FAST,4,17,0.03572201946629635,13.211327183574106,13.69513787733622,15.295819690359847
FAST,4,18,0.028529899511355122,15.08333652785778,15.769198905852239,15.51591441069459
FAST,4,19,0.030002369452261497,14.731516719485345,15.218181678706696,15.428963024130947
FAST,4,20,0.030966585846219884,14.439793354424186,14.851177848558155,15.470617311536087
FAST,4,21,0.031304756489180956,14.204588510984282,14.629668394096866,15.639849743523753
FAST,4,22,0.030963744723669643,14.034166169993224,14.554252284509309,15.932595519876854
FAST,4,23,0.029972131084469302,13.967537258237197,14.620748905409862,16.34221833167089
FAST,4,24,0.02457461545017724,15.974856993416166,16.56774564731056,16.660624238005006
FAST,4,25,0.02554392898022506,15.594700940113606,16.143683912003777,16.590132609476033
FAST,4,26,0.026106244066361455,15.279021319263755,15.83514016546623,16.639302870012315
FAST,4,27,0.02619582448295676,15.037279472580488,15.651784994685562,16.80708481563653
FAST,4,28,0.025792917370908965,14.887190777682902,15.598509513434205,17.089985371556057
FAST,4,29,0.0249305538805764,14.847166448519255,15.66712995931647,17.48241688096929
FAST,5,0,0.06636916532299549,12.718728204770889,13.998508169125193,12.767536959022284
FAST,5,1,0.07061498859925275,12.534158060869139,13.46633292846663,12.620574471869338
FAST,5,2,0.07332557622633518,12.431564968569935,12.98726081950571,12.630344413356273
FAST,5,3,0.07407898430610858,12.34433059769467,12.640889289942843,12.796487799392457
FAST,5,4,0.07269513809694492,12.070168582026826,12.492658027660562,13.113062190045465
FAST,5,5,0.06931133923492955,11.942898219050194,12.563098793279739,13.569543102109224
FAST,5,6,0.059837756236425475,13.456615409203096,14.63239272349161,13.54475544260582
FAST,5,7,0.06280433497407886,13.206610515052608,13.982219225986517,13.419243644855696
FAST,5,8,0.0644284252714543,13.029347989550256,13.439272776481317,13.441339218991537
FAST,5,9,0.06444471383350914,12.918782531532814,13.091122927426367,13.61032328785764
FAST,5,10,0.06278181259371447,12.684866985715365,13.058493577651683,13.920847675339314
FAST,5,11,0.05959988650130919,12.548931711254667,13.18558020844063,14.363735586538763
FAST,5,12,0.05261653753744355,14.245466755433952,15.249739115392861,14.46967864190494
FAST,5,13,0.054498518643020306,13.938545360655382,14.622998993502287,14.36433430410195
FAST,5,14,0.05526558143289468,13.696133315079171,14.164007902838533,14.397027470974695
FAST,5,15,0.05477270950718227,13.508201407794713,13.957984174374968,14.56682875577248
FAST,5,16,0.05302013530335174,13.31993284583256,13.928374132352078,14.869041663806044
FAST,5,17,0.050166171410792104,13.211327183574106,14.04679862875205,15.295819690359847
FAST,5,18,0.045477751661464165,15.08333652785778,16.028342252517042,15.51591441069459
FAST,5,19,0.04652999711405607,14.731516719485345,15.444484835702646,15.428963024130947
FAST,5,20,0.04669320025953768,14.439793354424186,15.115887853573625,15.470617311536087
FAST,5,21,0.04590308359987841,14.204588510984282,14.956330008115597,15.639849743523753
FAST,5,22,0.04419822186125167,14.034166169993224,14.93632866125326,15.932595519876854
FAST,5,23,0.041719701527097836,13.967537258237197,15.059656180690022,16.34221833167089
FAST,5,24,0.038895967257484954,15.974856993416166,16.932860586448562,16.660624238005006
FAST,5,25,0.039363938477100076,15.594700940113606,16.44784196482186,16.590132609476033
FAST,5,26,0.03914389955956093,15.279021319263755,16.189236889277282,16.639302870012315
FAST,5,27,0.03821954122711499,15.037279472580488,16.05930229693294,16.80708481563653
FAST,5,28,0.036644320848265466,14.887190777682902,16.058701493990693,17.089985371556057
FAST,5,29,0.03453576072362288,14.847166448519255,16.17789927927978,17.48241688096929
FAST,10,0,0.11387119560440495,10.3456184993402,13.8809363023485,12.767536959022284
FAST,10,1,0.11694213796560761,10.23952474679683,13.41474418052505,12.620574471869338
FAST,10,2,0.11658766059722056,10.27161459483007,13.010767411186347,12.630344413356273
FAST,10,3,0.11276404617857519,10.439503931076747,12.69496687224463,12.796487799392457
FAST,10,4,0.10588483762096716,10.735583598361023,12.626121083004046,13.113062190045465
FAST,10,5,0.09673353803520057,11.14843149471102,12.948341119003247,13.569543102109224
FAST,10,6,0.1035739220097281,11.126372465473858,14.507180697308815,13.54475544260582
FAST,10,7,0.10598906623195445,11.09169387154406,13.963689235526315,13.419243644855696
FAST,10,8,0.10547858584498378,11.186143324694012,13.442744522532749,13.441339218991537
FAST,10,9,0.10203444543212438,11.405258653787987,13.260505160691897,13.61032328785764
FAST,10,10,0.0960144558306929,11.740659595551415,13.40554726856222,13.920847675339314
FAST,10,11,0.0880686275995822,12.181197283741833,13.737199668971844,14.363735586538763
FAST,10,12,0.09234586015159303,12.044015413935103,15.046676408879563,14.46967864190494
FAST,10,13,0.0941310341352847,12.068325841547836,14.562803186923844,14.36433430410195
FAST,10,14,0.09350541534363928,12.212708961213778,14.233888254076271,14.397027470974695
FAST,10,15,0.09048928849721118,12.471688400445933,14.19017910611573,14.56682875577248
FAST,10,16,0.08538111238759721,12.836859691218963,14.312748850928111,14.869041663806044
FAST,10,17,0.07869778418790042,13.211327183574106,14.647395356501066,15.295819690359847
FAST,10,18,0.08122939635420481,13.073064236932579,15.757149582162599,15.51591441069459
FAST,10,19,0.08248053695734478,13.144439452027859,15.381129445536008,15.428963024130947
FAST,10,20,0.08179833637291804,13.327492900189673,15.229508715840637,15.470617311536087
FAST,10,21,0.07921962140377166,13.616375083576163,15.24925890734385,15.639849743523753
FAST,10,22,0.07498452717611379,14.003113609377468,15.408902814246662,15.932595519876854
FAST,10,23,0.06949033111370626,13.967537258237197,15.687909877069282,16.34221833167089
FAST,10,24,0.07087909324924496,14.192770610111161,16.640505206432497,16.660624238005006
FAST,10,25,0.07171498681078699,14.300696220206618,16.409892519173873,16.590132609476033
FAST,10,26,0.07102925057675434,14.512783503225835,16.333876833279913,16.639302870012315
FAST,10,27,0.06886482345938702,14.823260113469205,16.400035486977686,16.80708481563653
FAST,10,28,0.06540910652087044,14.887190777682902,16.586977355031976,17.089985371556057
FAST,10,29,0.06095985311071746,14.847166448519255,16.88719055410094,17.48241688096929
PAPER,4,0,0.09661324353405695,2.9115416735994577,3.600315186665712,2.9154759474226504
PAPER,4,1,0.11629668786579642,2.463965442805013,3.3893255643789595,2.5495097567963922
PAPER,4,2,0.11652037805311852,2.091428223409733,3.376705239660314,2.5495097567963922
PAPER,4,3,0.09606190945607664,2.067242685155059,3.560048262949031,2.9154759474226504
PAPER,4,4,0.13392528741756793,2.440886561785672,3.1724537805824102,2.5495097567963922
PAPER,4,5,0.18049441300337044,2.124164185274238,2.7297060245184936,2.1213203435596424
PAPER,4,6,0.19146099356894905,2.024087118821346,2.6942357111408834,2.1213203435596424
PAPER,4,7,0.15506501665183917,2.172674672179142,2.897034910889265,2.5495097567963922
PAPER,4,8,0.15446665327352202,2.13342317740329,2.900308416210476,2.5495097567963922
PAPER,4,9,0.2280725007799879,1.9863524925494451,2.4455644269592667,2.1213203435596424
PAPER,4,10,0.24627856590421707,1.9912137781742572,2.395143064286945,2.1213203435596424
PAPER,4,11,0.19008231612876686,2.1177266071855207,2.635000336222568,2.5495097567963922
PAPER,4,12,0.13495870518636074,2.0431502239975114,2.9609868862010646,2.9154759474226504
PAPER,4,13,0.20513159281254553,2.009429376835537,2.4530435371298984,2.5495097567963922
PAPER,4,14,0.2225543075734651,2.0368103553644596,2.3825710265753695,2.5495097567963922
PAPER,4,15,0.16994986051559666,2.029055257044714,2.9301562246938855,2.9154759474226504
PAPER,5,0,0.1788326670732583,2.302077849171774,3.2609939846734908,2.9154759474226504
PAPER,5,1,0.22099320790751267,2.0680205773136016,2.9899200793649805,2.5495097567963922
PAPER,5,2,0.2271140499584065,2.051611120740768,2.9845445756619537,2.5495097567963922
PAPER,5,3,0.18885052653122827,2.067242685155059,3.197650352371814,2.9154759474226504
PAPER,5,4,0.22353305857070604,2.440886561785672,3.1724537805824102,2.5495097567963922
PAPER,5,5,0.29393136140243914,2.124164185274238,2.706196534393206,2.1213203435596424
PAPER,5,6,0.31209631380916025,2.024087118821346,2.5612083548381275,2.1213203435596424
PAPER,5,7,0.2582990958098981,2.172674672179142,2.8201935578981123,2.5495097567963922
PAPER,5,8,0.22433385532820976,2.13342317740329,3.113904564664856,2.5495097567963922
PAPER,5,9,0.30881424858544854,1.9863524925494451,2.563436571019152,2.1213203435596424
PAPER,5,10,0.3323446288759547,1.9912137781742572,2.4866524398271688,2.1213203435596424
PAPER,5,11,0.27012528459861496,2.1177266071855207,2.795350054173733,2.5495097567963922
PAPER,5,12,0.17431401429184448,2.0431502239975114,3.102596159282296,2.9154759474226504
PAPER,5,13,0.2407109576609181,2.009429376835537,2.4869889570861567,2.5495097567963922
PAPER,5,14,0.25926586091224973,2.0368103553644596,2.438580624082856,2.5495097567963922
PAPER,5,15,0.21321669206786903,2.029055257044714,2.9934612126177327,2.9154759474226504
PAPER,10,0,0.15957979502904657,2.103304901085287,3.2581259964178497,2.9154759474226504
PAPER,10,1,0.19745853159424803,2.063233073943117,2.990958500198174,2.5495097567963922
PAPER,10,2,0.1995258042611485,2.051611120740768,2.9845445756619537,2.5495097567963922
PAPER,10,3,0.1636224033627801,2.067242685155059,3.193239766793519,2.9154759474226504
PAPER,10,4,0.2121183670789563,2.1785952927097583,3.0337910913657278,2.5495097567963922
PAPER,10,5,0.273902042020218,1.9918435563843269,2.6362044221309477,2.1213203435596424
PAPER,10,6,0.2793044843306298,2.024087118821346,2.611301246205058,2.1213203435596424
PAPER,10,7,0.22230414419419742,2.1585905394105454,2.9460174911853736,2.5495097567963922
PAPER,10,8,0.2226445146185261,2.13342317740329,2.9254533354772185,2.5495097567963922
PAPER,10,9,0.2988361991659364,1.9863524925494451,2.4980657103048203,2.1213203435596424
PAPER,10,10,0.30644887051534014,1.9657452921870353,2.461640856170419,2.1213203435596424
PAPER,10,11,0.2364065403124817,2.1058347697183133,2.7968278498760166,2.5495097567963922
PAPER,10,12,0.17809116566118888,2.0431502239975114,3.0526407149668544,2.9154759474226504
PAPER,10,13,0.23804857081884467,2.00881303048114,2.4845315340299994,2.5495097567963922
PAPER,10,14,0.24407201215509164,2.0368103553644596,2.4485987198064905,2.5495097567963922
PAPER,10,15,0.18934883757523246,2.029055257044714,2.9893785458030027,2.9154759474226504
