sequence,mode,execution_status,numeric_evaluation_status,localization_status,ate_rmse_m,rotation_rmse_deg,velocity_rmse_mps,runtime_seconds,camera_packets,imu_samples,output_rows,sensor_output_coverage,gt_support_coverage,common_support_fraction,longest_missing_packets,epochs,max_ekf_calls,max_joint_update_norm,P_min_eigenvalue,max_P_symmetry,PL_min_eigenvalue,unmatched_left,unmatched_right,trajectory_finite,run_id,path,G_updates,G_coverage,G_coverage_all_camera,G_eligible_count,G_coverage_eligible,G_nis_mean,G_nis_max,G_nis_p95,G_residual_mean,G_residual_max,G_residual_p95,G_gain_norm_mean,G_gain_norm_max,G_gain_norm_p95,G_update_norm_mean,G_update_norm_max,G_update_norm_p95,V_updates,V_coverage,V_coverage_all_camera,V_eligible_count,V_coverage_eligible,V_nis_mean,V_nis_max,V_nis_p95,V_residual_mean,V_residual_max,V_residual_p95,V_gain_norm_mean,V_gain_norm_max,V_gain_norm_p95,V_update_norm_mean,V_update_norm_max,V_update_norm_p95
MH_01_easy,B,complete,VALID,VALID,0.1854463006138023,3.1039010747027986,0.04401603432531416,21.596744970185682,3682,36820,2784,1.0,1.0,1.0,0,0,,,,,,0,0,True,20261002T175630Z-cb3d26f1,/home/he/output/openvins_ltv_autonomous_20261002/runs/MH_01_easy-B-20261002T175630Z-cb3d26f1.done,0,0,0,0,0,,,,,,,,,,,,,0,0,0,0,0,,,,,,,,,,,,
MH_01_easy,P,complete,VALID,VALID,0.1854463006138023,3.1039010747027986,0.04401603432531416,45.88308251509443,3682,36820,2784,1.0,1.0,1.0,0,1,1,0.0,,0.0,0.9999949999743826,0,0,True,20261002T175652Z-73699324,/home/he/output/openvins_ltv_autonomous_20261002/runs/MH_01_easy-P-20261002T175652Z-73699324.done,0,0.0,0.0,0,0.0,,,,,,,,,,,,,0,0.0,0.0,0,0.0,,,,,,,,,,,,
MH_01_easy,G,complete,VALID,VALID,0.18544196261558615,3.106566550396403,0.04402329294752244,48.31921581388451,3682,36820,2784,1.0,1.0,1.0,0,1,1,0.24710029940918476,-1.929631314543581e-16,8.131516293641283e-20,0.9999949999627455,0,0,True,20261002T175739Z-c1a9a79a,/home/he/output/openvins_ltv_autonomous_20261002/runs/MH_01_easy-G-20261002T175739Z-c1a9a79a.done,2741,0.9845545977011494,0.7444323737099402,2741,1.0,0.016210704468104603,0.5407243316662078,0.0565766063839859,0.017034839186930256,0.12834379515203348,0.04151456202946163,0.0010496991406625136,0.0024287499017483526,0.0019884519593810087,1.1357976629559528e-05,7.118997363037936e-05,2.930298061221589e-05,0,0.0,0.0,0,0.0,,,,,,,,,,,,
MH_01_easy,V,complete,VALID,VALID,0.18178577022641912,3.0194564872895175,0.04371160297101112,48.378908877959475,3682,36820,2784,1.0,1.0,1.0,0,1,1,0.24392904833344695,-1.929631314543581e-16,0.0,0.9999949999732639,0,0,True,20261002T175827Z-6341cf9d,/home/he/output/openvins_ltv_autonomous_20261002/runs/MH_01_easy-V-20261002T175827Z-6341cf9d.done,0,0.0,0.0,0,0.0,,,,,,,,,,,,,2765,0.9931752873563219,0.7509505703422054,2765,1.0,0.37271322376453636,4.968655371050682,0.9497565803077817,0.5389779738777201,2.229055292673942,0.9745679055579516,0.00016630859271304864,0.0017213535011782633,0.0004451383142502295,5.7245730258123094e-05,0.0008560526176142118,0.00016068400951156368
MH_01_easy,GV,complete,VALID,VALID,0.18176101314592102,3.0217523607037386,0.04371834935504246,48.645979071967304,3682,36820,2784,1.0,1.0,1.0,0,1,1,0.24377347575740957,-1.929631314543581e-16,0.0,0.9999949999908021,0,0,True,20261002T175916Z-204a7486,/home/he/output/openvins_ltv_autonomous_20261002/runs/MH_01_easy-GV-20261002T175916Z-204a7486.done,2741,0.9845545977011494,0.7444323737099402,2741,1.0,0.01620326773757323,0.5404123018945728,0.05667109210888327,0.01702996218448268,0.12830675794563096,0.041549212846903626,0.0010489164452801905,0.0024263845939140136,0.0019884618714665933,1.1345854813598334e-05,7.11184990630693e-05,2.9259415796588836e-05,2765,0.9931752873563219,0.7509505703422054,2765,1.0,0.3726694465500772,4.968655371050682,0.9496944398160829,0.5389470339698411,2.229055292673942,0.9745360299635613,0.00016617126680985327,0.0017206059773784439,0.00044468839906605136,5.720089480357334e-05,0.0008557226060511116,0.00016069557979212328
MH_02_easy,B,complete,VALID,VALID,0.09719882154557895,1.096651723403165,0.03670977073568593,18.229969542007893,3040,30400,2259,1.0,1.0,1.0,0,0,,,,,,0,0,True,20261002T180006Z-a7f42040,/home/he/output/openvins_ltv_autonomous_20261002/runs/MH_02_easy-B-20261002T180006Z-a7f42040.done,0,0,0,0,0,,,,,,,,,,,,,0,0,0,0,0,,,,,,,,,,,,
MH_02_easy,P,complete,VALID,VALID,0.09719882154557895,1.096651723403165,0.03670977073568593,37.7302173608914,3040,30400,2259,1.0,1.0,1.0,0,1,1,0.0,,0.0,0.9999949998588187,0,0,True,20261002T180025Z-bf1322ad,/home/he/output/openvins_ltv_autonomous_20261002/runs/MH_02_easy-P-20261002T180025Z-bf1322ad.done,0,0.0,0.0,0,0.0,,,,,,,,,,,,,0,0.0,0.0,0,0.0,,,,,,,,,,,,
MH_02_easy,G,complete,VALID,VALID,0.09728193223492711,1.1146971615997285,0.03672706257718796,39.66437838412821,3040,30400,2259,1.0,1.0,1.0,0,1,1,0.42463521479564903,-3.5162797364371946e-16,0.0,0.9999949999899701,0,0,True,20261002T180103Z-dfaa8f74,/home/he/output/openvins_ltv_autonomous_20261002/runs/MH_02_easy-G-20261002T180103Z-dfaa8f74.done,2196,0.9721115537848606,0.7223684210526315,2196,1.0,0.011038616691530856,0.15886698823499165,0.037953997750422366,0.015422485584614933,0.06956692290824391,0.03400311896150605,0.0016823431257562134,0.004672437736634164,0.003038712671516745,1.6616988696536417e-05,8.290963845820738e-05,4.169089820079372e-05,0,0.0,0.0,0,0.0,,,,,,,,,,,,
MH_02_easy,V,complete,VALID,VALID,0.09375493993508284,1.0838189194455117,0.0362643468509708,39.39101823698729,3040,30400,2259,1.0,1.0,1.0,0,1,1,0.4102952424383097,-3.5162797364371946e-16,0.0,0.9999949999465392,0,0,True,20261002T180143Z-5407148a,/home/he/output/openvins_ltv_autonomous_20261002/runs/MH_02_easy-V-20261002T180143Z-5407148a.done,0,0.0,0.0,0,0.0,,,,,,,,,,,,,2220,0.9827357237715804,0.7302631578947368,2220,1.0,0.42347920690814095,3.747649853179308,1.1233205380902105,0.5894703532619456,1.9358888130737668,1.0599068411562804,0.00020151946143074102,0.00476562176737951,0.0005640527604282386,8.544991521097527e-05,0.0012661657135304776,0.00032772602398975373
MH_02_easy,GV,complete,VALID,VALID,0.09387909798218429,1.1022109949966525,0.03628665704313151,39.51504114293493,3040,30400,2259,1.0,1.0,1.0,0,1,1,0.41044625361382003,-3.5162797364371946e-16,0.0,0.9999949999455701,0,0,True,20261002T180223Z-a36ae867,/home/he/output/openvins_ltv_autonomous_20261002/runs/MH_02_easy-GV-20261002T180223Z-a36ae867.done,2196,0.9721115537848606,0.7223684210526315,2196,1.0,0.011036846014738087,0.15880883024902823,0.03794369356494363,0.015420309347686302,0.06955418801818042,0.03399850280996044,0.0016806516837722131,0.004622273933473907,0.0030373365976938366,1.6602163449727678e-05,8.288441834441274e-05,4.1719484592103707e-05,2220,0.9827357237715804,0.7302631578947368,2220,1.0,0.42338224857091233,3.747649853179308,1.122599290195121,0.5894021519968906,1.9358888130737668,1.0595664953558586,0.00020108844056966667,0.004754737434072553,0.0005634561525225976,8.526877872258404e-05,0.0012622462792849383,0.0003274407327627052
MH_03_medium,B,complete,VALID,VALID,0.14928164624251655,1.4874803124027525,0.05300513691070289,17.421243184013292,2700,27008,2311,1.0,1.0,1.0,0,0,,,,,,0,0,True,20261002T180303Z-d0295050,/home/he/output/openvins_ltv_autonomous_20261002/runs/MH_03_medium-B-20261002T180303Z-d0295050.done,0,0,0,0,0,,,,,,,,,,,,,0,0,0,0,0,,,,,,,,,,,,
MH_03_medium,P,complete,VALID,VALID,0.14928164624251655,1.4874803124027525,0.05300513691070289,37.65448049805127,2700,27008,2311,1.0,1.0,1.0,0,1,1,0.0,,0.0,0.9999949999148429,0,0,True,20261002T180321Z-c85abd2d,/home/he/output/openvins_ltv_autonomous_20261002/runs/MH_03_medium-P-20261002T180321Z-c85abd2d.done,0,0.0,0.0,0,0.0,,,,,,,,,,,,,0,0.0,0.0,0,0.0,,,,,,,,,,,,
MH_03_medium,G,complete,VALID,VALID,0.14903771648445954,1.47743787917526,0.05296744582214973,39.71303255786188,2700,27008,2311,1.0,1.0,1.0,0,1,1,0.4366909679346437,-2.503578919027315e-15,0.0,0.9999949999148429,0,0,True,20261002T180400Z-e28f7981,/home/he/output/openvins_ltv_autonomous_20261002/runs/MH_03_medium-G-20261002T180400Z-e28f7981.done,2248,0.972739073993942,0.8325925925925926,2248,1.0,0.14195642815206647,1.2560059921201934,0.49204497622471643,0.05242456692110744,0.1956031086152345,0.12242831888864644,0.0010046836137572552,0.0022759904702063898,0.001868461420934466,3.176344217107902e-05,0.00019210624579710483,7.881537485427003e-05,0,0.0,0.0,0,0.0,,,,,,,,,,,,
MH_03_medium,V,complete,VALID,VALID,0.15034202393885,1.4622005689512887,0.05308681004235442,39.9045903198421,2700,27008,2311,1.0,1.0,1.0,0,1,1,0.37158142211053713,-2.503578919027315e-15,0.0,0.9999949998490474,0,0,True,20261002T180440Z-d0dbb701,/home/he/output/openvins_ltv_autonomous_20261002/runs/MH_03_medium-V-20261002T180440Z-d0dbb701.done,0,0.0,0.0,0,0.0,,,,,,,,,,,,,2272,0.9831241886629165,0.8414814814814815,2272,1.0,2.1440564813635037,9.086197815479114,6.827784052615335,1.2480916810317548,3.01457410165245,2.613088768392399,0.0002631094881611174,0.001484867881424996,0.0006318382079732962,0.00027217385976119064,0.0023555139086220696,0.0008493446954583347
MH_03_medium,GV,complete,VALID,VALID,0.1502776681202134,1.4610532242571428,0.05309353312404794,39.3716765739955,2700,27008,2311,1.0,1.0,1.0,0,1,1,0.37006269348966486,-2.503578919027315e-15,0.0,0.9999949999148429,0,0,True,20261002T180521Z-d0bca3ea,/home/he/output/openvins_ltv_autonomous_20261002/runs/MH_03_medium-GV-20261002T180521Z-d0bca3ea.done,2248,0.972739073993942,0.8325925925925926,2248,1.0,0.14182101579584186,1.255771939797976,0.491804001100748,0.05239428010989841,0.1955848821724259,0.1223983417680191,0.0010016056587584421,0.0022758327025376814,0.0018656694830551882,3.1668059036740946e-05,0.00019182419037311804,7.861083803913988e-05,2272,0.9831241886629165,0.8414814814814815,2272,1.0,2.143470035213952,9.084549552839949,6.825787873205969,1.2479310712404008,3.014300200413207,2.6127067594095474,0.0002629803771303482,0.0014845613184536269,0.0006313244058513505,0.0002719505554073341,0.0023528771459689676,0.0008487477559315635
MH_04_difficult,B,complete,VALID,FAIL,12999.026971521169,120.40754531247201,546.560404786947,11.175474988063797,2032,20320,1919,1.0,1.0,1.0,0,0,,,,,,1,0,True,20261002T180601Z-661e1542,/home/he/output/openvins_ltv_autonomous_20261002/runs/MH_04_difficult-B-20261002T180601Z-661e1542.done,0,0,0,0,0,,,,,,,,,,,,,0,0,0,0,0,,,,,,,,,,,,
MH_04_difficult,P,complete,VALID,FAIL,12999.026971521169,120.40754531247201,546.560404786947,28.080201614880934,2032,20320,1919,1.0,1.0,1.0,0,1,1,0.0,,0.0,0.999994999923048,1,0,True,20261002T180612Z-f7fe06b1,/home/he/output/openvins_ltv_autonomous_20261002/runs/MH_04_difficult-P-20261002T180612Z-f7fe06b1.done,0,0.0,0.0,0,0.0,,,,,,,,,,,,,0,0.0,0.0,0,0.0,,,,,,,,,,,,
MH_04_difficult,G,complete,VALID,FAIL,1162.2042187319244,125.33916889542566,46.83412424767732,29.23867788305506,2032,20320,1919,1.0,1.0,1.0,0,1,1,29.226745080735252,-5.116604372435194e-11,1.3322676295501878e-15,0.9999949999398946,1,0,True,20261002T180641Z-1cc9c320,/home/he/output/openvins_ltv_autonomous_20261002/runs/MH_04_difficult-G-20261002T180641Z-1cc9c320.done,1881,0.9801980198019802,0.9256889763779528,1881,1.0,0.07155221257885952,0.3600265504471388,0.2420146209792767,0.04092003854972134,0.10727889207091774,0.08634396821327987,27.539545122387125,79.83825639945272,66.80031401206456,0.8548942835331735,2.8118915957363,2.2734000899390026,0,0.0,0.0,0,0.0,,,,,,,,,,,,
MH_04_difficult,V,complete,VALID,FAIL,11911.469257704635,151.4736244053914,543.6395174412081,28.368606737814844,2032,20320,1919,1.0,1.0,1.0,0,1,1,2.990403651320916,-1.922369823444803e-08,3.14321368932724e-09,0.9999949999126126,1,0,True,20261002T180711Z-7eab327a,/home/he/output/openvins_ltv_autonomous_20261002/runs/MH_04_difficult-V-20261002T180711Z-7eab327a.done,0,0.0,0.0,0,0.0,,,,,,,,,,,,,45,0.02344971339239187,0.02214566929133858,1900,0.02368421052631579,19624.913482460113,51766.21383124517,45917.506443406906,443.40360615331434,1075.23848846563,1009.2285642056046,0.3495781179090161,1.201762208251643,0.838495327929956,0.24793451534274166,1.7064748688166826,0.6680474730383539
MH_04_difficult,GV,complete,VALID,FAIL,1445.4046130292286,136.89706889357183,71.47035328137939,29.048627733951434,2032,20320,1919,1.0,1.0,1.0,0,1,1,60.32996693143739,-4.3687662807802886e-11,0.0,0.9999949999339364,1,0,True,20261002T180740Z-0646ec8b,/home/he/output/openvins_ltv_autonomous_20261002/runs/MH_04_difficult-GV-20261002T180740Z-0646ec8b.done,1880,0.979676915059927,0.9251968503937008,1880,1.0,1.7191846301861125,4.578609090493533,4.0675250458103225,0.21074807182051378,0.3737992456612097,0.35227334183200215,49.746385357233954,98.88846534962117,98.56444044541013,4.617676310275667,9.671589760846373,8.20348567317554,46,0.023970818134445022,0.022637795275590553,1900,0.024210526315789474,1184.4778715718944,1915.4796048557655,1851.6240896902277,66.25904603605389,92.75967949958135,92.2477906502733,0.3462306235555287,1.201762208251643,0.834759492908524,0.24427480975550678,1.7064748688166826,0.6613722079803183
MH_05_difficult,B,complete,VALID,VALID,0.27624237765064125,1.5295392850665062,0.061339712305172996,13.500180757138878,2273,22721,1849,1.0,1.0,1.0,0,0,,,,,,0,0,True,20261002T180810Z-58d8ecea,/home/he/output/openvins_ltv_autonomous_20261002/runs/MH_05_difficult-B-20261002T180810Z-58d8ecea.done,0,0,0,0,0,,,,,,,,,,,,,0,0,0,0,0,,,,,,,,,,,,
MH_05_difficult,P,complete,VALID,VALID,0.27624237765064125,1.5295392850665062,0.061339712305172996,29.783536728005856,2273,22721,1849,1.0,1.0,1.0,0,1,1,0.0,,0.0,0.9999949998856287,0,0,True,20261002T180824Z-6adb4f8b,/home/he/output/openvins_ltv_autonomous_20261002/runs/MH_05_difficult-P-20261002T180824Z-6adb4f8b.done,0,0.0,0.0,0,0.0,,,,,,,,,,,,,0,0.0,0.0,0,0.0,,,,,,,,,,,,
MH_05_difficult,G,complete,VALID,VALID,0.2764663006660057,1.5299118486610586,0.06130290223159361,31.582299920963123,2273,22721,1849,1.0,1.0,1.0,0,1,1,0.20117397101742526,-1.8580044260387577e-15,1.0842021724855044e-19,0.9999949999309722,0,0,True,20261002T180854Z-11d6af6e,/home/he/output/openvins_ltv_autonomous_20261002/runs/MH_05_difficult-G-20261002T180854Z-11d6af6e.done,1777,0.961060032449973,0.7817861856577211,1777,1.0,0.050476193555822196,0.430601531180695,0.17237337427486896,0.03305495811032208,0.11453167795919712,0.07246366433528129,0.0017567693507082767,0.003711091196466976,0.0030076828446726467,4.1539489639654895e-05,0.0001842159592695954,0.00012902968601987563,0,0.0,0.0,0,0.0,,,,,,,,,,,,
MH_05_difficult,V,complete,VALID,VALID,0.26576220883371326,1.4933977824930738,0.0608428388681093,31.3780972850509,2273,22721,1849,1.0,1.0,1.0,0,1,1,0.1823192984354648,-1.8580044260387577e-15,0.0,0.9999949999164787,0,0,True,20261002T180926Z-76bd9cc1,/home/he/output/openvins_ltv_autonomous_20261002/runs/MH_05_difficult-V-20261002T180926Z-76bd9cc1.done,0,0.0,0.0,0,0.0,,,,,,,,,,,,,1802,0.9745808545159546,0.7927848658161021,1802,1.0,1.5209616663640142,10.842113443161947,4.786550996641304,1.1044449833671839,3.2929644477865625,2.1878786985468923,0.0004093835684202783,0.002334467365743165,0.0007769773276881664,0.00039275722087478323,0.0031168921182098386,0.0010487559964652542
MH_05_difficult,GV,complete,VALID,VALID,0.2656543817137958,1.4914056294089402,0.06079117725271255,31.410465428838506,2273,22721,1849,1.0,1.0,1.0,0,1,1,0.18321892116460095,-1.8580044260387577e-15,0.0,0.9999949999233055,0,0,True,20261002T180958Z-c6af5738,/home/he/output/openvins_ltv_autonomous_20261002/runs/MH_05_difficult-GV-20261002T180958Z-c6af5738.done,1777,0.961060032449973,0.7817861856577211,1777,1.0,0.05037636083746249,0.4300152214391477,0.17222028913642407,0.03302911404740028,0.11445367651733637,0.07243170781674867,0.0017519759599129768,0.003706304663506356,0.0029978042483024114,4.1389977707264256e-05,0.00018374602351429643,0.00012827939034784847,1802,0.9745808545159546,0.7927848658161021,1802,1.0,1.5205413616037855,10.837336474244077,4.785475336967351,1.1043053955179805,3.2922388374797995,2.1876328262174267,0.0004089921719173214,0.002333445458375347,0.0007765798369756703,0.0003922642373110969,0.003111626336000213,0.0010473227670103782
V1_01_easy,B,complete,VALID,VALID,0.0642531648464146,5.35427907549927,0.02539313213227574,19.553600665880367,2912,29120,2800,1.0,1.0,1.0,0,0,,,,,,0,0,True,20261002T181030Z-8a21222a,/home/he/output/openvins_ltv_autonomous_20261002/runs/V1_01_easy-B-20261002T181030Z-8a21222a.done,0,0,0,0,0,,,,,,,,,,,,,0,0,0,0,0,,,,,,,,,,,,
V1_01_easy,P,complete,VALID,VALID,0.0642531648464146,5.35427907549927,0.02539313213227574,43.95099347294308,2912,29120,2800,1.0,1.0,1.0,0,1,1,0.0,,0.0,0.999994999919752,0,0,True,20261002T181051Z-359fbec4,/home/he/output/openvins_ltv_autonomous_20261002/runs/V1_01_easy-P-20261002T181051Z-359fbec4.done,0,0.0,0.0,0,0.0,,,,,,,,,,,,,0,0.0,0.0,0,0.0,,,,,,,,,,,,
V1_01_easy,G,complete,VALID,VALID,0.06426113685777468,5.35432499847211,0.02539329668538267,46.896960007958114,2912,29120,2800,1.0,1.0,1.0,0,1,1,0.0617185836319601,-2.750601655005785e-17,1.3552527156068805e-19,0.9999949998826481,0,0,True,20261002T181135Z-ebecbd64,/home/he/output/openvins_ltv_autonomous_20261002/runs/V1_01_easy-G-20261002T181135Z-ebecbd64.done,2757,0.9846428571428572,0.946771978021978,2757,1.0,0.015257400972470286,0.11398108956167208,0.04731208679285432,0.018820544187732054,0.05892447535209385,0.03796346061754236,0.0003602733154960783,0.002154609235459411,0.0006257888249270867,4.639699572158187e-06,3.892461247900778e-05,1.143428548552352e-05,0,0.0,0.0,0,0.0,,,,,,,,,,,,
V1_01_easy,V,complete,VALID,VALID,0.0644087835555488,5.354463564680404,0.0254102212168477,46.652535600122064,2912,29120,2800,1.0,1.0,1.0,0,1,1,0.06170485163914173,-2.996935838695649e-17,0.0,0.9999949999136998,0,0,True,20261002T181223Z-81142d0d,/home/he/output/openvins_ltv_autonomous_20261002/runs/V1_01_easy-V-20261002T181223Z-81142d0d.done,0,0.0,0.0,0,0.0,,,,,,,,,,,,,2781,0.9932142857142857,0.9550137362637363,2781,1.0,0.25153254423602195,4.613822249050416,0.666343000559324,0.4479362076670188,2.1479960200836556,0.8163024554568314,3.508267378611744e-05,0.00011685921580533497,6.812712114662743e-05,1.2276872853842133e-05,9.437858380574302e-05,3.7428377288184975e-05
V1_01_easy,GV,complete,VALID,VALID,0.06441678753557188,5.354507488123523,0.025410410022753648,46.90981731307693,2912,29120,2800,1.0,1.0,1.0,0,1,1,0.06164670261149539,-3.2500255130717834e-17,0.0,0.999994999874782,0,0,True,20261002T181310Z-13f24824,/home/he/output/openvins_ltv_autonomous_20261002/runs/V1_01_easy-GV-20261002T181310Z-13f24824.done,2757,0.9846428571428572,0.946771978021978,2757,1.0,0.015256279710788731,0.1139802522002417,0.04731417092946345,0.0188197789736137,0.05892425891301154,0.03796429685730991,0.00036025781516092466,0.0021546036349079103,0.0006257727121734288,4.639309707369451e-06,3.8926424198504786e-05,1.1432891086908464e-05,2781,0.9932142857142857,0.9550137362637363,2781,1.0,0.2515184858713952,4.613822249050416,0.6662916452835008,0.4479236904383042,2.1479960200836556,0.8162709981093821,3.506977237937594e-05,0.00011685921580533497,6.811522489333999e-05,1.2272772721679925e-05,9.437858380574302e-05,3.741943130058401e-05
V1_02_medium,B,complete,VALID,VALID,0.06818795827882115,1.998361721964132,0.033361540775080814,11.26857519079931,1710,17100,1611,1.0,1.0,1.0,0,0,,,,,,0,1,True,20261002T181358Z-a603b92a,/home/he/output/openvins_ltv_autonomous_20261002/runs/V1_02_medium-B-20261002T181358Z-a603b92a.done,0,0,0,0,0,,,,,,,,,,,,,0,0,0,0,0,,,,,,,,,,,,
V1_02_medium,P,complete,VALID,VALID,0.06818795827882115,1.998361721964132,0.033361540775080814,25.769673597067595,1710,17100,1611,1.0,1.0,1.0,0,1,1,0.0,,0.0,0.9999949999261623,0,1,True,20261002T181409Z-f4bfa71a,/home/he/output/openvins_ltv_autonomous_20261002/runs/V1_02_medium-P-20261002T181409Z-f4bfa71a.done,0,0.0,0.0,0,0.0,,,,,,,,,,,,,0,0.0,0.0,0,0.0,,,,,,,,,,,,
V1_02_medium,G,complete,VALID,VALID,0.0682450154586196,1.997634667451886,0.03335942861275112,27.186757531017065,1710,17100,1611,1.0,1.0,1.0,0,1,1,0.0741993175515435,-3.709335700858119e-15,8.131516293641283e-20,0.999994999938414,0,1,True,20261002T181436Z-a65b6e3e,/home/he/output/openvins_ltv_autonomous_20261002/runs/V1_02_medium-G-20261002T181436Z-a65b6e3e.done,1508,0.936064556176288,0.8818713450292398,1508,1.0,0.12218453641853827,0.8414999713658528,0.33529891941593826,0.05451531845110956,0.16010520754056404,0.1010637404106894,0.00034193641193198656,0.0020206900829408125,0.0010750050072691059,1.1131237291159692e-05,7.316757982782506e-05,3.492357841682157e-05,0,0.0,0.0,0,0.0,,,,,,,,,,,,
V1_02_medium,V,complete,VALID,VALID,0.06783920844727488,1.9933962015090119,0.03309655381725991,27.12381705502048,1710,17100,1611,1.0,1.0,1.0,0,1,1,0.07298094594374455,-3.709335700858119e-15,0.0,0.9999949998132298,0,1,True,20261002T181504Z-77a2394f,/home/he/output/openvins_ltv_autonomous_20261002/runs/V1_02_medium-V-20261002T181504Z-77a2394f.done,0,0.0,0.0,0,0.0,,,,,,,,,,,,,1532,0.9509621353196772,0.895906432748538,1532,1.0,1.3370936085437377,4.548248105549898,3.0575510849943996,1.0577111649150348,2.132672580819826,1.7486284130792173,6.700706580988276e-05,0.00019422764660739666,0.0001417001020763099,6.375490954341685e-05,0.00028465907410102104,0.000182380831719112
V1_02_medium,GV,complete,VALID,VALID,0.06806325497709438,1.992788770925234,0.03310596956275642,27.3648251069244,1710,17100,1611,1.0,1.0,1.0,0,1,1,0.07318216950736542,-3.709335700858119e-15,0.0,0.9999949998132298,0,1,True,20261002T181531Z-782348c1,/home/he/output/openvins_ltv_autonomous_20261002/runs/V1_02_medium-GV-20261002T181531Z-782348c1.done,1508,0.936064556176288,0.8818713450292398,1508,1.0,0.1221346950645948,0.8415399882077693,0.3352365385525674,0.054503287568050125,0.16010901432612032,0.10105433729413678,0.00034181113518373776,0.0020206186875176987,0.001074451749083227,1.1123246586305748e-05,7.315309757773266e-05,3.485568273483711e-05,1532,0.9509621353196772,0.895906432748538,1532,1.0,1.3368641944767041,4.548248105549898,3.0568632921065535,1.057622334283769,2.132672580819826,1.7484317125470696,6.697937861390036e-05,0.0001938276429705533,0.0001416597404954461,6.371703872011293e-05,0.0002845796725296727,0.00018230405715508676
V1_03_difficult,B,complete,VALID,VALID,0.04189056911007757,2.547574545054984,0.037284278576059295,13.621358165051788,2149,21500,2005,1.0,1.0,1.0,0,0,,,,,,0,0,True,20261002T181559Z-393c2983,/home/he/output/openvins_ltv_autonomous_20261002/runs/V1_03_difficult-B-20261002T181559Z-393c2983.done,0,0,0,0,0,,,,,,,,,,,,,0,0,0,0,0,,,,,,,,,,,,
V1_03_difficult,P,complete,VALID,VALID,0.04189056911007757,2.547574545054984,0.037284278576059295,31.040039171930403,2149,21500,2005,1.0,1.0,1.0,0,1,1,0.0,,0.0,0.9999949998595763,0,0,True,20261002T181614Z-cac455b9,/home/he/output/openvins_ltv_autonomous_20261002/runs/V1_03_difficult-P-20261002T181614Z-cac455b9.done,0,0.0,0.0,0,0.0,,,,,,,,,,,,,0,0.0,0.0,0,0.0,,,,,,,,,,,,
V1_03_difficult,G,complete,VALID,VALID,0.041866947054666655,2.5453368676949886,0.03729219868679093,32.984132607933134,2149,21500,2005,1.0,1.0,1.0,0,1,1,0.07386749538807684,-3.0209321093329203e-15,8.131516293641283e-20,0.9999949999231101,0,0,True,20261002T181645Z-b7e5234e,/home/he/output/openvins_ltv_autonomous_20261002/runs/V1_03_difficult-G-20261002T181645Z-b7e5234e.done,1904,0.9496259351620948,0.8859934853420195,1904,1.0,0.08146887079793032,0.4833434339995806,0.2693421635147381,0.04330766282584712,0.12134094731434869,0.09057962700392418,0.0004695980199233746,0.0024100710473913076,0.00187647671383989,1.3276573326475111e-05,0.00011723195775921854,6.607335479198628e-05,0,0.0,0.0,0,0.0,,,,,,,,,,,,
V1_03_difficult,V,complete,VALID,VALID,0.04214874472021949,2.5678962608018696,0.037433936951123015,33.132021391997114,2149,21500,2005,1.0,1.0,1.0,0,1,1,0.07526178269695621,-3.0209321093329203e-15,0.0,0.9999949999102005,0,0,True,20261002T181719Z-e8f7b7dc,/home/he/output/openvins_ltv_autonomous_20261002/runs/V1_03_difficult-V-20261002T181719Z-e8f7b7dc.done,0,0.0,0.0,0,0.0,,,,,,,,,,,,,1928,0.9615960099750623,0.8971614704513727,1928,1.0,0.8188777013281989,4.91532799346699,2.3361768766000988,0.8134476822707055,2.2170755398969124,1.528485237945209,7.857922712688183e-05,0.0006834505390438429,0.00015405103721573122,5.150848340509625e-05,0.0003859146395307579,0.00016315103085253065
V1_03_difficult,GV,complete,VALID,VALID,0.04216066638841973,2.567604272637121,0.03744359713740225,32.98490016092546,2149,21500,2005,1.0,1.0,1.0,0,1,1,0.07527328239248648,-3.0209321093329203e-15,0.0,0.9999949999299066,0,0,True,20261002T181753Z-f754c99e,/home/he/output/openvins_ltv_autonomous_20261002/runs/V1_03_difficult-GV-20261002T181753Z-f754c99e.done,1904,0.9496259351620948,0.8859934853420195,1904,1.0,0.08143718474406281,0.4833644053530509,0.2690340517129793,0.04329967666534812,0.12134357961968406,0.09052846992801641,0.00046941083883726703,0.002410021262410781,0.0018743629633294829,1.3265481276069249e-05,0.00011720214376038792,6.594878937360905e-05,1928,0.9615960099750623,0.8971614704513727,1928,1.0,0.8187598305116297,4.91532799346699,2.3354211469518074,0.8133969382406673,2.2170755398969124,1.5282378204489067,7.854447232402075e-05,0.0006833372658913561,0.00015403052395939805,5.147788574086157e-05,0.0003853795160271064,0.00016311130610997243
V2_01_easy,B,complete,VALID,VALID,0.17458065614176158,4.581475278882122,0.06095014113589621,14.874474460957572,2280,22800,2181,1.0,1.0,1.0,0,0,,,,,,0,0,True,20261002T181826Z-c1c119a6,/home/he/output/openvins_ltv_autonomous_20261002/runs/V2_01_easy-B-20261002T181826Z-c1c119a6.done,0,0,0,0,0,,,,,,,,,,,,,0,0,0,0,0,,,,,,,,,,,,
V2_01_easy,P,complete,VALID,VALID,0.17458065614176158,4.581475278882122,0.06095014113589621,33.73743156902492,2280,22800,2181,1.0,1.0,1.0,0,1,1,0.0,,0.0,0.9999949977198125,0,0,True,20261002T181842Z-16ca9acb,/home/he/output/openvins_ltv_autonomous_20261002/runs/V2_01_easy-P-20261002T181842Z-16ca9acb.done,0,0.0,0.0,0,0.0,,,,,,,,,,,,,0,0.0,0.0,0,0.0,,,,,,,,,,,,
V2_01_easy,G,complete,VALID,VALID,0.17452358012138,4.582156105760982,0.06092588684740804,35.64848607312888,2280,22800,2181,1.0,1.0,1.0,0,1,1,0.9524426441487194,-5.417293009995312e-17,1.0842021724855044e-19,0.9999949991631257,0,0,True,20261002T181916Z-c3bf8f7c,/home/he/output/openvins_ltv_autonomous_20261002/runs/V2_01_easy-G-20261002T181916Z-c3bf8f7c.done,2118,0.9711141678129298,0.9289473684210526,2118,1.0,0.00860299914663148,0.063589037677408,0.02517947073496014,0.014095725303849694,0.044012166217082524,0.027695179817732427,0.00046792281950286255,0.0026803861314701554,0.002168952912601555,4.39102036693681e-06,3.2958625702090955e-05,1.3849100068276364e-05,0,0.0,0.0,0,0.0,,,,,,,,,,,,
V2_01_easy,V,complete,VALID,VALID,0.1724156279905,4.517153741285344,0.0605638385326457,35.862217664020136,2280,22800,2181,1.0,1.0,1.0,0,1,1,0.9524834516150255,-5.417293009995312e-17,0.0,0.9999949998370506,0,0,True,20261002T181952Z-52dd30a6,/home/he/output/openvins_ltv_autonomous_20261002/runs/V2_01_easy-V-20261002T181952Z-52dd30a6.done,0,0.0,0.0,0,0.0,,,,,,,,,,,,,2142,0.9821182943603851,0.9394736842105263,2142,1.0,0.1777109930895987,3.846608770171394,0.4781734918668168,0.3640190280888226,1.9612978030132648,0.6915078082224889,8.46329391639751e-05,0.004819330683342805,9.756965441082913e-05,2.0998467974943584e-05,0.0013871254917823628,3.4854825465924146e-05
V2_01_easy,GV,complete,VALID,VALID,0.17240537871598427,4.519700594021868,0.060552592678798325,35.85877688205801,2280,22800,2181,1.0,1.0,1.0,0,1,1,0.9513233184993259,-5.417293009995312e-17,0.0,0.9999949999453905,0,0,True,20261002T182029Z-269b0769,/home/he/output/openvins_ltv_autonomous_20261002/runs/V2_01_easy-GV-20261002T182029Z-269b0769.done,2118,0.9711141678129298,0.9289473684210526,2118,1.0,0.008595055089407277,0.06359314026869811,0.025175597556149572,0.014088880593280341,0.04401358596938973,0.027693049052368315,0.0004666380184610801,0.002640663936975361,0.0021689522024836575,4.377036536670638e-06,3.2949961451531175e-05,1.3837382917981179e-05,2142,0.9821182943603851,0.9394736842105263,2142,1.0,0.17770875125584396,3.846608770171394,0.47822005749995633,0.3640132698882462,1.9612978030132648,0.6915414744654039,8.461533686160304e-05,0.0048162162354218685,9.679451817986926e-05,2.0977694768402602e-05,0.0013839157232273407,3.484942761039055e-05
V2_02_medium,B,complete,VALID,VALID,0.05197520957067538,1.3639876647236366,0.0401186427618918,15.721823835978284,2348,23490,2266,1.0,1.0,1.0,0,0,,,,,,0,0,True,20261002T182105Z-a5c3b393,/home/he/output/openvins_ltv_autonomous_20261002/runs/V2_02_medium-B-20261002T182105Z-a5c3b393.done,0,0,0,0,0,,,,,,,,,,,,,0,0,0,0,0,,,,,,,,,,,,
V2_02_medium,P,complete,VALID,VALID,0.05197520957067538,1.3639876647236366,0.0401186427618918,35.291603229008615,2348,23490,2266,1.0,1.0,1.0,0,1,1,0.0,,0.0,0.9999949999571036,0,0,True,20261002T182122Z-4d753f6c,/home/he/output/openvins_ltv_autonomous_20261002/runs/V2_02_medium-P-20261002T182122Z-4d753f6c.done,0,0.0,0.0,0,0.0,,,,,,,,,,,,,0,0.0,0.0,0,0.0,,,,,,,,,,,,
V2_02_medium,G,complete,VALID,VALID,0.051996949250356445,1.3639179420525698,0.04012342402611965,37.36248974199407,2348,23490,2266,1.0,1.0,1.0,0,1,1,0.0940099078774182,-1.1412837911559812e-16,0.0,0.999994999928795,0,0,True,20261002T182158Z-db8dd427,/home/he/output/openvins_ltv_autonomous_20261002/runs/V2_02_medium-G-20261002T182158Z-db8dd427.done,2183,0.9633715798764343,0.9297274275979557,2183,1.0,0.06510716068122399,0.588780614512938,0.24177208994907784,0.0377222598260298,0.1339232696910535,0.08581869069146685,0.00028604187112785866,0.002216729172027014,0.00042749837836649835,7.963770546462884e-06,0.0001238900389352529,2.1961783711511545e-05,0,0.0,0.0,0,0.0,,,,,,,,,,,,
V2_02_medium,V,complete,VALID,VALID,0.051759580437544674,1.359624851255078,0.040099865074634054,37.656869721831754,2348,23490,2266,1.0,1.0,1.0,0,1,1,0.09421145933056992,-1.1412837911559812e-16,0.0,0.9999949999576866,0,0,True,20261002T182236Z-f51e884a,/home/he/output/openvins_ltv_autonomous_20261002/runs/V2_02_medium-V-20261002T182236Z-f51e884a.done,0,0.0,0.0,0,0.0,,,,,,,,,,,,,2207,0.9739629302736099,0.9399488926746167,2207,1.0,0.7924127959195668,4.950820134309659,2.4282558921296724,0.7773679314975682,2.2250717271128093,1.5583171222079533,6.020507671083147e-05,0.0002441619030898419,0.00011648428777565272,4.160356760300469e-05,0.0003192859299999324,0.0001240135222270074
V2_02_medium,GV,complete,VALID,VALID,0.05178201608343899,1.3595591380952918,0.040104955509926724,37.504610120086,2348,23490,2266,1.0,1.0,1.0,0,1,1,0.09422122898996173,-1.1412837911559812e-16,0.0,0.999994999953382,0,0,True,20261002T182314Z-15247793,/home/he/output/openvins_ltv_autonomous_20261002/runs/V2_02_medium-GV-20261002T182314Z-15247793.done,2183,0.9633715798764343,0.9297274275979557,2183,1.0,0.06508416548741498,0.5886921732705028,0.24182154057992916,0.03771652095999555,0.13391321090786498,0.08582746551478959,0.0002859918341094502,0.002216502282165182,0.0004273694724481172,7.959694586301427e-06,0.0001237038265058969,2.1954316104479598e-05,2207,0.9739629302736099,0.9399488926746167,2207,1.0,0.7923316742617341,4.9506423842894005,2.4274514346558402,0.7773306030395675,2.2250317804355073,1.5580590715049796,6.01893453760201e-05,0.000244121814436854,0.00011645363913540116,4.158799290318973e-05,0.00031908845534187204,0.00012394577930589725
V2_03_difficult,B,complete,VALID,VALID,0.20742761529144607,1.4360633525720776,0.06710461717404943,12.655139168957248,1921,23370,1806,1.0,1.0,1.0,0,0,,,,,,1,415,True,20261002T182352Z-1a54b204,/home/he/output/openvins_ltv_autonomous_20261002/runs/V2_03_difficult-B-20261002T182352Z-1a54b204.done,0,0,0,0,0,,,,,,,,,,,,,0,0,0,0,0,,,,,,,,,,,,
V2_03_difficult,P,complete,VALID,VALID,0.20742761529144607,1.4360633525720776,0.06710461717404943,32.230445069028065,1921,23370,1806,1.0,1.0,1.0,0,1,1,0.0,,0.0,0.9999899998871357,1,415,True,20261002T182405Z-7c183ce2,/home/he/output/openvins_ltv_autonomous_20261002/runs/V2_03_difficult-P-20261002T182405Z-7c183ce2.done,0,0.0,0.0,0,0.0,,,,,,,,,,,,,0,0.0,0.0,0,0.0,,,,,,,,,,,,
V2_03_difficult,G,complete,VALID,VALID,0.20716230797474133,1.4338045643077975,0.06713666677890834,33.59781469521113,1921,23370,1806,1.0,1.0,1.0,0,1,1,0.10004100174370024,-3.450752343387383e-17,5.421010862427522e-20,0.9999899999911788,1,415,True,20261002T182438Z-30397f67,/home/he/output/openvins_ltv_autonomous_20261002/runs/V2_03_difficult-G-20261002T182438Z-30397f67.done,1380,0.7641196013289037,0.7183758459135867,1380,1.0,0.08157517829027981,0.7578793830512642,0.29645181368517265,0.04261253186163235,0.1519433474059417,0.09502909407799294,0.00042861615422120107,0.002414824463395702,0.0007672159042431244,1.2242224339574868e-05,7.89455757113971e-05,3.654122777155346e-05,0,0.0,0.0,0,0.0,,,,,,,,,,,,
V2_03_difficult,V,complete,VALID,VALID,0.209169851963584,1.4659402690719765,0.06716679473130185,33.466742895077914,1921,23370,1806,1.0,1.0,1.0,0,1,1,0.1959362130079203,-3.450752343387383e-17,0.0,0.9999899999906153,1,415,True,20261002T182512Z-55f319b6,/home/he/output/openvins_ltv_autonomous_20261002/runs/V2_03_difficult-V-20261002T182512Z-55f319b6.done,0,0.0,0.0,0,0.0,,,,,,,,,,,,,1404,0.7774086378737541,0.7308693388859969,1404,1.0,0.9564955707312185,6.160374039201283,3.037347131455937,0.8556857964718997,2.4820624404731113,1.7428333085735455,0.00011163306614737544,0.0004598874778029524,0.00022167329135044738,7.855611513366211e-05,0.0005236152666874789,0.0002693361240699677
V2_03_difficult,GV,complete,VALID,VALID,0.20921699371009694,1.4667439798745636,0.06717796732157366,33.644818138098344,1921,23370,1806,1.0,1.0,1.0,0,1,1,0.1959362130079203,-3.450752343387383e-17,0.0,0.9999899999303165,1,415,True,20261002T182547Z-d806a062,/home/he/output/openvins_ltv_autonomous_20261002/runs/V2_03_difficult-GV-20261002T182547Z-d806a062.done,1380,0.7641196013289037,0.7183758459135867,1380,1.0,0.08153512108433195,0.7578158362556708,0.2966013475052031,0.04260033156729118,0.1519369769059585,0.09505305976538009,0.0004272753024502155,0.002414530564794576,0.0007669515092458114,1.2194302022005465e-05,7.891483043625155e-05,3.6508323367013135e-05,1404,0.7774086378737541,0.7308693388859969,1404,1.0,0.9564089255399743,6.159750480425373,3.0364827370003336,0.8556473823584065,2.481936814391942,1.742585272531642,0.00011161485401912482,0.0004598874778029524,0.00022166640683017312,7.854044407172189e-05,0.0005236247524407804,0.000269275611138131
