alpha,ate_rmse_m,audit,baseline_support,conditional_ate_rmse_m,coverage,estimated_rows,exit_code,gate_reason_counts,gt_coverage,initialization_delta_s,landmark_information,mode,output_dir,position_error_max_m,position_error_p95_m,reason,relative_off_percent,relative_reference_percent,run_id,samples,sequence,status,svd_horn_difference_m,tail_position_rmse_m,threading
1,0.6856007258609963,"{'errors': [], 'actual_G': 0, 'actual_V': 0, 'actual_L': 0, 'output_rows': 3955, 'camera_packets': 4162}",529,0.6856007258609963,1.0,3955,0,,0.13375474083438685,0.0,,OFF,/tmp/ltv_gain_scan_20261009/w0/results/w0_full_indoor_forward_5_OFF_1_20261009T022612_973ef9d7,1.134255238224458,1.0048399547985314,,0.0,0.0,w0_full_indoor_forward_5_OFF_1_20261009T022612_973ef9d7,529,indoor_forward_5,VALID_FULL_MATCHED,6.661338147750939e-16,0.7237566001832939,"{'actual_opencv_threads': 4, 'verification': 'inferred from frozen num_opencv_threads=4 and original VioManager constructor; post-construction metadata was absent', 'cpu_affinity_per_worker': 4}"
1,0.6858770574463947,"{'errors': [], 'actual_G': 1519, 'actual_V': 0, 'actual_L': 0, 'output_rows': 3955, 'camera_packets': 4162}",529,0.6858770574463947,1.0,3955,0,"{'G_reason:disabled': 207, 'V_reason:disabled': 4162, 'G_reason:warmup_or_core_invalid': 656, 'G_reason:not_ready_G': 1780, 'G_reason:accepted': 1519}",0.13375474083438685,0.0,,G,/tmp/ltv_gain_scan_20261009/w0/results/w0_full_indoor_forward_5_G_1_20261009T022704_199dbc5a,1.1346996156557387,1.005221880132783,,0.04030503104432981,0.0,w0_full_indoor_forward_5_G_1_20261009T022704_199dbc5a,529,indoor_forward_5,VALID_FULL_MATCHED,1.3322676295501878e-15,0.7238604181141249,"{'actual_opencv_threads': 4, 'verification': 'inferred from frozen num_opencv_threads=4 and original VioManager constructor; post-construction metadata was absent', 'cpu_affinity_per_worker': 4}"
1,0.6856216793851737,"{'errors': [], 'actual_G': 0, 'actual_V': 693, 'actual_L': 0, 'output_rows': 3955, 'camera_packets': 4162}",529,0.6856216793851737,1.0,3955,0,"{'G_reason:disabled': 4162, 'V_reason:disabled': 207, 'V_reason:warmup_or_core_invalid': 653, 'V_reason:not_ready_V': 2609, 'V_reason:accepted': 693}",0.13375474083438685,0.0,,V,/tmp/ltv_gain_scan_20261009/w1/results/w1_full_indoor_forward_5_V_1_20261009T022704_8cc33514,1.1342776338768739,1.0048603974248846,,0.0030562284121016248,0.0,w1_full_indoor_forward_5_V_1_20261009T022704_8cc33514,529,indoor_forward_5,VALID_FULL_MATCHED,2.6645352591003757e-15,0.7237532962961166,"{'actual_opencv_threads': 4, 'verification': 'inferred from frozen num_opencv_threads=4 and original VioManager constructor; post-construction metadata was absent', 'cpu_affinity_per_worker': 4}"
1,0.6858976563766918,"{'errors': [], 'actual_G': 1519, 'actual_V': 693, 'actual_L': 0, 'output_rows': 3955, 'camera_packets': 4162}",529,0.6858976563766918,1.0,3955,0,"{'G_reason:disabled': 207, 'V_reason:disabled': 207, 'G_reason:warmup_or_core_invalid': 653, 'V_reason:warmup_or_core_invalid': 653, 'G_reason:not_ready_G': 1783, 'V_reason:not_ready_V': 2609, 'G_reason:accepted': 1519, 'V_reason:accepted': 693}",0.13375474083438685,0.0,,GV,/tmp/ltv_gain_scan_20261009/w2/results/w2_full_indoor_forward_5_GV_1_20261009T022704_accd5a77,1.1347218899902105,1.0052412442658563,,0.04330953928359804,0.0,w2_full_indoor_forward_5_GV_1_20261009T022704_accd5a77,529,indoor_forward_5,VALID_FULL_MATCHED,3.774758283725532e-15,0.7238544822826123,"{'actual_opencv_threads': 4, 'verification': 'inferred from frozen num_opencv_threads=4 and original VioManager constructor; post-construction metadata was absent', 'cpu_affinity_per_worker': 4}"
1,0.6855519932261562,"{'errors': [], 'actual_G': 0, 'actual_V': 0, 'actual_L': 692, 'output_rows': 3955, 'camera_packets': 4162}",529,0.6855519932261562,1.0,3955,0,"{'G_reason:disabled': 4162, 'V_reason:disabled': 4162}",0.13375474083438685,0.0,"{'count': 3955, 'total': 0.04435509716525018, 'maximum': 0.0004852450540661187}",L,/tmp/ltv_gain_scan_20261009/w3/results/w3_full_indoor_forward_5_L_1_20261009T022704_beb10993,1.1342006099298005,1.0047793583859843,,-0.0071080197266204515,0.0,w3_full_indoor_forward_5_L_1_20261009T022704_beb10993,529,indoor_forward_5,VALID_FULL_MATCHED,4.440892098500626e-16,0.7237624519296073,"{'actual_opencv_threads': 4, 'verification': 'inferred from frozen num_opencv_threads=4 and original VioManager constructor; post-construction metadata was absent', 'cpu_affinity_per_worker': 4}"
1,0.6858462430395674,"{'errors': [], 'actual_G': 1519, 'actual_V': 693, 'actual_L': 692, 'output_rows': 3955, 'camera_packets': 4162}",529,0.6858462430395674,1.0,3955,0,"{'G_reason:disabled': 207, 'V_reason:disabled': 207, 'G_reason:warmup_or_core_invalid': 653, 'V_reason:warmup_or_core_invalid': 653, 'G_reason:not_ready_G': 1783, 'V_reason:not_ready_V': 2609, 'G_reason:accepted': 1519, 'V_reason:accepted': 693}",0.13375474083438685,0.0,"{'count': 3955, 'total': 0.044232255449228736, 'maximum': 0.00048286384015828185}",L_GV,/tmp/ltv_gain_scan_20261009/w0/results/w0_full_indoor_forward_5_L_GV_1_20261009T022900_842b8a0b,1.1346636077598002,1.0051781583461112,,0.035810519054346734,0.0,w0_full_indoor_forward_5_L_GV_1_20261009T022900_842b8a0b,529,indoor_forward_5,VALID_FULL_MATCHED,2.220446049250313e-16,0.723852063050726,"{'actual_opencv_threads': 4, 'verification': 'inferred from frozen num_opencv_threads=4 and original VioManager constructor; post-construction metadata was absent', 'cpu_affinity_per_worker': 4}"
1,0.41267035244225225,"{'errors': [], 'actual_G': 0, 'actual_V': 0, 'actual_L': 0, 'output_rows': 1781, 'camera_packets': 1970}",816,0.41267035244225225,1.0,1781,0,,0.45816956765861877,0.0,,OFF,/tmp/ltv_gain_scan_20261009/w1/results/w1_full_indoor_forward_6_OFF_1_20261009T022612_71a8bc18,1.4991255510660932,0.7544805026642559,,0.0,0.0,w1_full_indoor_forward_6_OFF_1_20261009T022612_71a8bc18,816,indoor_forward_6,VALID_FULL_MATCHED,1.6653345369377348e-16,0.23301276225463136,"{'actual_opencv_threads': 4, 'verification': 'inferred from frozen num_opencv_threads=4 and original VioManager constructor; post-construction metadata was absent', 'cpu_affinity_per_worker': 4}"
1,0.41266488832119536,"{'errors': [], 'actual_G': 279, 'actual_V': 0, 'actual_L': 0, 'output_rows': 1781, 'camera_packets': 1970}",816,0.41266488832119536,1.0,1781,0,"{'G_reason:disabled': 189, 'V_reason:disabled': 1970, 'G_reason:warmup_or_core_invalid': 1266, 'G_reason:not_ready_G': 236, 'G_reason:accepted': 279}",0.45816956765861877,0.0,,G,/tmp/ltv_gain_scan_20261009/w1/results/w1_full_indoor_forward_6_G_1_20261009T022900_f6cc8821,1.4997965154659674,0.7541158271138153,,-0.0013240885914256317,0.0,w1_full_indoor_forward_6_G_1_20261009T022900_f6cc8821,816,indoor_forward_6,VALID_FULL_MATCHED,5.551115123125783e-16,0.23294942695629345,"{'actual_opencv_threads': 4, 'verification': 'inferred from frozen num_opencv_threads=4 and original VioManager constructor; post-construction metadata was absent', 'cpu_affinity_per_worker': 4}"
1,0.41267716831475965,"{'errors': [], 'actual_G': 0, 'actual_V': 127, 'actual_L': 0, 'output_rows': 1781, 'camera_packets': 1970}",816,0.41267716831475965,1.0,1781,0,"{'G_reason:disabled': 1970, 'V_reason:disabled': 189, 'V_reason:warmup_or_core_invalid': 1266, 'V_reason:not_ready_V': 388, 'V_reason:accepted': 127}",0.45816956765861877,0.0,,V,/tmp/ltv_gain_scan_20261009/w2/results/w2_full_indoor_forward_6_V_1_20261009T022900_83a40e7b,1.4991432116777252,0.754497050901385,,0.001651650637612967,0.0,w2_full_indoor_forward_6_V_1_20261009T022900_83a40e7b,816,indoor_forward_6,VALID_FULL_MATCHED,1.6653345369377348e-16,0.23301585058144653,"{'actual_opencv_threads': 4, 'verification': 'inferred from frozen num_opencv_threads=4 and original VioManager constructor; post-construction metadata was absent', 'cpu_affinity_per_worker': 4}"
1,0.412673131726562,"{'errors': [], 'actual_G': 290, 'actual_V': 138, 'actual_L': 0, 'output_rows': 1781, 'camera_packets': 1970}",816,0.412673131726562,1.0,1781,0,"{'G_reason:disabled': 189, 'V_reason:disabled': 189, 'G_reason:warmup_or_core_invalid': 1255, 'V_reason:warmup_or_core_invalid': 1255, 'G_reason:not_ready_G': 236, 'V_reason:not_ready_V': 388, 'G_reason:accepted': 290, 'V_reason:accepted': 138}",0.45816956765861877,0.0,,GV,/tmp/ltv_gain_scan_20261009/w3/results/w3_full_indoor_forward_6_GV_1_20261009T023000_e7c364b7,1.4998520151241672,0.7541075525458626,,0.0006734877592506905,0.0,w3_full_indoor_forward_6_GV_1_20261009T023000_e7c364b7,816,indoor_forward_6,VALID_FULL_MATCHED,4.440892098500626e-16,0.23295000201149957,"{'actual_opencv_threads': 4, 'verification': 'inferred from frozen num_opencv_threads=4 and original VioManager constructor; post-construction metadata was absent', 'cpu_affinity_per_worker': 4}"
1,0.41260371069415874,"{'errors': [], 'actual_G': 0, 'actual_V': 0, 'actual_L': 126, 'output_rows': 1781, 'camera_packets': 1970}",816,0.41260371069415874,1.0,1781,0,"{'G_reason:disabled': 1970, 'V_reason:disabled': 1970}",0.45816956765861877,0.0,"{'count': 1781, 'total': 0.002918216325149978, 'maximum': 5.0416889147693826e-05}",L,/tmp/ltv_gain_scan_20261009/w0/results/w0_full_indoor_forward_6_L_1_20261009T023057_d221dd95,1.4987271284098698,0.7543456778924873,,-0.016148906190893708,0.0,w0_full_indoor_forward_6_L_1_20261009T023057_d221dd95,816,indoor_forward_6,VALID_FULL_MATCHED,5.551115123125783e-16,0.23300519340025871,"{'actual_opencv_threads': 4, 'verification': 'inferred from frozen num_opencv_threads=4 and original VioManager constructor; post-construction metadata was absent', 'cpu_affinity_per_worker': 4}"
1,0.41260301438450325,"{'errors': [], 'actual_G': 290, 'actual_V': 138, 'actual_L': 137, 'output_rows': 1781, 'camera_packets': 1970}",816,0.41260301438450325,1.0,1781,0,"{'G_reason:disabled': 189, 'V_reason:disabled': 189, 'G_reason:warmup_or_core_invalid': 1255, 'V_reason:warmup_or_core_invalid': 1255, 'G_reason:not_ready_G': 236, 'V_reason:not_ready_V': 388, 'G_reason:accepted': 290, 'V_reason:accepted': 138}",0.45816956765861877,0.0,"{'count': 1781, 'total': 0.0032403151880009287, 'maximum': 5.041230908499263e-05}",L_GV,/tmp/ltv_gain_scan_20261009/w1/results/w1_full_indoor_forward_6_L_GV_1_20261009T022944_9205f321,1.4994375379399751,0.753959436153633,,-0.016317638849139282,0.0,w1_full_indoor_forward_6_L_GV_1_20261009T022944_9205f321,816,indoor_forward_6,VALID_FULL_MATCHED,1.1102230246251565e-16,0.23294120804903043,"{'actual_opencv_threads': 4, 'verification': 'inferred from frozen num_opencv_threads=4 and original VioManager constructor; post-construction metadata was absent', 'cpu_affinity_per_worker': 4}"
1,0.48490042092745994,"{'errors': [], 'actual_G': 0, 'actual_V': 0, 'actual_L': 0, 'output_rows': 2899, 'camera_packets': 3177}",1735,0.48490042092745994,1.0,2899,0,,0.5984822352535357,0.0,,OFF,/tmp/ltv_gain_scan_20261009/w2/results/w2_full_indoor_forward_7_OFF_1_20261009T022612_ebe8f665,0.9797040994586728,0.8442775349614535,,0.0,0.0,w2_full_indoor_forward_7_OFF_1_20261009T022612_ebe8f665,1735,indoor_forward_7,VALID_FULL_MATCHED,2.7755575615628914e-16,0.7044743859811952,"{'actual_opencv_threads': 4, 'verification': 'inferred from frozen num_opencv_threads=4 and original VioManager constructor; post-construction metadata was absent', 'cpu_affinity_per_worker': 4}"
1,0.48490042092745994,"{'errors': [], 'actual_G': 0, 'actual_V': 0, 'actual_L': 0, 'output_rows': 2899, 'camera_packets': 3177}",1735,0.48490042092745994,1.0,2899,0,"{'G_reason:disabled': 278, 'V_reason:disabled': 3177, 'G_reason:time_or_token': 2899}",0.5984822352535357,0.0,,G,/tmp/ltv_gain_scan_20261009/w2/results/w2_full_indoor_forward_7_G_1_20261009T022944_8781fcc8,0.9797040994586728,0.8442775349614535,,0.0,0.0,w2_full_indoor_forward_7_G_1_20261009T022944_8781fcc8,1735,indoor_forward_7,VALID_FULL_MATCHED,2.7755575615628914e-16,0.7044743859811952,"{'actual_opencv_threads': 4, 'verification': 'inferred from frozen num_opencv_threads=4 and original VioManager constructor; post-construction metadata was absent', 'cpu_affinity_per_worker': 4}"
1,0.48490042092745994,"{'errors': [], 'actual_G': 0, 'actual_V': 0, 'actual_L': 0, 'output_rows': 2899, 'camera_packets': 3177}",1735,0.48490042092745994,1.0,2899,0,"{'G_reason:disabled': 3177, 'V_reason:disabled': 278, 'V_reason:time_or_token': 2899}",0.5984822352535357,0.0,,V,/tmp/ltv_gain_scan_20261009/w3/results/w3_full_indoor_forward_7_V_1_20261009T023104_03a06204,0.9797040994586728,0.8442775349614535,,0.0,0.0,w3_full_indoor_forward_7_V_1_20261009T023104_03a06204,1735,indoor_forward_7,VALID_FULL_MATCHED,2.7755575615628914e-16,0.7044743859811952,"{'actual_opencv_threads': 4, 'verification': 'inferred from frozen num_opencv_threads=4 and original VioManager constructor; post-construction metadata was absent', 'cpu_affinity_per_worker': 4}"
1,0.48490042092745994,"{'errors': [], 'actual_G': 0, 'actual_V': 0, 'actual_L': 0, 'output_rows': 2899, 'camera_packets': 3177}",1735,0.48490042092745994,1.0,2899,0,"{'G_reason:disabled': 278, 'V_reason:disabled': 278, 'G_reason:time_or_token': 2899, 'V_reason:time_or_token': 2899}",0.5984822352535357,0.0,,GV,/tmp/ltv_gain_scan_20261009/w0/results/w0_full_indoor_forward_7_GV_1_20261009T023141_2f09d810,0.9797040994586728,0.8442775349614535,,0.0,0.0,w0_full_indoor_forward_7_GV_1_20261009T023141_2f09d810,1735,indoor_forward_7,VALID_FULL_MATCHED,2.7755575615628914e-16,0.7044743859811952,"{'actual_opencv_threads': 4, 'verification': 'inferred from frozen num_opencv_threads=4 and original VioManager constructor; post-construction metadata was absent', 'cpu_affinity_per_worker': 4}"
1,0.48490042092745994,"{'errors': [], 'actual_G': 0, 'actual_V': 0, 'actual_L': 0, 'output_rows': 2899, 'camera_packets': 3177}",1735,0.48490042092745994,1.0,2899,0,"{'G_reason:disabled': 3177, 'V_reason:disabled': 3177}",0.5984822352535357,0.0,"{'count': 2899, 'total': 0.0, 'maximum': 0.0}",L,/tmp/ltv_gain_scan_20261009/w1/results/w1_full_indoor_forward_7_L_1_20261009T023028_4f8f7540,0.9797040994586728,0.8442775349614535,,0.0,0.0,w1_full_indoor_forward_7_L_1_20261009T023028_4f8f7540,1735,indoor_forward_7,VALID_FULL_MATCHED,2.7755575615628914e-16,0.7044743859811952,"{'actual_opencv_threads': 4, 'verification': 'inferred from frozen num_opencv_threads=4 and original VioManager constructor; post-construction metadata was absent', 'cpu_affinity_per_worker': 4}"
1,0.48490042092745994,"{'errors': [], 'actual_G': 0, 'actual_V': 0, 'actual_L': 0, 'output_rows': 2899, 'camera_packets': 3177}",1735,0.48490042092745994,1.0,2899,0,"{'G_reason:disabled': 278, 'V_reason:disabled': 278, 'G_reason:time_or_token': 2899, 'V_reason:time_or_token': 2899}",0.5984822352535357,0.0,"{'count': 2899, 'total': 0.0, 'maximum': 0.0}",L_GV,/tmp/ltv_gain_scan_20261009/w2/results/w2_full_indoor_forward_7_L_GV_1_20261009T023009_482c0341,0.9797040994586728,0.8442775349614535,,0.0,0.0,w2_full_indoor_forward_7_L_GV_1_20261009T023009_482c0341,1735,indoor_forward_7,VALID_FULL_MATCHED,2.7755575615628914e-16,0.7044743859811952,"{'actual_opencv_threads': 4, 'verification': 'inferred from frozen num_opencv_threads=4 and original VioManager constructor; post-construction metadata was absent', 'cpu_affinity_per_worker': 4}"
1,0.6699805753562106,"{'errors': [], 'actual_G': 0, 'actual_V': 0, 'actual_L': 0, 'output_rows': 1783, 'camera_packets': 1965}",1264,0.6699805753562106,1.0,1783,0,,0.7089175546831183,0.0,,OFF,/tmp/ltv_gain_scan_20261009/w3/results/w3_full_indoor_45_2_OFF_1_20261009T022612_ab1a7c56,1.1670301541731096,1.0452144065890696,,0.0,0.0,w3_full_indoor_45_2_OFF_1_20261009T022612_ab1a7c56,1264,indoor_45_2,VALID_FULL_MATCHED,9.992007221626409e-16,0.9695458388770677,"{'actual_opencv_threads': 4, 'verification': 'inferred from frozen num_opencv_threads=4 and original VioManager constructor; post-construction metadata was absent', 'cpu_affinity_per_worker': 4}"
1,0.6700241662021801,"{'errors': [], 'actual_G': 139, 'actual_V': 0, 'actual_L': 0, 'output_rows': 1783, 'camera_packets': 1965}",1264,0.6700241662021801,1.0,1783,0,"{'G_reason:disabled': 182, 'V_reason:disabled': 1965, 'G_reason:warmup_or_core_invalid': 1316, 'G_reason:not_ready_G': 294, 'G_reason:accepted': 139, 'G_reason:time_or_token': 34}",0.7089175546831183,0.0,,G,/tmp/ltv_gain_scan_20261009/w3/results/w3_full_indoor_45_2_G_1_20261009T023136_64413a62,1.1670731540868409,1.0452866581762992,,0.006506285043617055,0.0,w3_full_indoor_45_2_G_1_20261009T023136_64413a62,1264,indoor_45_2,VALID_FULL_MATCHED,6.661338147750939e-16,0.9696114839803746,"{'actual_opencv_threads': 4, 'verification': 'inferred from frozen num_opencv_threads=4 and original VioManager constructor; post-construction metadata was absent', 'cpu_affinity_per_worker': 4}"
1,0.6699802498249475,"{'errors': [], 'actual_G': 0, 'actual_V': 127, 'actual_L': 0, 'output_rows': 1783, 'camera_packets': 1965}",1264,0.6699802498249475,1.0,1783,0,"{'G_reason:disabled': 1965, 'V_reason:disabled': 182, 'V_reason:warmup_or_core_invalid': 1316, 'V_reason:not_ready_V': 306, 'V_reason:accepted': 127, 'V_reason:time_or_token': 34}",0.7089175546831183,0.0,,V,/tmp/ltv_gain_scan_20261009/w0/results/w0_full_indoor_45_2_V_1_20261009T023207_60464506,1.1670275900355125,1.0452116086927636,,-4.858816434749613e-05,0.0,w0_full_indoor_45_2_V_1_20261009T023207_60464506,1264,indoor_45_2,VALID_FULL_MATCHED,2.6645352591003757e-15,0.9695465609322651,"{'actual_opencv_threads': 4, 'verification': 'inferred from frozen num_opencv_threads=4 and original VioManager constructor; post-construction metadata was absent', 'cpu_affinity_per_worker': 4}"
1,0.6700241782077623,"{'errors': [], 'actual_G': 139, 'actual_V': 127, 'actual_L': 0, 'output_rows': 1783, 'camera_packets': 1965}",1264,0.6700241782077623,1.0,1783,0,"{'G_reason:disabled': 182, 'V_reason:disabled': 182, 'G_reason:warmup_or_core_invalid': 1316, 'V_reason:warmup_or_core_invalid': 1316, 'G_reason:not_ready_G': 294, 'V_reason:not_ready_V': 306, 'G_reason:accepted': 139, 'V_reason:accepted': 127, 'G_reason:time_or_token': 34, 'V_reason:time_or_token': 34}",0.7089175546831183,0.0,,GV,/tmp/ltv_gain_scan_20261009/w1/results/w1_full_indoor_45_2_GV_1_20261009T023053_36200c9b,1.167070627794523,1.0452848817690537,,0.006508076973510413,0.0,w1_full_indoor_45_2_GV_1_20261009T023053_36200c9b,1264,indoor_45_2,VALID_FULL_MATCHED,7.771561172376096e-16,0.9696127066793827,"{'actual_opencv_threads': 4, 'verification': 'inferred from frozen num_opencv_threads=4 and original VioManager constructor; post-construction metadata was absent', 'cpu_affinity_per_worker': 4}"
1,0.6699798319095882,"{'errors': [], 'actual_G': 0, 'actual_V': 0, 'actual_L': 126, 'output_rows': 1783, 'camera_packets': 1965}",1264,0.6699798319095882,1.0,1783,0,"{'G_reason:disabled': 1965, 'V_reason:disabled': 1965}",0.7089175546831183,0.0,"{'count': 1783, 'total': 0.002258345472434313, 'maximum': 4.5610545287262696e-05}",L,/tmp/ltv_gain_scan_20261009/w2/results/w2_full_indoor_45_2_L_1_20261009T023034_c9a6b9e1,1.167028183528486,1.045212902643981,,-0.00011096539955790519,0.0,w2_full_indoor_45_2_L_1_20261009T023034_c9a6b9e1,1264,indoor_45_2,VALID_FULL_MATCHED,7.771561172376096e-16,0.9695451280609478,"{'actual_opencv_threads': 4, 'verification': 'inferred from frozen num_opencv_threads=4 and original VioManager constructor; post-construction metadata was absent', 'cpu_affinity_per_worker': 4}"
1,0.6700228012560163,"{'errors': [], 'actual_G': 139, 'actual_V': 127, 'actual_L': 126, 'output_rows': 1783, 'camera_packets': 1965}",1264,0.6700228012560163,1.0,1783,0,"{'G_reason:disabled': 182, 'V_reason:disabled': 182, 'G_reason:warmup_or_core_invalid': 1316, 'V_reason:warmup_or_core_invalid': 1316, 'G_reason:not_ready_G': 294, 'V_reason:not_ready_V': 306, 'G_reason:accepted': 139, 'V_reason:accepted': 127, 'G_reason:time_or_token': 34, 'V_reason:time_or_token': 34}",0.7089175546831183,0.0,"{'count': 1783, 'total': 0.002257031658237012, 'maximum': 4.555792470878411e-05}",L_GV,/tmp/ltv_gain_scan_20261009/w3/results/w3_full_indoor_45_2_L_GV_1_20261009T023229_798eece8,1.16706806468225,1.0452824166303654,,0.00630255582907413,0.0,w3_full_indoor_45_2_L_GV_1_20261009T023229_798eece8,1264,indoor_45_2,VALID_FULL_MATCHED,1.5543122344752192e-15,0.9696111831752534,"{'actual_opencv_threads': 4, 'verification': 'inferred from frozen num_opencv_threads=4 and original VioManager constructor; post-construction metadata was absent', 'cpu_affinity_per_worker': 4}"
1,0.7702497909827051,"{'errors': [], 'actual_G': 0, 'actual_V': 0, 'actual_L': 0, 'output_rows': 2211, 'camera_packets': 2390}",1164,0.7702497909827051,1.0,2211,0,,0.5264586160108549,0.0,,OFF,/tmp/ltv_gain_scan_20261009/w0/results/w0_full_outdoor_forward_1_OFF_1_20261009T022645_247b7fe8,1.7293359436513422,1.6291780788023291,,0.0,0.0,w0_full_outdoor_forward_1_OFF_1_20261009T022645_247b7fe8,1164,outdoor_forward_1,VALID_FULL_MATCHED,2.6645352591003757e-15,1.5864410338943495,"{'actual_opencv_threads': 4, 'verification': 'inferred from frozen num_opencv_threads=4 and original VioManager constructor; post-construction metadata was absent', 'cpu_affinity_per_worker': 4}"
1,0.7703435257327941,"{'errors': [], 'actual_G': 714, 'actual_V': 0, 'actual_L': 0, 'output_rows': 2211, 'camera_packets': 2390}",1164,0.7703435257327941,1.0,2211,0,"{'G_reason:disabled': 179, 'V_reason:disabled': 2390, 'G_reason:warmup_or_core_invalid': 634, 'G_reason:not_ready_G': 744, 'G_reason:accepted': 714, 'G_reason:time_or_token': 119}",0.5264586160108549,0.0,,G,/tmp/ltv_gain_scan_20261009/w0/results/w0_full_outdoor_forward_1_G_1_20261009T023244_584e485e,1.7295690643247847,1.6295873123200029,,0.012169396368078012,0.0,w0_full_outdoor_forward_1_G_1_20261009T023244_584e485e,1164,outdoor_forward_1,VALID_FULL_MATCHED,1.1102230246251565e-15,1.5867841448453428,"{'actual_opencv_threads': 4, 'verification': 'inferred from frozen num_opencv_threads=4 and original VioManager constructor; post-construction metadata was absent', 'cpu_affinity_per_worker': 4}"
1,0.7700979146982406,"{'errors': [], 'actual_G': 0, 'actual_V': 567, 'actual_L': 0, 'output_rows': 2211, 'camera_packets': 2390}",1164,0.7700979146982406,1.0,2211,0,"{'G_reason:disabled': 2390, 'V_reason:disabled': 179, 'V_reason:warmup_or_core_invalid': 634, 'V_reason:not_ready_V': 891, 'V_reason:accepted': 567, 'V_reason:time_or_token': 119}",0.5264586160108549,0.0,,V,/tmp/ltv_gain_scan_20261009/w1/results/w1_full_outdoor_forward_1_V_1_20261009T023131_9506e362,1.7296108862410144,1.6294836820342702,,-0.019717796258100773,0.0,w1_full_outdoor_forward_1_V_1_20261009T023131_9506e362,1164,outdoor_forward_1,VALID_FULL_MATCHED,3.3306690738754696e-16,1.586734036682497,"{'actual_opencv_threads': 4, 'verification': 'inferred from frozen num_opencv_threads=4 and original VioManager constructor; post-construction metadata was absent', 'cpu_affinity_per_worker': 4}"
1,0.7701920072742351,"{'errors': [], 'actual_G': 714, 'actual_V': 567, 'actual_L': 0, 'output_rows': 2211, 'camera_packets': 2390}",1164,0.7701920072742351,1.0,2211,0,"{'G_reason:disabled': 179, 'V_reason:disabled': 179, 'G_reason:warmup_or_core_invalid': 634, 'V_reason:warmup_or_core_invalid': 634, 'G_reason:not_ready_G': 744, 'V_reason:not_ready_V': 891, 'G_reason:accepted': 714, 'V_reason:accepted': 567, 'G_reason:time_or_token': 119, 'V_reason:time_or_token': 119}",0.5264586160108549,0.0,,GV,/tmp/ltv_gain_scan_20261009/w2/results/w2_full_outdoor_forward_1_GV_1_20261009T023112_c147fc22,1.7298416864024346,1.629891978305939,,-0.007501944063659227,0.0,w2_full_outdoor_forward_1_GV_1_20261009T023112_c147fc22,1164,outdoor_forward_1,VALID_FULL_MATCHED,8.881784197001252e-16,1.587076197850365,"{'actual_opencv_threads': 4, 'verification': 'inferred from frozen num_opencv_threads=4 and original VioManager constructor; post-construction metadata was absent', 'cpu_affinity_per_worker': 4}"
1,0.7702528986562102,"{'errors': [], 'actual_G': 0, 'actual_V': 0, 'actual_L': 565, 'output_rows': 2211, 'camera_packets': 2390}",1164,0.7702528986562102,1.0,2211,0,"{'G_reason:disabled': 2390, 'V_reason:disabled': 2390}",0.5264586160108549,0.0,"{'count': 2211, 'total': 0.018182905479349868, 'maximum': 0.0005508615980349795}",L,/tmp/ltv_gain_scan_20261009/w3/results/w3_full_outdoor_forward_1_L_1_20261009T023323_4302acd0,1.729241545392204,1.629242003273373,,0.0004034630767035807,0.0,w3_full_outdoor_forward_1_L_1_20261009T023323_4302acd0,1164,outdoor_forward_1,VALID_FULL_MATCHED,4.3298697960381105e-15,1.5864468181748803,"{'actual_opencv_threads': 4, 'verification': 'inferred from frozen num_opencv_threads=4 and original VioManager constructor; post-construction metadata was absent', 'cpu_affinity_per_worker': 4}"
1,0.7701968167936316,"{'errors': [], 'actual_G': 714, 'actual_V': 567, 'actual_L': 565, 'output_rows': 2211, 'camera_packets': 2390}",1164,0.7701968167936316,1.0,2211,0,"{'G_reason:disabled': 179, 'V_reason:disabled': 179, 'G_reason:warmup_or_core_invalid': 634, 'V_reason:warmup_or_core_invalid': 634, 'G_reason:not_ready_G': 744, 'V_reason:not_ready_V': 891, 'G_reason:accepted': 714, 'V_reason:accepted': 567, 'G_reason:time_or_token': 119, 'V_reason:time_or_token': 119}",0.5264586160108549,0.0,"{'count': 2211, 'total': 0.018094982643290854, 'maximum': 0.0005492242775836707}",L_GV,/tmp/ltv_gain_scan_20261009/w0/results/w0_full_outdoor_forward_1_L_GV_1_20261009T023342_7e116980,1.729750541491507,1.6299564025454532,,-0.006877533716154183,0.0,w0_full_outdoor_forward_1_L_GV_1_20261009T023342_7e116980,1164,outdoor_forward_1,VALID_FULL_MATCHED,1.7763568394002505e-15,1.5870836761112983,"{'actual_opencv_threads': 4, 'verification': 'inferred from frozen num_opencv_threads=4 and original VioManager constructor; post-construction metadata was absent', 'cpu_affinity_per_worker': 4}"
1,0.906907275902527,"{'errors': [], 'actual_G': 0, 'actual_V': 0, 'actual_L': 0, 'output_rows': 2262, 'camera_packets': 2457}",444,0.906907275902527,1.0,2262,0,,0.1962864721485411,0.0,,OFF,/tmp/ltv_gain_scan_20261009/w1/results/w1_full_outdoor_forward_5_OFF_1_20261009T022629_7c5faef1,2.1285968539030304,1.8535258575227291,,0.0,0.0,w1_full_outdoor_forward_5_OFF_1_20261009T022629_7c5faef1,444,outdoor_forward_5,VALID_FULL_MATCHED,7.771561172376096e-16,1.2650486701866914,"{'actual_opencv_threads': 4, 'verification': 'inferred from frozen num_opencv_threads=4 and original VioManager constructor; post-construction metadata was absent', 'cpu_affinity_per_worker': 4}"
1,0.9067513125798697,"{'errors': [], 'actual_G': 605, 'actual_V': 0, 'actual_L': 0, 'output_rows': 2262, 'camera_packets': 2457}",444,0.9067513125798697,1.0,2262,0,"{'G_reason:disabled': 195, 'V_reason:disabled': 2457, 'G_reason:warmup_or_core_invalid': 959, 'G_reason:not_ready_G': 591, 'G_reason:accepted': 605, 'G_reason:time_or_token': 107}",0.1962864721485411,0.0,,G,/tmp/ltv_gain_scan_20261009/w1/results/w1_full_outdoor_forward_5_G_1_20261009T023228_90c12033,2.1279299723176752,1.8541402840894743,,-0.01719727328265419,0.0,w1_full_outdoor_forward_5_G_1_20261009T023228_90c12033,444,outdoor_forward_5,VALID_FULL_MATCHED,2.220446049250313e-16,1.2653848831143908,"{'actual_opencv_threads': 4, 'verification': 'inferred from frozen num_opencv_threads=4 and original VioManager constructor; post-construction metadata was absent', 'cpu_affinity_per_worker': 4}"
1,0.9069084769066789,"{'errors': [], 'actual_G': 0, 'actual_V': 547, 'actual_L': 0, 'output_rows': 2262, 'camera_packets': 2457}",444,0.9069084769066789,1.0,2262,0,"{'G_reason:disabled': 2457, 'V_reason:disabled': 195, 'V_reason:warmup_or_core_invalid': 959, 'V_reason:not_ready_V': 649, 'V_reason:accepted': 547, 'V_reason:time_or_token': 107}",0.1962864721485411,0.0,,V,/tmp/ltv_gain_scan_20261009/w2/results/w2_full_outdoor_forward_5_V_1_20261009T023210_3ed50de9,2.1286020872186144,1.8535310902576265,,0.00013242854961514894,0.0,w2_full_outdoor_forward_5_V_1_20261009T023210_3ed50de9,444,outdoor_forward_5,VALID_FULL_MATCHED,7.771561172376096e-16,1.2650596101749247,"{'actual_opencv_threads': 4, 'verification': 'inferred from frozen num_opencv_threads=4 and original VioManager constructor; post-construction metadata was absent', 'cpu_affinity_per_worker': 4}"
1,0.9067593186079705,"{'errors': [], 'actual_G': 605, 'actual_V': 540, 'actual_L': 0, 'output_rows': 2262, 'camera_packets': 2457}",444,0.9067593186079705,1.0,2262,0,"{'G_reason:disabled': 195, 'V_reason:disabled': 195, 'G_reason:warmup_or_core_invalid': 959, 'V_reason:warmup_or_core_invalid': 959, 'G_reason:not_ready_G': 591, 'V_reason:not_ready_V': 656, 'G_reason:accepted': 605, 'V_reason:accepted': 540, 'G_reason:time_or_token': 107, 'V_reason:time_or_token': 107}",0.1962864721485411,0.0,,GV,/tmp/ltv_gain_scan_20261009/w3/results/w3_full_outdoor_forward_5_GV_1_20261009T023448_e61b0a72,2.1279486204353675,1.8541610056374118,,-0.01631448974860339,0.0,w3_full_outdoor_forward_5_GV_1_20261009T023448_e61b0a72,444,outdoor_forward_5,VALID_FULL_MATCHED,1.3322676295501878e-15,1.2654004901092515,"{'actual_opencv_threads': 4, 'verification': 'inferred from frozen num_opencv_threads=4 and original VioManager constructor; post-construction metadata was absent', 'cpu_affinity_per_worker': 4}"
1,0.9069029345295141,"{'errors': [], 'actual_G': 0, 'actual_V': 0, 'actual_L': 537, 'output_rows': 2262, 'camera_packets': 2457}",444,0.9069029345295141,1.0,2262,0,"{'G_reason:disabled': 2457, 'V_reason:disabled': 2457}",0.1962864721485411,0.0,"{'count': 2262, 'total': 0.0033848035455212944, 'maximum': 2.9043382143799453e-05}",L,/tmp/ltv_gain_scan_20261009/w0/results/w0_full_outdoor_forward_5_L_1_20261009T023439_22543696,2.1285618048724473,1.8535100590452653,,-0.000478700869233073,0.0,w0_full_outdoor_forward_5_L_1_20261009T023439_22543696,444,outdoor_forward_5,VALID_FULL_MATCHED,0.0,1.2650934090507588,"{'actual_opencv_threads': 4, 'verification': 'inferred from frozen num_opencv_threads=4 and original VioManager constructor; post-construction metadata was absent', 'cpu_affinity_per_worker': 4}"
1,0.9067252520641491,"{'errors': [], 'actual_G': 605, 'actual_V': 540, 'actual_L': 530, 'output_rows': 2262, 'camera_packets': 2457}",444,0.9067252520641491,1.0,2262,0,"{'G_reason:disabled': 195, 'V_reason:disabled': 195, 'G_reason:warmup_or_core_invalid': 959, 'V_reason:warmup_or_core_invalid': 959, 'G_reason:not_ready_G': 591, 'V_reason:not_ready_V': 656, 'G_reason:accepted': 605, 'V_reason:accepted': 540, 'G_reason:time_or_token': 107, 'V_reason:time_or_token': 107}",0.1962864721485411,0.0,"{'count': 2262, 'total': 0.003338057730520605, 'maximum': 2.9043032203217597e-05}",L_GV,/tmp/ltv_gain_scan_20261009/w1/results/w1_full_outdoor_forward_5_L_GV_1_20261009T023325_8b9a09fb,2.127848249236644,1.8540538883639035,,-0.020070832290619567,0.0,w1_full_outdoor_forward_5_L_GV_1_20261009T023325_8b9a09fb,444,outdoor_forward_5,VALID_FULL_MATCHED,1.1102230246251565e-15,1.2653854591717522,"{'actual_opencv_threads': 4, 'verification': 'inferred from frozen num_opencv_threads=4 and original VioManager constructor; post-construction metadata was absent', 'cpu_affinity_per_worker': 4}"
