alpha_gravity,alpha_landmark,alpha_velocity,ate_rmse_m,audit,baseline_support,conditional_ate_rmse_m,coverage,estimated_rows,exit_code,gt_coverage,historical_reuse,initialization_delta_s,mode,native_mode,output_dir,phase,position_error_max_m,position_error_p95_m,reason,relative_off_percent,run_id,samples,scene,sequence,status,svd_horn_difference_m,tail_position_rmse_m,threading
0,0,0,0.06818795827882117,"{'errors': [], 'actual_G': 0, 'actual_V': 0, 'actual_L': 0, 'output_rows': 1611, 'camera_packets': 1710}",1592,0.06818795827882117,1.0,1611,0,0.9882060831781502,False,0.0,OFF,OFF,/home/he/output/ltv_euroc_final_20261009T164739/w5/results/w5_accuracy_V1_02_medium_OFF_20261009T164930_e5feebb7,accuracy,0.12721735194899958,0.10797092974255955,,0.0,w5_accuracy_V1_02_medium_OFF_20261009T164930_e5feebb7,1592,Vicon,V1_02_medium,VALID_FULL_MATCHED,0.0,0.08907552186831459,"{'requested_opencv_threads': 1, 'actual_opencv_threads': 1}"
0,0,0,0.2762423776506412,"{'errors': [], 'actual_G': 0, 'actual_V': 0, 'actual_L': 0, 'output_rows': 1849, 'camera_packets': 2273}",1826,0.2762423776506412,1.0,1849,0,0.9875608436992969,False,0.0,OFF,OFF,/home/he/output/ltv_euroc_final_20261009T164739/w3/results/w3_accuracy_MH_05_difficult_OFF_20261009T164930_7107b580,accuracy,0.6077776810779352,0.5043733178359278,,0.0,w3_accuracy_MH_05_difficult_OFF_20261009T164930_7107b580,1826,MH,MH_05_difficult,VALID_FULL_MATCHED,7.771561172376096e-16,0.4754416672641789,"{'requested_opencv_threads': 1, 'actual_opencv_threads': 1}"
0,0,0,0.14928164624251655,"{'errors': [], 'actual_G': 0, 'actual_V': 0, 'actual_L': 0, 'output_rows': 2311, 'camera_packets': 2700}",2289,0.14928164624251655,1.0,2311,0,0.9904803115534401,False,0.0,OFF,OFF,/home/he/output/ltv_euroc_final_20261009T164739/w2/results/w2_accuracy_MH_03_medium_OFF_20261009T164930_c241e59c,accuracy,0.2966869879767684,0.25385779084292354,,0.0,w2_accuracy_MH_03_medium_OFF_20261009T164930_c241e59c,2289,MH,MH_03_medium,VALID_FULL_MATCHED,5.828670879282072e-16,0.08150257075098602,"{'requested_opencv_threads': 1, 'actual_opencv_threads': 1}"
0,0,0,0.0971297294918716,"{'errors': [], 'actual_G': 0, 'actual_V': 0, 'actual_L': 0, 'output_rows': 2259, 'camera_packets': 3040}",2236,0.0971297294918716,1.0,2259,0,0.9898185037627268,False,0.0,OFF,OFF,/home/he/output/ltv_euroc_final_20261009T164739/w1/results/w1_accuracy_MH_02_easy_OFF_20261009T164930_2a2e30cd,accuracy,0.32137164088241116,0.1665454407916323,,0.0,w1_accuracy_MH_02_easy_OFF_20261009T164930_2a2e30cd,2236,MH,MH_02_easy,VALID_FULL_MATCHED,9.159339953157541e-16,0.17241376479540516,"{'requested_opencv_threads': 1, 'actual_opencv_threads': 1}"
0,0,0,0.06424283441468073,"{'errors': [], 'actual_G': 0, 'actual_V': 0, 'actual_L': 0, 'output_rows': 2800, 'camera_packets': 2912}",2780,0.06424283441468073,1.0,2800,0,0.9928571428571429,False,0.0,OFF,OFF,/home/he/output/ltv_euroc_final_20261009T164739/w4/results/w4_accuracy_V1_01_easy_OFF_20261009T164930_8a36d042,accuracy,0.13020375190110953,0.10405721090736919,,0.0,w4_accuracy_V1_01_easy_OFF_20261009T164930_8a36d042,2780,Vicon,V1_01_easy,VALID_FULL_MATCHED,1.249000902703301e-16,0.07799141697627761,"{'requested_opencv_threads': 1, 'actual_opencv_threads': 1}"
0,0,0,0.04189056911007756,"{'errors': [], 'actual_G': 0, 'actual_V': 0, 'actual_L': 0, 'output_rows': 2005, 'camera_packets': 2149}",1986,0.04189056911007756,1.0,2005,0,0.9905236907730673,False,0.0,OFF,OFF,/home/he/output/ltv_euroc_final_20261009T164739/w6/results/w6_accuracy_V1_03_difficult_OFF_20261009T164930_ed6158a9,accuracy,0.08949160827222678,0.07278912025153264,,0.0,w6_accuracy_V1_03_difficult_OFF_20261009T164930_ed6158a9,1986,Vicon,V1_03_difficult,VALID_FULL_MATCHED,1.5959455978986625e-16,0.04634348876481827,"{'requested_opencv_threads': 1, 'actual_opencv_threads': 1}"
0,0,0,0.18542469263686487,"{'errors': [], 'actual_G': 0, 'actual_V': 0, 'actual_L': 0, 'output_rows': 2784, 'camera_packets': 3682}",2762,0.18542469263686487,1.0,2784,0,0.9920977011494253,False,0.0,OFF,OFF,/home/he/output/ltv_euroc_final_20261009T164739/w0/results/w0_accuracy_MH_01_easy_OFF_20261009T164930_e15872f6,accuracy,0.4915568578402394,0.41098539680658236,,0.0,w0_accuracy_MH_01_easy_OFF_20261009T164930_e15872f6,2762,MH,MH_01_easy,VALID_FULL_MATCHED,2.7755575615628914e-16,0.2420913145351695,"{'requested_opencv_threads': 1, 'actual_opencv_threads': 1}"
0,0,0,0.1745806561417616,"{'errors': [], 'actual_G': 0, 'actual_V': 0, 'actual_L': 0, 'output_rows': 2181, 'camera_packets': 2280}",2166,0.1745806561417616,1.0,2181,0,0.9931224209078404,False,0.0,OFF,OFF,/home/he/output/ltv_euroc_final_20261009T164739/w7/results/w7_accuracy_V2_01_easy_OFF_20261009T164930_5ce7b045,accuracy,0.7914428718588163,0.2942459266931142,,0.0,w7_accuracy_V2_01_easy_OFF_20261009T164930_5ce7b045,2166,Vicon,V2_01_easy,VALID_FULL_MATCHED,2.7755575615628914e-16,0.22235297828858558,"{'requested_opencv_threads': 1, 'actual_opencv_threads': 1}"
0,0,0,0.05197520957067538,"{'errors': [], 'actual_G': 0, 'actual_V': 0, 'actual_L': 0, 'output_rows': 2266, 'camera_packets': 2348}",2252,0.05197520957067538,1.0,2266,0,0.9938217122683142,False,0.0,OFF,OFF,/home/he/output/ltv_euroc_final_20261009T164739/w5/results/w5_accuracy_V2_02_medium_OFF_20261009T164947_5306c68a,accuracy,0.12990836968481506,0.1077287942942116,,0.0,w5_accuracy_V2_02_medium_OFF_20261009T164947_5306c68a,2252,Vicon,V2_02_medium,VALID_FULL_MATCHED,2.0192181260370035e-15,0.10309312747018809,"{'requested_opencv_threads': 1, 'actual_opencv_threads': 1}"
0,0,0,0.20742761529144602,"{'errors': [], 'actual_G': 0, 'actual_V': 0, 'actual_L': 0, 'output_rows': 1806, 'camera_packets': 1921}",1799,0.20742761529144602,1.0,1806,0,0.9961240310077519,False,0.0,OFF,OFF,/home/he/output/ltv_euroc_final_20261009T164739/w3/results/w3_accuracy_V2_03_difficult_OFF_20261009T164950_6f4e6f59,accuracy,0.4329695774371267,0.3883663929658736,,0.0,w3_accuracy_V2_03_difficult_OFF_20261009T164950_6f4e6f59,1799,Vicon,V2_03_difficult,VALID_FULL_MATCHED,1.6653345369377348e-16,0.20450226740535404,"{'requested_opencv_threads': 1, 'actual_opencv_threads': 1}"
0,0,49,0.08654474719112928,"{'errors': [], 'actual_G': 0, 'actual_V': 1478, 'actual_L': 0, 'output_rows': 2259, 'camera_packets': 3040}",2236,0.08654474719112928,1.0,2259,0,0.9898185037627268,False,0.0,V,V,/home/he/output/ltv_euroc_final_20261009T164739/w5/results/w5_accuracy_MH_02_easy_V_20261009T165008_55c00c9b,accuracy,0.21851318939196956,0.14329088585413016,,-10.897778008975234,w5_accuracy_MH_02_easy_V_20261009T165008_55c00c9b,2236,MH,MH_02_easy,VALID_FULL_MATCHED,1.942890293094024e-16,0.13692097998443917,"{'requested_opencv_threads': 1, 'actual_opencv_threads': 1}"
16,0,0,0.09605725610656184,"{'errors': [], 'actual_G': 1499, 'actual_V': 0, 'actual_L': 0, 'output_rows': 2259, 'camera_packets': 3040}",2236,0.09605725610656184,1.0,2259,0,0.9898185037627268,False,0.0,G,G,/home/he/output/ltv_euroc_final_20261009T164739/w4/results/w4_accuracy_MH_02_easy_G_20261009T165008_7716979c,accuracy,0.31119439839789037,0.16988585076848475,,-1.1041659344881771,w4_accuracy_MH_02_easy_G_20261009T165008_7716979c,2236,MH,MH_02_easy,VALID_FULL_MATCHED,5.689893001203927e-16,0.1755724700832143,"{'requested_opencv_threads': 1, 'actual_opencv_threads': 1}"
0,0,49,0.18274596814288008,"{'errors': [], 'actual_G': 0, 'actual_V': 2344, 'actual_L': 0, 'output_rows': 2784, 'camera_packets': 3682}",2762,0.18274596814288008,1.0,2784,0,0.9920977011494253,False,0.0,V,V,/home/he/output/ltv_euroc_final_20261009T164739/w1/results/w1_accuracy_MH_01_easy_V_20261009T165008_e14b4749,accuracy,0.4899674930879077,0.40829881329839357,,-1.4446428120718502,w1_accuracy_MH_01_easy_V_20261009T165008_e14b4749,2762,MH,MH_01_easy,VALID_FULL_MATCHED,5.551115123125783e-16,0.23465978741190321,"{'requested_opencv_threads': 1, 'actual_opencv_threads': 1}"
16,0,0,0.18385035248110865,"{'errors': [], 'actual_G': 2351, 'actual_V': 0, 'actual_L': 0, 'output_rows': 2784, 'camera_packets': 3682}",2762,0.18385035248110865,1.0,2784,0,0.9920977011494253,False,0.0,G,G,/home/he/output/ltv_euroc_final_20261009T164739/w0/results/w0_accuracy_MH_01_easy_G_20261009T165008_6ac23cf9,accuracy,0.48568112383272555,0.4051721606729136,,-0.8490455792958485,w0_accuracy_MH_01_easy_G_20261009T165008_6ac23cf9,2762,MH,MH_01_easy,VALID_FULL_MATCHED,8.049116928532385e-16,0.2454436961671943,"{'requested_opencv_threads': 1, 'actual_opencv_threads': 1}"
0,6,0,0.18546415767585453,"{'errors': [], 'actual_G': 0, 'actual_V': 0, 'actual_L': 2344, 'output_rows': 2784, 'camera_packets': 3682}",2762,0.18546415767585453,1.0,2784,0,0.9920977011494253,False,0.0,L,L,/home/he/output/ltv_euroc_final_20261009T164739/w2/results/w2_accuracy_MH_01_easy_L_20261009T165008_da3b2d8b,accuracy,0.49160151900807675,0.41094158214902926,,0.021283594125698357,w2_accuracy_MH_01_easy_L_20261009T165008_da3b2d8b,2762,MH,MH_01_easy,VALID_FULL_MATCHED,5.273559366969494e-16,0.24233894947084955,"{'requested_opencv_threads': 1, 'actual_opencv_threads': 1}"
2,6,49,0.1827614292174906,"{'errors': [], 'actual_G': 2350, 'actual_V': 2343, 'actual_L': 2343, 'output_rows': 2784, 'camera_packets': 3682}",2762,0.1827614292174906,1.0,2784,0,0.9920977011494253,False,0.0,GVL,L_GV,/home/he/output/ltv_euroc_final_20261009T164739/w3/results/w3_accuracy_MH_01_easy_GVL_20261009T165008_4b14d0d5,accuracy,0.4901061456431575,0.40822653494577404,,-1.4363046159067805,w3_accuracy_MH_01_easy_GVL_20261009T165008_4b14d0d5,2762,MH,MH_01_easy,VALID_FULL_MATCHED,4.996003610813204e-16,0.23519139432949274,"{'requested_opencv_threads': 1, 'actual_opencv_threads': 1}"
0,6,0,0.09625560269455337,"{'errors': [], 'actual_G': 0, 'actual_V': 0, 'actual_L': 1478, 'output_rows': 2259, 'camera_packets': 3040}",2236,0.09625560269455337,1.0,2259,0,0.9898185037627268,False,0.0,L,L,/home/he/output/ltv_euroc_final_20261009T164739/w6/results/w6_accuracy_MH_02_easy_L_20261009T165008_6540e772,accuracy,0.31549304385071697,0.16463785539002052,,-0.8999580271572549,w6_accuracy_MH_02_easy_L_20261009T165008_6540e772,2236,MH,MH_02_easy,VALID_FULL_MATCHED,4.440892098500626e-16,0.16951223529173207,"{'requested_opencv_threads': 1, 'actual_opencv_threads': 1}"
2,6,49,0.08592536443616094,"{'errors': [], 'actual_G': 1499, 'actual_V': 1478, 'actual_L': 1478, 'output_rows': 2259, 'camera_packets': 3040}",2236,0.08592536443616094,1.0,2259,0,0.9898185037627268,False,0.0,GVL,L_GV,/home/he/output/ltv_euroc_final_20261009T164739/w7/results/w7_accuracy_MH_02_easy_GVL_20261009T165008_bc77a4c9,accuracy,0.2152902467097349,0.14252241675289,,-11.535464079150248,w7_accuracy_MH_02_easy_GVL_20261009T165008_bc77a4c9,2236,MH,MH_02_easy,VALID_FULL_MATCHED,2.7755575615628914e-16,0.13537557580264376,"{'requested_opencv_threads': 1, 'actual_opencv_threads': 1}"
16,0,0,0.14853734488464262,"{'errors': [], 'actual_G': 2078, 'actual_V': 0, 'actual_L': 0, 'output_rows': 2311, 'camera_packets': 2700}",2289,0.14853734488464262,1.0,2311,0,0.9904803115534401,False,0.0,G,G,/home/he/output/ltv_euroc_final_20261009T164739/w5/results/w5_accuracy_MH_03_medium_G_20261009T165144_2518d090,accuracy,0.2975179746346843,0.2539571730744925,,-0.49858865882599357,w5_accuracy_MH_03_medium_G_20261009T165144_2518d090,2289,MH,MH_03_medium,VALID_FULL_MATCHED,3.0531133177191805e-16,0.08133747026185158,"{'requested_opencv_threads': 1, 'actual_opencv_threads': 1}"
0,0,49,0.13636039586578627,"{'errors': [], 'actual_G': 0, 'actual_V': 1929, 'actual_L': 0, 'output_rows': 2311, 'camera_packets': 2700}",2289,0.13636039586578627,1.0,2311,0,0.9904803115534401,False,0.0,V,V,/home/he/output/ltv_euroc_final_20261009T164739/w4/results/w4_accuracy_MH_03_medium_V_20261009T165144_dc06c34b,accuracy,0.27609971958232826,0.24016885004672806,,-8.655618893523565,w4_accuracy_MH_03_medium_V_20261009T165144_dc06c34b,2289,MH,MH_03_medium,VALID_FULL_MATCHED,3.0531133177191805e-16,0.0725559070728224,"{'requested_opencv_threads': 1, 'actual_opencv_threads': 1}"
16,0,0,0.2762901580354305,"{'errors': [], 'actual_G': 1638, 'actual_V': 0, 'actual_L': 0, 'output_rows': 1849, 'camera_packets': 2273}",1826,0.2762901580354305,1.0,1849,0,0.9875608436992969,False,0.0,G,G,/home/he/output/ltv_euroc_final_20261009T164739/w2/results/w2_accuracy_MH_05_difficult_G_20261009T165208_18950857,accuracy,0.6077422304828434,0.5046106015107963,,0.01729654414202031,w2_accuracy_MH_05_difficult_G_20261009T165208_18950857,1826,MH,MH_05_difficult,VALID_FULL_MATCHED,4.996003610813204e-16,0.47555667529901896,"{'requested_opencv_threads': 1, 'actual_opencv_threads': 1}"
0,0,49,0.2523695711069597,"{'errors': [], 'actual_G': 0, 'actual_V': 1578, 'actual_L': 0, 'output_rows': 1849, 'camera_packets': 2273}",1826,0.2523695711069597,1.0,1849,0,0.9875608436992969,False,0.0,V,V,/home/he/output/ltv_euroc_final_20261009T164739/w3/results/w3_accuracy_MH_05_difficult_V_20261009T165208_35804f54,accuracy,0.5697529015795182,0.4537692324242941,,-8.641978376638871,w3_accuracy_MH_05_difficult_V_20261009T165208_35804f54,1826,MH,MH_05_difficult,VALID_FULL_MATCHED,4.996003610813204e-16,0.4357075588537422,"{'requested_opencv_threads': 1, 'actual_opencv_threads': 1}"
0,6,0,0.14900561827381475,"{'errors': [], 'actual_G': 0, 'actual_V': 0, 'actual_L': 1920, 'output_rows': 2311, 'camera_packets': 2700}",2289,0.14900561827381475,1.0,2311,0,0.9904803115534401,False,0.0,L,L,/home/he/output/ltv_euroc_final_20261009T164739/w1/results/w1_accuracy_MH_03_medium_L_20261009T165207_97a6c153,accuracy,0.2964722887570149,0.2537039241818238,,-0.18490415643821478,w1_accuracy_MH_03_medium_L_20261009T165207_97a6c153,2289,MH,MH_03_medium,VALID_FULL_MATCHED,5.551115123125783e-17,0.08135685051871092,"{'requested_opencv_threads': 1, 'actual_opencv_threads': 1}"
2,6,49,0.1360766546295257,"{'errors': [], 'actual_G': 2078, 'actual_V': 1929, 'actual_L': 1927, 'output_rows': 2311, 'camera_packets': 2700}",2289,0.1360766546295257,1.0,2311,0,0.9904803115534401,False,0.0,GVL,L_GV,/home/he/output/ltv_euroc_final_20261009T164739/w0/results/w0_accuracy_MH_03_medium_GVL_20261009T165207_55d90187,accuracy,0.276065952862573,0.2399786401787709,,-8.845689972857473,w0_accuracy_MH_03_medium_GVL_20261009T165207_55d90187,2289,MH,MH_03_medium,VALID_FULL_MATCHED,8.326672684688674e-17,0.07248031434477706,"{'requested_opencv_threads': 1, 'actual_opencv_threads': 1}"
1,0,0,0.06819200832411045,"{'errors': [], 'actual_G': 953, 'actual_V': 0, 'actual_L': 0, 'output_rows': 1611, 'camera_packets': 1710}",1592,0.06819200832411045,1.0,1611,0,0.9882060831781502,False,0.0,G,G,/home/he/output/ltv_euroc_final_20261009T164739/w1/results/w1_accuracy_V1_02_medium_G_20261009T165337_dcc6d82a,accuracy,0.12722332444236537,0.10798247311374407,,0.0059395315411991945,w1_accuracy_V1_02_medium_G_20261009T165337_dcc6d82a,1592,Vicon,V1_02_medium,VALID_FULL_MATCHED,8.326672684688674e-17,0.08907955652190161,"{'requested_opencv_threads': 1, 'actual_opencv_threads': 1}"
0,0,6,0.06820134177921676,"{'errors': [], 'actual_G': 0, 'actual_V': 932, 'actual_L': 0, 'output_rows': 1611, 'camera_packets': 1710}",1592,0.06820134177921676,1.0,1611,0,0.9882060831781502,False,0.0,V,V,/home/he/output/ltv_euroc_final_20261009T164739/w0/results/w0_accuracy_V1_02_medium_V_20261009T165338_e587d2e5,accuracy,0.1272933147763382,0.10800266503414686,,0.019627366375840616,w0_accuracy_V1_02_medium_V_20261009T165338_e587d2e5,1592,Vicon,V1_02_medium,VALID_FULL_MATCHED,4.163336342344337e-17,0.08912804561441126,"{'requested_opencv_threads': 1, 'actual_opencv_threads': 1}"
0,0,6,0.06424941321005388,"{'errors': [], 'actual_G': 0, 'actual_V': 2407, 'actual_L': 0, 'output_rows': 2800, 'camera_packets': 2912}",2780,0.06424941321005388,1.0,2800,0,0.9928571428571429,False,0.0,V,V,/home/he/output/ltv_euroc_final_20261009T164739/w4/results/w4_accuracy_V1_01_easy_V_20261009T165313_0b7a72b9,accuracy,0.13026182504106498,0.10406365351628463,,0.010240512320303097,w4_accuracy_V1_01_easy_V_20261009T165313_0b7a72b9,2780,Vicon,V1_01_easy,VALID_FULL_MATCHED,8.326672684688674e-17,0.07789782512959205,"{'requested_opencv_threads': 1, 'actual_opencv_threads': 1}"
1,0,0,0.06424086900111257,"{'errors': [], 'actual_G': 2426, 'actual_V': 0, 'actual_L': 0, 'output_rows': 2800, 'camera_packets': 2912}",2780,0.06424086900111257,1.0,2800,0,0.9928571428571429,False,0.0,G,G,/home/he/output/ltv_euroc_final_20261009T164739/w5/results/w5_accuracy_V1_01_easy_G_20261009T165313_cf22d876,accuracy,0.13019720743905155,0.10405562860911176,,-0.0030593506436416007,w5_accuracy_V1_01_easy_G_20261009T165313_cf22d876,2780,Vicon,V1_01_easy,VALID_FULL_MATCHED,2.7755575615628914e-17,0.07799476520065846,"{'requested_opencv_threads': 1, 'actual_opencv_threads': 1}"
0,6,0,0.06422521203874637,"{'errors': [], 'actual_G': 0, 'actual_V': 0, 'actual_L': 2406, 'output_rows': 2800, 'camera_packets': 2912}",2780,0.06422521203874637,1.0,2800,0,0.9928571428571429,False,0.0,L,L,/home/he/output/ltv_euroc_final_20261009T164739/w2/results/w2_accuracy_V1_01_easy_L_20261009T165323_8ac48b4b,accuracy,0.1301827969864891,0.10404587177337969,,-0.027430881739454183,w2_accuracy_V1_01_easy_L_20261009T165323_8ac48b4b,2780,Vicon,V1_01_easy,VALID_FULL_MATCHED,1.3877787807814457e-17,0.07791013383317003,"{'requested_opencv_threads': 1, 'actual_opencv_threads': 1}"
1,1,1,0.0642376756396044,"{'errors': [], 'actual_G': 2426, 'actual_V': 2407, 'actual_L': 2406, 'output_rows': 2800, 'camera_packets': 2912}",2780,0.0642376756396044,1.0,2800,0,0.9928571428571429,False,0.0,GVL,L_GV,/home/he/output/ltv_euroc_final_20261009T164739/w3/results/w3_accuracy_V1_01_easy_GVL_20261009T165323_413958ef,accuracy,0.13020168961783204,0.10405351655705568,,-0.008030117480539722,w3_accuracy_V1_01_easy_GVL_20261009T165323_413958ef,2780,Vicon,V1_01_easy,VALID_FULL_MATCHED,6.938893903907228e-17,0.07795939160307172,"{'requested_opencv_threads': 1, 'actual_opencv_threads': 1}"
0,6,0,0.2763707263331078,"{'errors': [], 'actual_G': 0, 'actual_V': 0, 'actual_L': 1575, 'output_rows': 1849, 'camera_packets': 2273}",1826,0.2763707263331078,1.0,1849,0,0.9875608436992969,False,0.0,L,L,/home/he/output/ltv_euroc_final_20261009T164739/w6/results/w6_accuracy_MH_05_difficult_L_20261009T165246_1d6306f8,accuracy,0.6070972875750195,0.503004388684098,,0.04646234352532197,w6_accuracy_MH_05_difficult_L_20261009T165246_1d6306f8,1826,MH,MH_05_difficult,VALID_FULL_MATCHED,7.216449660063518e-16,0.47449074505816385,"{'requested_opencv_threads': 1, 'actual_opencv_threads': 1}"
2,6,49,0.25277723644917643,"{'errors': [], 'actual_G': 1638, 'actual_V': 1578, 'actual_L': 1578, 'output_rows': 1849, 'camera_packets': 2273}",1826,0.25277723644917643,1.0,1849,0,0.9875608436992969,False,0.0,GVL,L_GV,/home/he/output/ltv_euroc_final_20261009T164739/w7/results/w7_accuracy_MH_05_difficult_GVL_20261009T165246_788e7208,accuracy,0.5692365296240719,0.45295991690373966,,-8.494403140107886,w7_accuracy_MH_05_difficult_GVL_20261009T165246_788e7208,1826,MH,MH_05_difficult,VALID_FULL_MATCHED,4.996003610813204e-16,0.4351235374438605,"{'requested_opencv_threads': 1, 'actual_opencv_threads': 1}"
0,6,0,0.06818343361684381,"{'errors': [], 'actual_G': 0, 'actual_V': 0, 'actual_L': 930, 'output_rows': 1611, 'camera_packets': 1710}",1592,0.06818343361684381,1.0,1611,0,0.9882060831781502,False,0.0,L,L,/home/he/output/ltv_euroc_final_20261009T164739/w1/results/w1_accuracy_V1_02_medium_L_20261009T165420_d0d4d785,accuracy,0.12720208424346974,0.10797192908630171,,-0.006635573335178613,w1_accuracy_V1_02_medium_L_20261009T165420_d0d4d785,1592,Vicon,V1_02_medium,VALID_FULL_MATCHED,9.71445146547012e-17,0.08906657063678684,"{'requested_opencv_threads': 1, 'actual_opencv_threads': 1}"
1,1,1,0.06819284500892467,"{'errors': [], 'actual_G': 953, 'actual_V': 932, 'actual_L': 930, 'output_rows': 1611, 'camera_packets': 1710}",1592,0.06819284500892467,1.0,1611,0,0.9882060831781502,False,0.0,GVL,L_GV,/home/he/output/ltv_euroc_final_20261009T164739/w0/results/w0_accuracy_V1_02_medium_GVL_20261009T165421_5c2c060f,accuracy,0.1272305733598756,0.10799151864399867,,0.007166558769089448,w0_accuracy_V1_02_medium_GVL_20261009T165421_5c2c060f,1592,Vicon,V1_02_medium,VALID_FULL_MATCHED,1.249000902703301e-16,0.08908559806812953,"{'requested_opencv_threads': 1, 'actual_opencv_threads': 1}"
1,0,0,0.04189159596219991,"{'errors': [], 'actual_G': 956, 'actual_V': 0, 'actual_L': 0, 'output_rows': 2005, 'camera_packets': 2149}",1986,0.04189159596219991,1.0,2005,0,0.9905236907730673,False,0.0,G,G,/home/he/output/ltv_euroc_final_20261009T164739/w4/results/w4_accuracy_V1_03_difficult_G_20261009T165436_812b9607,accuracy,0.08950166439875314,0.07279745353869546,,0.0024512727904157927,w4_accuracy_V1_03_difficult_G_20261009T165436_812b9607,1986,Vicon,V1_03_difficult,VALID_FULL_MATCHED,1.3877787807814457e-17,0.04633170751550881,"{'requested_opencv_threads': 1, 'actual_opencv_threads': 1}"
0,0,6,0.04188977399717563,"{'errors': [], 'actual_G': 0, 'actual_V': 931, 'actual_L': 0, 'output_rows': 2005, 'camera_packets': 2149}",1986,0.04188977399717563,1.0,2005,0,0.9905236907730673,False,0.0,V,V,/home/he/output/ltv_euroc_final_20261009T164739/w5/results/w5_accuracy_V1_03_difficult_V_20261009T165436_4350c129,accuracy,0.08954541838851743,0.07284574506025374,,-0.0018980713769711777,w5_accuracy_V1_03_difficult_V_20261009T165436_4350c129,1986,Vicon,V1_03_difficult,VALID_FULL_MATCHED,5.551115123125783e-17,0.046316200749907846,"{'requested_opencv_threads': 1, 'actual_opencv_threads': 1}"
0,6,0,0.04189030725839962,"{'errors': [], 'actual_G': 0, 'actual_V': 0, 'actual_L': 927, 'output_rows': 2005, 'camera_packets': 2149}",1986,0.04189030725839962,1.0,2005,0,0.9905236907730673,False,0.0,L,L,/home/he/output/ltv_euroc_final_20261009T164739/w2/results/w2_accuracy_V1_03_difficult_L_20261009T165447_00172638,accuracy,0.08953070243863583,0.07282614350315966,,-0.000625085033456596,w2_accuracy_V1_03_difficult_L_20261009T165447_00172638,1986,Vicon,V1_03_difficult,VALID_FULL_MATCHED,2.0816681711721685e-17,0.04633339386694686,"{'requested_opencv_threads': 1, 'actual_opencv_threads': 1}"
1,1,1,0.04189120911704798,"{'errors': [], 'actual_G': 956, 'actual_V': 931, 'actual_L': 927, 'output_rows': 2005, 'camera_packets': 2149}",1986,0.04189120911704798,1.0,2005,0,0.9905236907730673,False,0.0,GVL,L_GV,/home/he/output/ltv_euroc_final_20261009T164739/w3/results/w3_accuracy_V1_03_difficult_GVL_20261009T165447_718d9910,accuracy,0.08951938681088442,0.07281530770905215,,0.001527806816703503,w3_accuracy_V1_03_difficult_GVL_20261009T165447_718d9910,1986,Vicon,V1_03_difficult,VALID_FULL_MATCHED,6.938893903907228e-18,0.04632369489900498,"{'requested_opencv_threads': 1, 'actual_opencv_threads': 1}"
0,6,0,0.17458080116982042,"{'errors': [], 'actual_G': 0, 'actual_V': 0, 'actual_L': 1560, 'output_rows': 2181, 'camera_packets': 2280}",2166,0.17458080116982042,1.0,2181,0,0.9931224209078404,False,0.0,L,L,/home/he/output/ltv_euroc_final_20261009T164739/w1/results/w1_accuracy_V2_01_easy_L_20261009T165503_5e2acfb1,accuracy,0.7914040082607385,0.29427371022916293,,8.30722383771132e-05,w1_accuracy_V2_01_easy_L_20261009T165503_5e2acfb1,2166,Vicon,V2_01_easy,VALID_FULL_MATCHED,8.049116928532385e-16,0.22235205584882636,"{'requested_opencv_threads': 1, 'actual_opencv_threads': 1}"
1,1,1,0.17455883505232142,"{'errors': [], 'actual_G': 1574, 'actual_V': 1563, 'actual_L': 1560, 'output_rows': 2181, 'camera_packets': 2280}",2166,0.17455883505232142,1.0,2181,0,0.9931224209078404,False,0.0,GVL,L_GV,/home/he/output/ltv_euroc_final_20261009T164739/w0/results/w0_accuracy_V2_01_easy_GVL_20261009T165505_09e60595,accuracy,0.7912299653261405,0.2941620346121532,,-0.012499145049871263,w0_accuracy_V2_01_easy_GVL_20261009T165505_09e60595,2166,Vicon,V2_01_easy,VALID_FULL_MATCHED,1.3877787807814457e-16,0.22232556559993377,"{'requested_opencv_threads': 1, 'actual_opencv_threads': 1}"
1,0,0,0.05197842468428713,"{'errors': [], 'actual_G': 1606, 'actual_V': 0, 'actual_L': 0, 'output_rows': 2266, 'camera_packets': 2348}",2252,0.05197842468428713,1.0,2266,0,0.9938217122683142,False,0.0,G,G,/home/he/output/ltv_euroc_final_20261009T164739/w4/results/w4_accuracy_V2_02_medium_G_20261009T165526_dbaf9218,accuracy,0.12990882075081558,0.10773352262614654,,0.006185859832608109,w4_accuracy_V2_02_medium_G_20261009T165526_dbaf9218,2252,Vicon,V2_02_medium,VALID_FULL_MATCHED,4.2327252813834093e-16,0.10309602096225452,"{'requested_opencv_threads': 1, 'actual_opencv_threads': 1}"
0,0,6,0.051967031691897196,"{'errors': [], 'actual_G': 0, 'actual_V': 1571, 'actual_L': 0, 'output_rows': 2266, 'camera_packets': 2348}",2252,0.051967031691897196,1.0,2266,0,0.9938217122683142,False,0.0,V,V,/home/he/output/ltv_euroc_final_20261009T164739/w5/results/w5_accuracy_V2_02_medium_V_20261009T165526_1cd5d80a,accuracy,0.12989890578841476,0.10774041413360295,,-0.01573419106096763,w5_accuracy_V2_02_medium_V_20261009T165526_1cd5d80a,2252,Vicon,V2_02_medium,VALID_FULL_MATCHED,8.326672684688674e-17,0.10306723801238966,"{'requested_opencv_threads': 1, 'actual_opencv_threads': 1}"
1,0,0,0.17456600539044054,"{'errors': [], 'actual_G': 1574, 'actual_V': 0, 'actual_L': 0, 'output_rows': 2181, 'camera_packets': 2280}",2166,0.17456600539044054,1.0,2181,0,0.9931224209078404,False,0.0,G,G,/home/he/output/ltv_euroc_final_20261009T164739/w6/results/w6_accuracy_V2_01_easy_G_20261009T165448_6c6edd96,accuracy,0.7912606606695359,0.29417963765253863,,-0.008391967154230962,w6_accuracy_V2_01_easy_G_20261009T165448_6c6edd96,2166,Vicon,V2_01_easy,VALID_FULL_MATCHED,4.163336342344337e-16,0.22233622199907882,"{'requested_opencv_threads': 1, 'actual_opencv_threads': 1}"
0,0,6,0.17454177367007934,"{'errors': [], 'actual_G': 0, 'actual_V': 1563, 'actual_L': 0, 'output_rows': 2181, 'camera_packets': 2280}",2166,0.17454177367007934,1.0,2181,0,0.9931224209078404,False,0.0,V,V,/home/he/output/ltv_euroc_final_20261009T164739/w7/results/w7_accuracy_V2_01_easy_V_20261009T165449_cf217620,accuracy,0.7912998069777791,0.29411810127680194,,-0.022271924359529294,w7_accuracy_V2_01_easy_V_20261009T165449_cf217620,2166,Vicon,V2_01_easy,VALID_FULL_MATCHED,2.7755575615628914e-17,0.22229541496215868,"{'requested_opencv_threads': 1, 'actual_opencv_threads': 1}"
0,6,0,0.051972224248304395,"{'errors': [], 'actual_G': 0, 'actual_V': 0, 'actual_L': 1570, 'output_rows': 2266, 'camera_packets': 2348}",2252,0.051972224248304395,1.0,2266,0,0.9938217122683142,False,0.0,L,L,/home/he/output/ltv_euroc_final_20261009T164739/w2/results/w2_accuracy_V2_02_medium_L_20261009T165538_cadb3da7,accuracy,0.12989073658726194,0.10773963671824799,,-0.005743742825947695,w2_accuracy_V2_02_medium_L_20261009T165538_cadb3da7,2252,Vicon,V2_02_medium,VALID_FULL_MATCHED,1.1449174941446927e-15,0.1031018287165869,"{'requested_opencv_threads': 1, 'actual_opencv_threads': 1}"
1,1,1,0.051976394071254046,"{'errors': [], 'actual_G': 1606, 'actual_V': 1571, 'actual_L': 1570, 'output_rows': 2266, 'camera_packets': 2348}",2252,0.051976394071254046,1.0,2266,0,0.9938217122683142,False,0.0,GVL,L_GV,/home/he/output/ltv_euroc_final_20261009T164739/w3/results/w3_accuracy_V2_02_medium_GVL_20261009T165538_b1a5e3b9,accuracy,0.12990312609344606,0.10773830123740968,,0.0022789722031957282,w3_accuracy_V2_02_medium_GVL_20261009T165538_b1a5e3b9,2252,Vicon,V2_02_medium,VALID_FULL_MATCHED,3.0531133177191805e-16,0.10309415946343954,"{'requested_opencv_threads': 1, 'actual_opencv_threads': 1}"
1,0,0,0.2072451406965429,"{'errors': [], 'actual_G': 706, 'actual_V': 0, 'actual_L': 0, 'output_rows': 1806, 'camera_packets': 1921}",1799,0.2072451406965429,1.0,1806,0,0.9961240310077519,False,0.0,G,G,/home/he/output/ltv_euroc_final_20261009T164739/w1/results/w1_accuracy_V2_03_difficult_G_20261009T165607_1dfa0197,accuracy,0.4328232093915351,0.38820461897091907,,-0.0879702515244829,w1_accuracy_V2_03_difficult_G_20261009T165607_1dfa0197,1799,Vicon,V2_03_difficult,VALID_FULL_MATCHED,1.1657341758564144e-15,0.20275093705088937,"{'requested_opencv_threads': 1, 'actual_opencv_threads': 1}"
0,0,6,0.20722800210004078,"{'errors': [], 'actual_G': 0, 'actual_V': 637, 'actual_L': 0, 'output_rows': 1806, 'camera_packets': 1921}",1799,0.20722800210004078,1.0,1806,0,0.9961240310077519,False,0.0,V,V,/home/he/output/ltv_euroc_final_20261009T164739/w0/results/w0_accuracy_V2_03_difficult_V_20261009T165609_f233ce40,accuracy,0.43270511956358554,0.3881130497871151,,-0.0962326983920514,w0_accuracy_V2_03_difficult_V_20261009T165609_f233ce40,1799,Vicon,V2_03_difficult,VALID_FULL_MATCHED,2.1371793224034263e-15,0.20269175688309207,"{'requested_opencv_threads': 1, 'actual_opencv_threads': 1}"
0,6,0,0.2072559062305672,"{'errors': [], 'actual_G': 0, 'actual_V': 0, 'actual_L': 627, 'output_rows': 1806, 'camera_packets': 1921}",1799,0.2072559062305672,1.0,1806,0,0.9961240310077519,False,0.0,L,L,/home/he/output/ltv_euroc_final_20261009T164739/w4/results/w4_accuracy_V2_03_difficult_L_20261009T165626_443354df,accuracy,0.43287977570369124,0.38826160125118747,,-0.08278023185946948,w4_accuracy_V2_03_difficult_L_20261009T165626_443354df,1799,Vicon,V2_03_difficult,VALID_FULL_MATCHED,3.3306690738754696e-16,0.20279543112406198,"{'requested_opencv_threads': 1, 'actual_opencv_threads': 1}"
1,1,1,0.20724787689338178,"{'errors': [], 'actual_G': 706, 'actual_V': 637, 'actual_L': 627, 'output_rows': 1806, 'camera_packets': 1921}",1799,0.20724787689338178,1.0,1806,0,0.9961240310077519,False,0.0,GVL,L_GV,/home/he/output/ltv_euroc_final_20261009T164739/w5/results/w5_accuracy_V2_03_difficult_GVL_20261009T165627_9b95fe43,accuracy,0.4328088043389413,0.38819681158795805,,-0.08665114228483262,w5_accuracy_V2_03_difficult_GVL_20261009T165627_9b95fe43,1799,Vicon,V2_03_difficult,VALID_FULL_MATCHED,8.326672684688674e-16,0.20275737847052863,"{'requested_opencv_threads': 1, 'actual_opencv_threads': 1}"
