alpha_gravity,alpha_velocity,ate_rmse_m,audit,baseline_support,conditional_ate_rmse_m,coverage,estimated_rows,exit_code,gt_coverage,historical_reuse,initialization_delta_s,mode,off_ate,output_dir,phase,position_error_max_m,position_error_p95_m,reason,relative_off_percent,relative_v16_percent,run_id,samples,sequence,status,svd_horn_difference_m,tail_position_rmse_m,threading,v16_ate
0,25,0.1829778986247382,"{'errors': [], 'actual_G': 0, 'actual_V': 2344, 'actual_L': 0, 'output_rows': 2784, 'camera_packets': 3682}",2762,0.1829778986247382,1.0,2784,0,0.9920977011494253,False,0.0,V,0.18542469263686487,/home/he/output/ltv_v25_20261009T151451/w0/results/w0_full_MH_01_easy_V_G0_V25_20261009T151659_2eee9d2e,full,0.48658105887266,0.4062148598528771,,-1.3195621237557909,0.4582222624017307,w0_full_MH_01_easy_V_G0_V25_20261009T151659_2eee9d2e,2762,MH_01_easy,VALID_FULL_MATCHED,4.440892098500626e-16,0.238375861759873,"{'requested_opencv_threads': 1, 'actual_opencv_threads': 1}",0.18214327757741033
0,25,0.09079262168095396,"{'errors': [], 'actual_G': 0, 'actual_V': 1478, 'actual_L': 0, 'output_rows': 2259, 'camera_packets': 3040}",2236,0.09079262168095396,1.0,2259,0,0.9898185037627268,False,0.0,V,0.0971297294918716,/home/he/output/ltv_v25_20261009T151451/w1/results/w1_full_MH_02_easy_V_G0_V25_20261009T151659_7f475690,full,0.2598937105601959,0.15178800262513675,,-6.524375023043749,-2.09684230800653,w1_full_MH_02_easy_V_G0_V25_20261009T151659_7f475690,2236,MH_02_easy,VALID_FULL_MATCHED,3.469446951953614e-16,0.1509269765944309,"{'requested_opencv_threads': 1, 'actual_opencv_threads': 1}",0.09273717398022086
0,25,0.14077188137725294,"{'errors': [], 'actual_G': 0, 'actual_V': 1929, 'actual_L': 0, 'output_rows': 2311, 'camera_packets': 2700}",2289,0.14077188137725294,1.0,2311,0,0.9904803115534401,False,0.0,V,0.14928164624251655,/home/he/output/ltv_v25_20261009T151451/w2/results/w2_full_MH_03_medium_V_G0_V25_20261009T151659_a933793a,full,0.28341169648590764,0.24448664437166945,,-5.700476300642487,-1.179340352571745,w2_full_MH_03_medium_V_G0_V25_20261009T151659_a933793a,2289,MH_03_medium,VALID_FULL_MATCHED,2.7755575615628914e-16,0.0763368692165114,"{'requested_opencv_threads': 1, 'actual_opencv_threads': 1}",0.14245187380806604
0,25,0.2646569666921767,"{'errors': [], 'actual_G': 0, 'actual_V': 1576, 'actual_L': 0, 'output_rows': 1849, 'camera_packets': 2273}",1826,0.2646569666921767,1.0,1849,0,0.9875608436992969,False,0.0,V,0.2762423776506412,/home/he/output/ltv_v25_20261009T151451/w2/results/w2_representative_MH_05_difficult_V_G0_V25_20261009T151549_e62230f6,representative,0.593852580180733,0.4797447127376902,,-4.193929641423932,-1.1101416009296705,w2_representative_MH_05_difficult_V_G0_V25_20261009T151549_e62230f6,1826,MH_05_difficult,VALID_FULL_MATCHED,3.885780586188048e-16,0.4563687445253381,"{'requested_opencv_threads': 1, 'actual_opencv_threads': 1}",0.2676280166406475
0,25,0.0642815920677514,"{'errors': [], 'actual_G': 0, 'actual_V': 2407, 'actual_L': 0, 'output_rows': 2800, 'camera_packets': 2912}",2780,0.0642815920677514,1.0,2800,0,0.9928571428571429,False,0.0,V,0.06424283441468073,/home/he/output/ltv_v25_20261009T151451/w3/results/w3_full_V1_01_easy_V_G0_V25_20261009T151659_2d03315c,full,0.13044530250060732,0.10418187752482885,,0.06032992383320224,0.03193606019600281,w3_full_V1_01_easy_V_G0_V25_20261009T151659_2d03315c,2780,V1_01_easy,VALID_FULL_MATCHED,4.163336342344337e-17,0.07761987891867629,"{'requested_opencv_threads': 1, 'actual_opencv_threads': 1}",0.06426106961387691
0,25,0.06824551159919352,"{'errors': [], 'actual_G': 0, 'actual_V': 932, 'actual_L': 0, 'output_rows': 1611, 'camera_packets': 1710}",1592,0.06824551159919352,1.0,1611,0,0.9882060831781502,False,0.0,V,0.06818795827882117,/home/he/output/ltv_v25_20261009T151451/w4/results/w4_full_V1_02_medium_V_G0_V25_20261009T151659_50bf48b9,full,0.12753202993146281,0.10810266685740731,,0.08440393557029857,0.03101854902016754,w4_full_V1_02_medium_V_G0_V25_20261009T151659_50bf48b9,1592,V1_02_medium,VALID_FULL_MATCHED,1.1102230246251565e-16,0.08929374843117105,"{'requested_opencv_threads': 1, 'actual_opencv_threads': 1}",0.06822434939593246
0,25,0.04188819077960917,"{'errors': [], 'actual_G': 0, 'actual_V': 931, 'actual_L': 0, 'output_rows': 2005, 'camera_packets': 2149}",1986,0.04188819077960917,1.0,2005,0,0.9905236907730673,False,0.0,V,0.04189056911007756,/home/he/output/ltv_v25_20261009T151451/w5/results/w5_full_V1_03_difficult_V_G0_V25_20261009T151659_093995a4,full,0.08972074076150635,0.072977778616047,,-0.005677484261779053,-0.0011330645362073177,w5_full_V1_03_difficult_V_G0_V25_20261009T151659_093995a4,1986,V1_03_difficult,VALID_FULL_MATCHED,9.020562075079397e-17,0.046230028842904815,"{'requested_opencv_threads': 1, 'actual_opencv_threads': 1}",0.04188866540522156
0,25,0.17441608392093869,"{'errors': [], 'actual_G': 0, 'actual_V': 1563, 'actual_L': 0, 'output_rows': 2181, 'camera_packets': 2280}",2166,0.17441608392093869,1.0,2181,0,0.9931224209078404,False,0.0,V,0.1745806561417616,/home/he/output/ltv_v25_20261009T151451/w6/results/w6_full_V2_01_easy_V_G0_V25_20261009T151659_bb57f96a,full,0.7908550357517261,0.29370602088815584,,-0.0942671567743969,-0.0338487599469417,w6_full_V2_01_easy_V_G0_V25_20261009T151659_bb57f96a,2166,V2_01_easy,VALID_FULL_MATCHED,5.273559366969494e-16,0.22211157204516263,"{'requested_opencv_threads': 1, 'actual_opencv_threads': 1}",0.17447514159278352
0,25,0.051975575492381465,"{'errors': [], 'actual_G': 0, 'actual_V': 1571, 'actual_L': 0, 'output_rows': 2266, 'camera_packets': 2348}",2252,0.051975575492381465,1.0,2266,0,0.9938217122683142,False,0.0,V,0.05197520957067538,/home/he/output/ltv_v25_20261009T151451/w0/results/w0_representative_V2_02_medium_V_G0_V25_20261009T151549_0ab649d5,representative,0.13007058038232186,0.10794742591816427,,0.000704031227782842,-0.02298938850808785,w0_representative_V2_02_medium_V_G0_V25_20261009T151549_0ab649d5,2252,V2_02_medium,VALID_FULL_MATCHED,1.5959455978986625e-16,0.10312555060890632,"{'requested_opencv_threads': 1, 'actual_opencv_threads': 1}",0.05198752710696383
0,25,0.20720765536726113,"{'errors': [], 'actual_G': 0, 'actual_V': 637, 'actual_L': 0, 'output_rows': 1806, 'camera_packets': 1921}",1799,0.20720765536726113,1.0,1806,0,0.9961240310077519,False,0.0,V,0.20742761529144602,/home/he/output/ltv_v25_20261009T151451/w1/results/w1_representative_V2_03_difficult_V_G0_V25_20261009T151549_212e1685,representative,0.43228021473522754,0.38778776910298446,,-0.10604177456112751,-0.005878486619359524,w1_representative_V2_03_difficult_V_G0_V25_20261009T151549_212e1685,1799,V2_03_difficult,VALID_FULL_MATCHED,6.106226635438361e-16,0.20254547905912892,"{'requested_opencv_threads': 1, 'actual_opencv_threads': 1}",0.20721983675763758
